-- phpMyAdmin SQL Dump
-- version 5.2.1
-- https://www.phpmyadmin.net/
--
-- Host: 172.19.239.249
-- Generation Time: Jul 07, 2024 at 11:29 PM
-- Server version: 8.0.37-0ubuntu0.22.04.3
-- PHP Version: 8.2.12

SET SQL_MODE = "NO_AUTO_VALUE_ON_ZERO";
START TRANSACTION;
SET time_zone = "+00:00";


/*!40101 SET @OLD_CHARACTER_SET_CLIENT=@@CHARACTER_SET_CLIENT */;
/*!40101 SET @OLD_CHARACTER_SET_RESULTS=@@CHARACTER_SET_RESULTS */;
/*!40101 SET @OLD_COLLATION_CONNECTION=@@COLLATION_CONNECTION */;
/*!40101 SET NAMES utf8mb4 */;

--
-- Database: `HogwartzAccounting`
--
CREATE DATABASE IF NOT EXISTS `HogwartzAccounting` DEFAULT CHARACTER SET utf8mb4 COLLATE utf8mb4_0900_ai_ci;
USE `HogwartzAccounting`;

-- --------------------------------------------------------

--
-- Table structure for table `BANK_TRANSFER`
--

CREATE TABLE `BANK_TRANSFER` (
  `transfer_id` int NOT NULL,
  `person_id` int DEFAULT NULL,
  `amount` decimal(10,2) DEFAULT NULL,
  `transfer_date` date DEFAULT NULL,
  `description` varchar(255) DEFAULT NULL,
  `outgoing` tinyint(1) DEFAULT NULL
) ENGINE=InnoDB DEFAULT CHARSET=utf8mb4 COLLATE=utf8mb4_0900_ai_ci;

--
-- Dumping data for table `BANK_TRANSFER`
--

INSERT INTO `BANK_TRANSFER` (`transfer_id`, `person_id`, `amount`, `transfer_date`, `description`, `outgoing`) VALUES
(1, 273, 650.38, '2021-01-24', 'feugiat et eros vestibulum ac est lacinia nisi venenatis tristique fusce congue diam id', 0),
(2, 22, 714.55, '2023-08-02', 'nisi venenatis tristique fusce congue diam id ornare imperdiet sapien urna pretium nisl ut volutpat', 0),
(3, 178, 110.47, '2015-02-24', 'accumsan odio curabitur convallis duis consequat dui nec nisi volutpat eleifend donec ut dolor morbi', 1),
(4, 240, 633.93, '2022-11-29', 'cras non velit nec nisi vulputate nonummy maecenas tincidunt lacus at velit vivamus', 0),
(5, 362, 470.85, '2019-01-29', 'eu massa donec dapibus duis at velit eu est congue elementum', 0),
(6, 16, 295.49, '2018-10-23', 'pellentesque ultrices phasellus id sapien in sapien iaculis congue vivamus metus arcu adipiscing', 1),
(7, 173, 458.70, '2020-08-28', 'faucibus cursus urna ut tellus nulla ut erat id mauris vulputate elementum nullam', 1),
(8, 177, 280.94, '2017-11-25', 'ut massa quis augue luctus tincidunt nulla mollis molestie lorem quisque ut erat curabitur gravida nisi', 1),
(9, 324, 924.39, '2016-02-26', 'habitasse platea dictumst etiam faucibus cursus urna ut tellus nulla ut erat id mauris', 0),
(10, 234, 967.63, '2021-05-02', 'leo pellentesque ultrices mattis odio donec vitae nisi nam ultrices libero non mattis pulvinar nulla pede ullamcorper augue a suscipit', 0),
(11, 156, 946.43, '2018-05-27', 'semper rutrum nulla nunc purus phasellus in felis donec semper', 0),
(12, 212, 748.24, '2019-07-02', 'pellentesque viverra pede ac diam cras pellentesque volutpat dui maecenas tristique est et tempus semper est quam', 0),
(13, 319, 81.74, '2016-04-19', 'est et tempus semper est quam pharetra magna ac consequat metus sapien ut nunc vestibulum', 1),
(14, 263, 220.38, '2023-08-25', 'fermentum justo nec condimentum neque sapien placerat ante nulla justo aliquam quis turpis eget', 0),
(15, 292, 130.09, '2021-05-30', 'sit amet diam in magna bibendum imperdiet nullam orci pede venenatis non sodales sed tincidunt eu felis', 1),
(16, 320, 995.36, '2018-11-24', 'semper sapien a libero nam dui proin leo odio porttitor id consequat in consequat', 0),
(17, 148, 469.40, '2019-06-10', 'nibh ligula nec sem duis aliquam convallis nunc proin at', 0),
(18, 221, 139.11, '2017-07-20', 'cras in purus eu magna vulputate luctus cum sociis natoque penatibus', 1),
(19, 234, 167.80, '2016-12-01', 'non ligula pellentesque ultrices phasellus id sapien in sapien iaculis congue vivamus metus', 0),
(20, 396, 912.26, '2019-02-17', 'eu magna vulputate luctus cum sociis natoque penatibus et magnis dis parturient montes nascetur ridiculus mus vivamus vestibulum sagittis', 1),
(21, 41, 940.04, '2015-05-02', 'sapien urna pretium nisl ut volutpat sapien arcu sed augue aliquam erat volutpat in congue etiam justo etiam pretium', 0),
(22, 280, 709.04, '2022-11-16', 'fermentum justo nec condimentum neque sapien placerat ante nulla justo aliquam quis turpis', 1),
(23, 35, 647.18, '2020-01-14', 'consectetuer adipiscing elit proin risus praesent lectus vestibulum quam sapien varius ut blandit non interdum', 1),
(24, 222, 288.13, '2024-01-05', 'cum sociis natoque penatibus et magnis dis parturient montes nascetur', 0),
(25, 357, 137.97, '2015-08-06', 'nulla ultrices aliquet maecenas leo odio condimentum id luctus nec molestie sed justo pellentesque', 0),
(26, 55, 331.94, '2018-11-01', 'vel nulla eget eros elementum pellentesque quisque porta volutpat erat quisque erat eros viverra eget congue eget semper rutrum', 0),
(27, 214, 394.98, '2017-08-19', 'bibendum felis sed interdum venenatis turpis enim blandit mi in porttitor pede', 1),
(28, 380, 182.93, '2020-06-07', 'turpis adipiscing lorem vitae mattis nibh ligula nec sem duis aliquam convallis nunc proin at turpis a', 1),
(29, 234, 224.58, '2018-10-30', 'sit amet diam in magna bibendum imperdiet nullam orci pede venenatis', 0),
(30, 12, 851.50, '2021-11-23', 'pellentesque at nulla suspendisse potenti cras in purus eu magna vulputate luctus cum sociis natoque penatibus et', 0),
(31, 261, 684.12, '2021-03-18', 'et ultrices posuere cubilia curae donec pharetra magna vestibulum aliquet', 0),
(32, 212, 153.40, '2016-07-01', 'velit nec nisi vulputate nonummy maecenas tincidunt lacus at velit vivamus vel nulla eget eros elementum pellentesque quisque porta', 1),
(33, 394, 760.85, '2015-11-16', 'orci mauris lacinia sapien quis libero nullam sit amet turpis elementum ligula vehicula consequat morbi a ipsum', 0),
(34, 154, 142.86, '2023-12-27', 'iaculis congue vivamus metus arcu adipiscing molestie hendrerit at vulputate vitae nisl aenean lectus pellentesque eget nunc', 1),
(35, 323, 838.17, '2022-11-23', 'elementum pellentesque quisque porta volutpat erat quisque erat eros viverra eget congue eget semper rutrum nulla nunc', 0),
(36, 340, 177.50, '2015-01-09', 'laoreet ut rhoncus aliquet pulvinar sed nisl nunc rhoncus dui vel sem sed sagittis nam', 1),
(37, 247, 195.76, '2021-12-06', 'interdum venenatis turpis enim blandit mi in porttitor pede justo eu massa donec dapibus duis at velit eu est congue', 1),
(38, 10, 431.71, '2020-07-06', 'augue aliquam erat volutpat in congue etiam justo etiam pretium', 1),
(39, 20, 88.42, '2023-06-30', 'nisl nunc nisl duis bibendum felis sed interdum venenatis turpis enim blandit mi in porttitor', 1),
(40, 106, 821.62, '2018-01-08', 'et ultrices posuere cubilia curae duis faucibus accumsan odio curabitur', 0),
(41, 178, 613.79, '2017-11-18', 'quam pharetra magna ac consequat metus sapien ut nunc vestibulum ante', 0),
(42, 2, 700.70, '2017-05-06', 'posuere cubilia curae mauris viverra diam vitae quam suspendisse potenti nullam porttitor lacus at turpis donec posuere metus vitae', 1),
(43, 289, 731.53, '2020-01-23', 'erat tortor sollicitudin mi sit amet lobortis sapien sapien non mi integer ac neque', 0),
(44, 369, 630.43, '2021-02-04', 'etiam vel augue vestibulum rutrum rutrum neque aenean auctor gravida', 0),
(45, 268, 291.09, '2021-10-24', 'a pede posuere nonummy integer non velit donec diam neque vestibulum eget vulputate ut ultrices vel augue vestibulum ante', 0),
(46, 291, 311.41, '2021-05-18', 'magna bibendum imperdiet nullam orci pede venenatis non sodales sed tincidunt eu', 1),
(47, 226, 362.86, '2021-10-28', 'eu felis fusce posuere felis sed lacus morbi sem mauris laoreet ut rhoncus aliquet pulvinar', 1),
(48, 352, 969.99, '2015-08-16', 'posuere metus vitae ipsum aliquam non mauris morbi non lectus aliquam', 0),
(49, 119, 820.76, '2019-01-25', 'at vulputate vitae nisl aenean lectus pellentesque eget nunc donec quis orci eget', 0),
(50, 162, 450.73, '2020-02-29', 'mattis odio donec vitae nisi nam ultrices libero non mattis pulvinar nulla pede ullamcorper augue a suscipit nulla elit', 1),
(51, 335, 293.91, '2019-01-29', 'justo nec condimentum neque sapien placerat ante nulla justo aliquam quis turpis eget elit sodales scelerisque mauris sit', 1),
(52, 10, 154.54, '2017-08-30', 'fusce consequat nulla nisl nunc nisl duis bibendum felis sed interdum venenatis turpis enim blandit mi in porttitor pede justo', 1),
(53, 324, 847.21, '2017-09-29', 'vehicula condimentum curabitur in libero ut massa volutpat convallis morbi odio odio elementum eu interdum eu tincidunt in leo maecenas', 1),
(54, 286, 408.47, '2024-06-06', 'aliquet ultrices erat tortor sollicitudin mi sit amet lobortis sapien sapien non mi integer ac', 0),
(55, 312, 980.01, '2020-09-29', 'mattis egestas metus aenean fermentum donec ut mauris eget massa tempor convallis nulla neque', 0),
(56, 43, 581.44, '2023-04-25', 'ac leo pellentesque ultrices mattis odio donec vitae nisi nam', 0),
(57, 318, 343.12, '2018-08-28', 'vulputate vitae nisl aenean lectus pellentesque eget nunc donec quis orci eget orci', 0),
(58, 270, 458.26, '2022-01-14', 'metus sapien ut nunc vestibulum ante ipsum primis in faucibus orci', 0),
(59, 323, 828.54, '2021-07-26', 'nam dui proin leo odio porttitor id consequat in consequat', 0),
(60, 246, 142.45, '2015-05-28', 'pulvinar sed nisl nunc rhoncus dui vel sem sed sagittis nam congue risus semper porta volutpat quam', 1),
(61, 396, 742.45, '2019-07-22', 'condimentum curabitur in libero ut massa volutpat convallis morbi odio', 1),
(62, 214, 78.11, '2018-12-17', 'varius nulla facilisi cras non velit nec nisi vulputate nonummy maecenas tincidunt lacus at', 1),
(63, 337, 407.15, '2017-05-10', 'vel augue vestibulum rutrum rutrum neque aenean auctor gravida sem praesent id massa id nisl venenatis lacinia aenean', 1),
(64, 260, 223.06, '2019-11-15', 'primis in faucibus orci luctus et ultrices posuere cubilia curae', 0),
(65, 344, 687.07, '2017-07-26', 'vel nisl duis ac nibh fusce lacus purus aliquet at feugiat non pretium quis', 0),
(66, 394, 83.81, '2016-03-08', 'ligula sit amet eleifend pede libero quis orci nullam molestie nibh in lectus pellentesque at nulla suspendisse potenti cras', 1),
(67, 114, 762.69, '2019-10-13', 'tellus semper interdum mauris ullamcorper purus sit amet nulla quisque arcu libero rutrum ac lobortis vel dapibus at diam', 0),
(68, 10, 203.46, '2021-02-22', 'ante ipsum primis in faucibus orci luctus et ultrices posuere cubilia curae mauris viverra diam vitae quam suspendisse potenti nullam', 1),
(69, 167, 809.98, '2014-11-27', 'odio in hac habitasse platea dictumst maecenas ut massa quis augue luctus tincidunt nulla mollis molestie lorem quisque ut erat', 1),
(70, 98, 522.77, '2019-11-13', 'dapibus nulla suscipit ligula in lacus curabitur at ipsum ac tellus semper interdum mauris ullamcorper purus sit', 0),
(71, 325, 305.19, '2020-03-20', 'quam pede lobortis ligula sit amet eleifend pede libero quis orci nullam molestie', 1),
(72, 241, 134.18, '2023-02-07', 'pede ullamcorper augue a suscipit nulla elit ac nulla sed vel enim sit amet nunc viverra dapibus nulla', 1),
(73, 237, 245.28, '2018-01-29', 'sapien arcu sed augue aliquam erat volutpat in congue etiam justo etiam', 0),
(74, 267, 629.61, '2021-09-08', 'sapien a libero nam dui proin leo odio porttitor id consequat in consequat', 0),
(75, 23, 273.20, '2023-12-22', 'ultrices posuere cubilia curae mauris viverra diam vitae quam suspendisse potenti nullam', 1),
(76, 305, 403.00, '2023-05-22', 'tellus in sagittis dui vel nisl duis ac nibh fusce lacus purus aliquet at feugiat non pretium quis lectus suspendisse', 1),
(77, 200, 159.76, '2021-12-18', 'curabitur convallis duis consequat dui nec nisi volutpat eleifend donec ut dolor morbi vel lectus in quam', 0),
(78, 400, 452.21, '2018-12-22', 'sollicitudin vitae consectetuer eget rutrum at lorem integer tincidunt ante vel ipsum praesent blandit', 0),
(79, 173, 897.29, '2014-08-25', 'at dolor quis odio consequat varius integer ac leo pellentesque ultrices mattis odio donec vitae', 1),
(80, 121, 976.76, '2016-02-15', 'ipsum primis in faucibus orci luctus et ultrices posuere cubilia curae', 0),
(81, 222, 108.29, '2016-08-26', 'turpis eget elit sodales scelerisque mauris sit amet eros suspendisse accumsan tortor', 1),
(82, 363, 718.53, '2019-03-16', 'ut massa quis augue luctus tincidunt nulla mollis molestie lorem quisque ut erat curabitur gravida nisi at nibh in', 0),
(83, 257, 415.54, '2017-01-25', 'lacinia sapien quis libero nullam sit amet turpis elementum ligula vehicula consequat morbi a', 1),
(84, 334, 313.75, '2023-07-07', 'id lobortis convallis tortor risus dapibus augue vel accumsan tellus nisi eu orci mauris lacinia sapien quis libero nullam', 0),
(85, 268, 469.50, '2017-12-25', 'orci luctus et ultrices posuere cubilia curae nulla dapibus dolor', 1),
(86, 393, 901.33, '2015-03-14', 'in felis donec semper sapien a libero nam dui proin leo odio porttitor id consequat', 0),
(87, 45, 421.84, '2016-02-20', 'diam erat fermentum justo nec condimentum neque sapien placerat ante nulla justo aliquam quis turpis', 1),
(88, 81, 433.31, '2022-08-26', 'amet nulla quisque arcu libero rutrum ac lobortis vel dapibus at diam nam tristique tortor eu pede', 1),
(89, 308, 356.41, '2024-05-19', 'non velit donec diam neque vestibulum eget vulputate ut ultrices vel augue vestibulum ante ipsum primis in faucibus orci', 1),
(90, 338, 399.78, '2017-05-20', 'at vulputate vitae nisl aenean lectus pellentesque eget nunc donec quis orci eget orci vehicula condimentum curabitur in libero', 0),
(91, 315, 267.02, '2016-02-02', 'vestibulum sagittis sapien cum sociis natoque penatibus et magnis dis parturient montes nascetur ridiculus mus etiam vel augue', 0),
(92, 307, 824.46, '2014-06-27', 'curabitur convallis duis consequat dui nec nisi volutpat eleifend donec ut dolor morbi', 0),
(93, 382, 948.81, '2017-08-21', 'nulla facilisi cras non velit nec nisi vulputate nonummy maecenas tincidunt lacus at velit vivamus vel nulla eget eros elementum', 0),
(94, 396, 737.07, '2016-05-01', 'nec sem duis aliquam convallis nunc proin at turpis a', 0),
(95, 19, 216.72, '2015-03-12', 'ipsum ac tellus semper interdum mauris ullamcorper purus sit amet nulla quisque arcu libero rutrum ac lobortis', 0),
(96, 309, 712.54, '2018-12-08', 'dictumst etiam faucibus cursus urna ut tellus nulla ut erat id mauris vulputate elementum nullam varius', 0),
(97, 307, 916.78, '2014-12-04', 'ac est lacinia nisi venenatis tristique fusce congue diam id ornare imperdiet sapien urna pretium nisl ut volutpat sapien', 0),
(98, 84, 216.24, '2018-01-24', 'blandit lacinia erat vestibulum sed magna at nunc commodo placerat praesent blandit nam nulla integer pede', 1),
(99, 168, 610.58, '2018-06-12', 'lorem ipsum dolor sit amet consectetuer adipiscing elit proin interdum mauris non ligula pellentesque', 0),
(100, 353, 362.01, '2017-09-28', 'volutpat convallis morbi odio odio elementum eu interdum eu tincidunt in', 1),
(101, 173, 497.39, '2017-07-14', 'amet justo morbi ut odio cras mi pede malesuada in imperdiet et commodo vulputate justo in blandit', 0),
(102, 75, 841.55, '2018-12-21', 'morbi porttitor lorem id ligula suspendisse ornare consequat lectus in est risus auctor sed tristique in tempus', 0),
(103, 356, 905.88, '2016-11-10', 'varius ut blandit non interdum in ante vestibulum ante ipsum primis in faucibus orci', 0),
(104, 351, 695.86, '2018-07-28', 'duis bibendum morbi non quam nec dui luctus rutrum nulla tellus in sagittis dui vel', 0),
(105, 184, 463.31, '2016-02-10', 'dolor sit amet consectetuer adipiscing elit proin interdum mauris non', 1),
(106, 252, 158.84, '2016-06-21', 'at feugiat non pretium quis lectus suspendisse potenti in eleifend quam a', 1),
(107, 32, 474.50, '2020-07-24', 'amet cursus id turpis integer aliquet massa id lobortis convallis tortor risus dapibus augue vel accumsan tellus', 0),
(108, 237, 216.85, '2018-05-04', 'elit ac nulla sed vel enim sit amet nunc viverra dapibus nulla suscipit ligula in', 1),
(109, 279, 969.63, '2014-08-12', 'vestibulum ante ipsum primis in faucibus orci luctus et ultrices posuere cubilia curae', 0),
(110, 321, 394.07, '2019-02-07', 'elementum pellentesque quisque porta volutpat erat quisque erat eros viverra eget congue eget semper', 1),
(111, 200, 666.71, '2021-10-28', 'dolor morbi vel lectus in quam fringilla rhoncus mauris enim leo rhoncus sed vestibulum sit amet cursus id turpis integer', 0),
(112, 72, 178.01, '2017-01-15', 'risus dapibus augue vel accumsan tellus nisi eu orci mauris lacinia sapien', 1),
(113, 270, 259.55, '2023-12-11', 'porttitor id consequat in consequat ut nulla sed accumsan felis ut at dolor quis odio', 0),
(114, 267, 882.42, '2022-03-06', 'metus arcu adipiscing molestie hendrerit at vulputate vitae nisl aenean lectus pellentesque eget nunc donec quis orci eget orci', 0),
(115, 240, 461.68, '2020-06-23', 'suscipit ligula in lacus curabitur at ipsum ac tellus semper interdum mauris ullamcorper purus sit amet nulla quisque arcu libero', 0),
(116, 308, 529.43, '2021-01-07', 'id consequat in consequat ut nulla sed accumsan felis ut at dolor quis odio consequat varius integer ac leo', 0),
(117, 82, 403.62, '2018-10-27', 'leo pellentesque ultrices mattis odio donec vitae nisi nam ultrices libero non', 0),
(118, 21, 913.72, '2014-07-15', 'nunc commodo placerat praesent blandit nam nulla integer pede justo lacinia eget tincidunt eget tempus vel pede morbi porttitor', 1),
(119, 29, 314.72, '2022-05-27', 'sodales sed tincidunt eu felis fusce posuere felis sed lacus morbi sem mauris laoreet ut rhoncus aliquet pulvinar sed nisl', 0),
(120, 160, 432.50, '2024-04-26', 'vel nisl duis ac nibh fusce lacus purus aliquet at feugiat non pretium', 1),
(121, 198, 842.22, '2022-03-31', 'velit eu est congue elementum in hac habitasse platea dictumst', 0),
(122, 387, 55.27, '2014-12-14', 'eros vestibulum ac est lacinia nisi venenatis tristique fusce congue diam id ornare imperdiet sapien urna', 1),
(123, 246, 176.97, '2021-01-22', 'venenatis non sodales sed tincidunt eu felis fusce posuere felis sed lacus morbi sem mauris laoreet ut', 1),
(124, 315, 369.98, '2018-07-23', 'aliquet at feugiat non pretium quis lectus suspendisse potenti in eleifend quam a odio in hac', 0),
(125, 396, 649.45, '2017-03-30', 'rhoncus mauris enim leo rhoncus sed vestibulum sit amet cursus id turpis integer aliquet massa id lobortis', 0),
(126, 25, 840.04, '2015-09-11', 'tortor risus dapibus augue vel accumsan tellus nisi eu orci mauris lacinia sapien quis libero nullam', 1),
(127, 343, 497.47, '2017-04-11', 'justo in blandit ultrices enim lorem ipsum dolor sit amet consectetuer adipiscing elit proin interdum mauris non ligula pellentesque', 1),
(128, 38, 906.90, '2018-08-14', 'dictumst maecenas ut massa quis augue luctus tincidunt nulla mollis molestie lorem quisque ut', 1),
(129, 5, 384.90, '2015-01-09', 'erat id mauris vulputate elementum nullam varius nulla facilisi cras non velit nec nisi vulputate nonummy maecenas tincidunt lacus at', 1),
(130, 304, 285.65, '2016-03-04', 'sagittis dui vel nisl duis ac nibh fusce lacus purus aliquet at feugiat non pretium quis', 1),
(131, 184, 133.99, '2016-06-01', 'neque libero convallis eget eleifend luctus ultricies eu nibh quisque id justo sit amet sapien dignissim vestibulum vestibulum ante', 0),
(132, 316, 549.57, '2017-04-28', 'vitae quam suspendisse potenti nullam porttitor lacus at turpis donec posuere metus vitae', 0),
(133, 96, 449.08, '2019-10-31', 'lorem vitae mattis nibh ligula nec sem duis aliquam convallis nunc proin', 1),
(134, 41, 261.34, '2015-02-10', 'vel augue vestibulum rutrum rutrum neque aenean auctor gravida sem praesent id massa id nisl venenatis lacinia', 0),
(135, 17, 458.75, '2016-09-06', 'pellentesque eget nunc donec quis orci eget orci vehicula condimentum', 1),
(136, 380, 918.29, '2017-06-17', 'ac enim in tempor turpis nec euismod scelerisque quam turpis adipiscing lorem', 0),
(137, 188, 443.07, '2014-11-03', 'dolor quis odio consequat varius integer ac leo pellentesque ultrices mattis odio donec vitae nisi nam', 1),
(138, 271, 138.49, '2020-12-07', 'luctus ultricies eu nibh quisque id justo sit amet sapien dignissim vestibulum vestibulum', 1),
(139, 169, 628.52, '2017-04-07', 'diam vitae quam suspendisse potenti nullam porttitor lacus at turpis donec posuere', 0),
(140, 69, 305.72, '2019-06-21', 'turpis integer aliquet massa id lobortis convallis tortor risus dapibus augue vel accumsan tellus nisi eu orci mauris lacinia', 1),
(141, 256, 211.41, '2019-01-26', 'nunc proin at turpis a pede posuere nonummy integer non velit donec diam neque vestibulum eget vulputate ut ultrices vel', 1),
(142, 163, 314.12, '2017-09-11', 'consectetuer adipiscing elit proin interdum mauris non ligula pellentesque ultrices phasellus id', 1),
(143, 13, 405.15, '2015-05-16', 'a odio in hac habitasse platea dictumst maecenas ut massa quis augue luctus tincidunt', 0),
(144, 87, 926.75, '2024-05-11', 'penatibus et magnis dis parturient montes nascetur ridiculus mus etiam', 1),
(145, 225, 644.10, '2020-01-04', 'primis in faucibus orci luctus et ultrices posuere cubilia curae donec pharetra', 0),
(146, 329, 313.46, '2022-10-21', 'quam turpis adipiscing lorem vitae mattis nibh ligula nec sem duis', 1),
(147, 161, 743.33, '2017-09-14', 'ut mauris eget massa tempor convallis nulla neque libero convallis eget eleifend luctus ultricies eu', 0),
(148, 158, 382.06, '2024-01-18', 'volutpat quam pede lobortis ligula sit amet eleifend pede libero quis', 1),
(149, 372, 259.14, '2019-01-28', 'vitae nisi nam ultrices libero non mattis pulvinar nulla pede ullamcorper augue a suscipit nulla elit ac', 1),
(150, 385, 163.53, '2017-03-31', 'montes nascetur ridiculus mus vivamus vestibulum sagittis sapien cum sociis natoque penatibus et magnis dis', 1),
(151, 97, 840.16, '2016-04-19', 'ac consequat metus sapien ut nunc vestibulum ante ipsum primis in faucibus orci luctus et ultrices posuere cubilia', 0),
(152, 27, 556.85, '2024-01-07', 'sapien placerat ante nulla justo aliquam quis turpis eget elit sodales scelerisque mauris sit amet', 0),
(153, 383, 842.41, '2022-02-27', 'nibh in quis justo maecenas rhoncus aliquam lacus morbi quis tortor', 0),
(154, 117, 723.02, '2023-02-03', 'et tempus semper est quam pharetra magna ac consequat metus sapien ut nunc vestibulum ante', 0),
(155, 356, 94.27, '2021-05-14', 'at turpis a pede posuere nonummy integer non velit donec diam neque vestibulum eget vulputate ut ultrices vel augue', 1),
(156, 81, 608.60, '2015-07-04', 'ultrices enim lorem ipsum dolor sit amet consectetuer adipiscing elit proin interdum mauris', 0),
(157, 314, 970.21, '2015-03-15', 'lacinia erat vestibulum sed magna at nunc commodo placerat praesent blandit nam nulla integer pede', 0),
(158, 268, 337.54, '2021-01-05', 'auctor sed tristique in tempus sit amet sem fusce consequat nulla nisl nunc nisl duis bibendum felis', 1),
(159, 311, 111.60, '2015-06-24', 'sodales sed tincidunt eu felis fusce posuere felis sed lacus morbi sem mauris', 1),
(160, 356, 947.92, '2016-02-24', 'et commodo vulputate justo in blandit ultrices enim lorem ipsum dolor sit amet consectetuer adipiscing elit proin', 0),
(161, 39, 222.70, '2022-08-30', 'velit vivamus vel nulla eget eros elementum pellentesque quisque porta volutpat erat quisque erat eros viverra eget congue', 1),
(162, 33, 337.94, '2016-08-15', 'vulputate luctus cum sociis natoque penatibus et magnis dis parturient montes nascetur ridiculus mus vivamus vestibulum sagittis sapien', 1),
(163, 329, 563.88, '2015-10-11', 'odio cras mi pede malesuada in imperdiet et commodo vulputate justo in', 0),
(164, 328, 159.93, '2017-09-11', 'nulla elit ac nulla sed vel enim sit amet nunc viverra dapibus nulla suscipit ligula in lacus curabitur at', 0),
(165, 219, 512.33, '2016-06-28', 'consequat metus sapien ut nunc vestibulum ante ipsum primis in faucibus', 0),
(166, 83, 269.00, '2015-06-24', 'cras mi pede malesuada in imperdiet et commodo vulputate justo in blandit ultrices enim lorem ipsum', 0),
(167, 250, 341.76, '2024-04-21', 'est lacinia nisi venenatis tristique fusce congue diam id ornare imperdiet sapien urna pretium nisl', 1),
(168, 68, 698.36, '2020-07-01', 'ornare consequat lectus in est risus auctor sed tristique in tempus sit', 0),
(169, 91, 127.49, '2024-06-07', 'rutrum at lorem integer tincidunt ante vel ipsum praesent blandit lacinia erat vestibulum', 1),
(170, 169, 111.09, '2019-07-12', 'suscipit nulla elit ac nulla sed vel enim sit amet nunc viverra dapibus nulla', 1),
(171, 132, 140.81, '2017-07-02', 'platea dictumst morbi vestibulum velit id pretium iaculis diam erat fermentum justo nec condimentum neque sapien placerat', 1),
(172, 37, 410.09, '2014-07-25', 'ac leo pellentesque ultrices mattis odio donec vitae nisi nam', 1),
(173, 54, 271.97, '2021-11-19', 'vel nulla eget eros elementum pellentesque quisque porta volutpat erat quisque erat eros viverra eget congue', 0),
(174, 150, 569.03, '2023-05-14', 'tellus nisi eu orci mauris lacinia sapien quis libero nullam sit amet turpis', 0),
(175, 198, 234.91, '2016-07-03', 'aliquam non mauris morbi non lectus aliquam sit amet diam in magna bibendum', 0),
(176, 122, 254.89, '2020-11-12', 'nibh quisque id justo sit amet sapien dignissim vestibulum vestibulum ante ipsum primis in faucibus orci luctus et ultrices', 0),
(177, 157, 799.56, '2015-04-13', 'sapien a libero nam dui proin leo odio porttitor id consequat in consequat', 0),
(178, 400, 849.14, '2023-06-26', 'augue luctus tincidunt nulla mollis molestie lorem quisque ut erat curabitur gravida nisi at nibh in', 0),
(179, 42, 149.99, '2016-01-23', 'odio condimentum id luctus nec molestie sed justo pellentesque viverra pede ac diam cras pellentesque volutpat dui maecenas tristique', 1),
(180, 337, 827.94, '2020-06-08', 'lectus aliquam sit amet diam in magna bibendum imperdiet nullam orci pede', 0),
(181, 237, 537.57, '2014-12-06', 'ligula suspendisse ornare consequat lectus in est risus auctor sed tristique in tempus sit amet sem fusce', 0),
(182, 284, 777.85, '2017-02-27', 'nulla neque libero convallis eget eleifend luctus ultricies eu nibh', 0),
(183, 227, 350.73, '2022-11-05', 'praesent lectus vestibulum quam sapien varius ut blandit non interdum in ante vestibulum ante ipsum primis in faucibus', 1),
(184, 199, 92.93, '2014-12-09', 'tellus semper interdum mauris ullamcorper purus sit amet nulla quisque arcu libero rutrum ac lobortis vel dapibus at diam nam', 1),
(185, 130, 426.97, '2015-07-03', 'varius nulla facilisi cras non velit nec nisi vulputate nonummy maecenas tincidunt', 1),
(186, 320, 623.17, '2023-02-28', 'magnis dis parturient montes nascetur ridiculus mus etiam vel augue vestibulum rutrum rutrum neque aenean', 0),
(187, 120, 417.94, '2018-08-25', 'integer tincidunt ante vel ipsum praesent blandit lacinia erat vestibulum sed magna at nunc commodo placerat', 1),
(188, 162, 461.27, '2020-05-22', 'elit proin risus praesent lectus vestibulum quam sapien varius ut blandit non interdum in ante', 1),
(189, 317, 461.40, '2017-12-19', 'et eros vestibulum ac est lacinia nisi venenatis tristique fusce congue diam id ornare imperdiet sapien urna', 1),
(190, 230, 379.00, '2017-07-28', 'ut nulla sed accumsan felis ut at dolor quis odio consequat varius integer ac leo pellentesque ultrices mattis', 1),
(191, 109, 498.81, '2022-09-16', 'gravida sem praesent id massa id nisl venenatis lacinia aenean sit amet', 0),
(192, 27, 143.55, '2017-09-29', 'etiam vel augue vestibulum rutrum rutrum neque aenean auctor gravida sem praesent id', 0),
(193, 347, 242.69, '2018-11-28', 'non ligula pellentesque ultrices phasellus id sapien in sapien iaculis congue vivamus metus arcu adipiscing molestie hendrerit', 1),
(194, 153, 749.86, '2020-03-12', 'sagittis sapien cum sociis natoque penatibus et magnis dis parturient montes', 0),
(195, 323, 75.08, '2020-12-19', 'lacus curabitur at ipsum ac tellus semper interdum mauris ullamcorper purus sit amet nulla quisque arcu libero rutrum', 1),
(196, 264, 214.48, '2021-06-01', 'lorem integer tincidunt ante vel ipsum praesent blandit lacinia erat vestibulum sed magna at nunc commodo placerat praesent blandit nam', 1),
(197, 384, 457.21, '2019-12-05', 'auctor sed tristique in tempus sit amet sem fusce consequat nulla nisl', 1),
(198, 363, 235.97, '2017-06-08', 'ligula vehicula consequat morbi a ipsum integer a nibh in quis justo maecenas rhoncus aliquam', 0),
(199, 173, 376.91, '2014-12-14', 'nullam orci pede venenatis non sodales sed tincidunt eu felis fusce posuere felis sed lacus morbi sem', 0),
(200, 311, 441.36, '2022-12-15', 'non mauris morbi non lectus aliquam sit amet diam in magna bibendum imperdiet nullam orci pede venenatis non sodales', 1),
(201, 134, 473.58, '2019-04-10', 'bibendum felis sed interdum venenatis turpis enim blandit mi in porttitor pede justo eu massa donec dapibus', 1),
(202, 143, 449.80, '2016-11-14', 'sapien arcu sed augue aliquam erat volutpat in congue etiam justo etiam pretium', 1),
(203, 182, 232.45, '2015-09-06', 'a feugiat et eros vestibulum ac est lacinia nisi venenatis tristique fusce congue diam id ornare imperdiet sapien urna pretium', 1),
(204, 293, 274.00, '2024-06-13', 'proin at turpis a pede posuere nonummy integer non velit donec diam neque vestibulum eget vulputate ut ultrices vel augue', 1),
(205, 269, 79.12, '2014-07-13', 'metus vitae ipsum aliquam non mauris morbi non lectus aliquam sit amet diam in magna bibendum imperdiet nullam', 1),
(206, 391, 212.23, '2022-09-27', 'at ipsum ac tellus semper interdum mauris ullamcorper purus sit amet nulla quisque arcu libero', 1),
(207, 61, 657.50, '2022-09-27', 'scelerisque mauris sit amet eros suspendisse accumsan tortor quis turpis sed ante vivamus tortor duis mattis egestas', 1),
(208, 313, 238.32, '2019-05-31', 'maecenas tristique est et tempus semper est quam pharetra magna ac consequat metus', 0),
(209, 13, 416.72, '2023-04-29', 'quam pharetra magna ac consequat metus sapien ut nunc vestibulum ante ipsum primis in faucibus orci luctus et', 0),
(210, 344, 722.22, '2016-01-26', 'tempus semper est quam pharetra magna ac consequat metus sapien ut', 0),
(211, 51, 409.91, '2015-06-05', 'sed lacus morbi sem mauris laoreet ut rhoncus aliquet pulvinar sed nisl nunc', 0),
(212, 248, 991.07, '2015-02-24', 'ante vestibulum ante ipsum primis in faucibus orci luctus et ultrices posuere cubilia curae duis faucibus accumsan odio curabitur', 1),
(213, 271, 798.29, '2023-01-19', 'tincidunt eget tempus vel pede morbi porttitor lorem id ligula suspendisse ornare consequat lectus in', 0),
(214, 337, 128.62, '2018-06-14', 'potenti in eleifend quam a odio in hac habitasse platea', 0),
(215, 281, 146.44, '2020-09-16', 'eros elementum pellentesque quisque porta volutpat erat quisque erat eros viverra eget congue eget semper rutrum', 1),
(216, 95, 493.71, '2019-05-11', 'rhoncus aliquam lacus morbi quis tortor id nulla ultrices aliquet', 1),
(217, 11, 800.65, '2023-07-15', 'amet nunc viverra dapibus nulla suscipit ligula in lacus curabitur at ipsum', 0),
(218, 292, 976.27, '2024-02-29', 'in faucibus orci luctus et ultrices posuere cubilia curae nulla dapibus', 0),
(219, 221, 371.61, '2015-12-16', 'lacinia erat vestibulum sed magna at nunc commodo placerat praesent blandit nam nulla integer', 1),
(220, 167, 139.48, '2017-03-25', 'nec condimentum neque sapien placerat ante nulla justo aliquam quis turpis eget elit sodales scelerisque mauris sit amet eros suspendisse', 1),
(221, 140, 494.82, '2017-04-15', 'sit amet cursus id turpis integer aliquet massa id lobortis', 1),
(222, 251, 664.46, '2021-07-04', 'congue vivamus metus arcu adipiscing molestie hendrerit at vulputate vitae nisl aenean lectus', 0),
(223, 323, 474.72, '2024-05-05', 'facilisi cras non velit nec nisi vulputate nonummy maecenas tincidunt lacus at velit vivamus vel nulla eget', 1),
(224, 330, 899.93, '2018-01-03', 'donec pharetra magna vestibulum aliquet ultrices erat tortor sollicitudin mi sit', 0),
(225, 160, 120.08, '2020-06-22', 'blandit nam nulla integer pede justo lacinia eget tincidunt eget tempus vel pede', 1),
(226, 243, 708.57, '2018-04-21', 'magna vulputate luctus cum sociis natoque penatibus et magnis dis', 0),
(227, 400, 631.73, '2023-11-12', 'erat fermentum justo nec condimentum neque sapien placerat ante nulla justo', 0),
(228, 92, 947.48, '2023-12-19', 'nisl nunc nisl duis bibendum felis sed interdum venenatis turpis', 0),
(229, 343, 841.44, '2014-09-10', 'venenatis non sodales sed tincidunt eu felis fusce posuere felis sed lacus morbi sem mauris', 0),
(230, 85, 730.43, '2019-09-19', 'luctus nec molestie sed justo pellentesque viverra pede ac diam cras pellentesque volutpat dui maecenas', 0),
(231, 162, 806.21, '2017-10-19', 'sagittis nam congue risus semper porta volutpat quam pede lobortis ligula sit amet', 0),
(232, 6, 162.87, '2015-10-28', 'quam turpis adipiscing lorem vitae mattis nibh ligula nec sem duis aliquam convallis nunc proin', 0),
(233, 105, 603.64, '2019-05-25', 'nam congue risus semper porta volutpat quam pede lobortis ligula sit amet eleifend pede libero quis orci nullam molestie nibh', 0),
(234, 149, 948.38, '2015-02-04', 'aliquet at feugiat non pretium quis lectus suspendisse potenti in eleifend', 0),
(235, 349, 433.18, '2022-05-31', 'rhoncus aliquam lacus morbi quis tortor id nulla ultrices aliquet maecenas', 1),
(236, 191, 220.89, '2015-12-11', 'integer pede justo lacinia eget tincidunt eget tempus vel pede morbi porttitor lorem id', 1),
(237, 355, 762.39, '2020-12-26', 'sed vel enim sit amet nunc viverra dapibus nulla suscipit ligula in lacus curabitur at', 0),
(238, 189, 139.27, '2016-03-07', 'eget eros elementum pellentesque quisque porta volutpat erat quisque erat eros viverra eget', 1),
(239, 192, 125.32, '2021-05-01', 'quis tortor id nulla ultrices aliquet maecenas leo odio condimentum id luctus', 1),
(240, 349, 386.97, '2019-12-22', 'fusce lacus purus aliquet at feugiat non pretium quis lectus suspendisse potenti in eleifend', 1),
(241, 262, 470.50, '2017-05-26', 'elit proin risus praesent lectus vestibulum quam sapien varius ut blandit non interdum in ante', 0),
(242, 42, 861.25, '2020-06-07', 'primis in faucibus orci luctus et ultrices posuere cubilia curae donec pharetra magna vestibulum aliquet ultrices', 0),
(243, 24, 409.04, '2019-01-07', 'quisque ut erat curabitur gravida nisi at nibh in hac habitasse platea dictumst aliquam augue quam', 1),
(244, 320, 639.00, '2016-01-10', 'maecenas leo odio condimentum id luctus nec molestie sed justo pellentesque viverra pede', 1),
(245, 256, 399.37, '2016-10-22', 'in est risus auctor sed tristique in tempus sit amet', 0),
(246, 87, 371.75, '2014-10-21', 'at lorem integer tincidunt ante vel ipsum praesent blandit lacinia erat vestibulum', 1),
(247, 396, 150.04, '2020-03-14', 'justo sollicitudin ut suscipit a feugiat et eros vestibulum ac est lacinia nisi venenatis tristique fusce congue diam id ornare', 0),
(248, 335, 901.15, '2021-09-19', 'elementum in hac habitasse platea dictumst morbi vestibulum velit id pretium iaculis diam erat fermentum justo nec condimentum neque', 0),
(249, 198, 948.88, '2021-05-02', 'dui proin leo odio porttitor id consequat in consequat ut nulla sed', 0),
(250, 19, 105.43, '2019-07-06', 'mauris non ligula pellentesque ultrices phasellus id sapien in sapien iaculis congue vivamus metus arcu adipiscing molestie', 0),
(251, 214, 157.64, '2016-02-02', 'justo nec condimentum neque sapien placerat ante nulla justo aliquam quis turpis eget', 0),
(252, 367, 378.06, '2022-10-05', 'non sodales sed tincidunt eu felis fusce posuere felis sed lacus', 1),
(253, 148, 53.55, '2017-08-02', 'faucibus orci luctus et ultrices posuere cubilia curae duis faucibus accumsan odio curabitur convallis duis consequat dui', 1),
(254, 109, 402.26, '2023-01-13', 'amet eleifend pede libero quis orci nullam molestie nibh in lectus pellentesque at nulla suspendisse potenti cras in purus', 1),
(255, 342, 137.24, '2017-11-22', 'amet eros suspendisse accumsan tortor quis turpis sed ante vivamus', 0),
(256, 245, 199.18, '2020-07-05', 'quis odio consequat varius integer ac leo pellentesque ultrices mattis odio donec vitae nisi', 0),
(257, 331, 871.77, '2017-04-19', 'feugiat non pretium quis lectus suspendisse potenti in eleifend quam', 0),
(258, 166, 479.60, '2015-08-30', 'etiam pretium iaculis justo in hac habitasse platea dictumst etiam faucibus cursus', 1),
(259, 304, 396.95, '2019-03-19', 'rutrum neque aenean auctor gravida sem praesent id massa id nisl venenatis lacinia aenean sit amet justo', 1),
(260, 158, 279.47, '2016-07-22', 'nullam varius nulla facilisi cras non velit nec nisi vulputate nonummy maecenas tincidunt lacus', 1),
(261, 230, 295.24, '2022-09-13', 'pellentesque at nulla suspendisse potenti cras in purus eu magna vulputate luctus cum sociis natoque penatibus', 0),
(262, 188, 341.14, '2019-03-26', 'rutrum at lorem integer tincidunt ante vel ipsum praesent blandit', 1),
(263, 10, 436.64, '2017-12-21', 'accumsan tortor quis turpis sed ante vivamus tortor duis mattis egestas metus aenean fermentum donec ut mauris eget massa', 0),
(264, 108, 264.86, '2022-01-18', 'dapibus duis at velit eu est congue elementum in hac habitasse platea', 1),
(265, 279, 170.67, '2024-06-02', 'accumsan tellus nisi eu orci mauris lacinia sapien quis libero nullam', 1),
(266, 223, 947.10, '2016-03-08', 'nam dui proin leo odio porttitor id consequat in consequat ut', 0),
(267, 137, 244.17, '2020-12-03', 'imperdiet nullam orci pede venenatis non sodales sed tincidunt eu felis fusce posuere felis sed', 0),
(268, 191, 289.08, '2020-11-05', 'volutpat quam pede lobortis ligula sit amet eleifend pede libero quis orci', 1),
(269, 242, 397.56, '2022-02-04', 'nulla integer pede justo lacinia eget tincidunt eget tempus vel pede morbi porttitor lorem id ligula suspendisse', 1),
(270, 276, 414.23, '2020-12-15', 'erat tortor sollicitudin mi sit amet lobortis sapien sapien non mi integer ac neque duis bibendum morbi non quam nec', 0),
(271, 160, 337.98, '2024-05-16', 'turpis nec euismod scelerisque quam turpis adipiscing lorem vitae mattis nibh ligula nec sem duis', 1),
(272, 34, 234.99, '2019-02-10', 'posuere cubilia curae mauris viverra diam vitae quam suspendisse potenti', 1),
(273, 230, 147.77, '2019-06-29', 'enim in tempor turpis nec euismod scelerisque quam turpis adipiscing lorem vitae mattis', 0),
(274, 41, 138.94, '2015-11-25', 'scelerisque quam turpis adipiscing lorem vitae mattis nibh ligula nec sem duis aliquam convallis nunc proin at turpis', 0),
(275, 86, 567.94, '2015-06-01', 'orci luctus et ultrices posuere cubilia curae nulla dapibus dolor vel est donec odio justo sollicitudin ut suscipit a feugiat', 0),
(276, 207, 215.07, '2015-07-10', 'vestibulum eget vulputate ut ultrices vel augue vestibulum ante ipsum primis in', 1),
(277, 46, 904.45, '2021-10-19', 'condimentum id luctus nec molestie sed justo pellentesque viverra pede ac diam', 0),
(278, 155, 823.31, '2022-07-13', 'a feugiat et eros vestibulum ac est lacinia nisi venenatis tristique fusce congue diam id ornare imperdiet sapien urna pretium', 0),
(279, 58, 994.52, '2018-03-13', 'vivamus in felis eu sapien cursus vestibulum proin eu mi', 0),
(280, 109, 81.99, '2016-06-03', 'amet consectetuer adipiscing elit proin risus praesent lectus vestibulum quam sapien varius ut blandit non interdum', 1),
(281, 145, 838.13, '2021-07-06', 'faucibus cursus urna ut tellus nulla ut erat id mauris vulputate', 1),
(282, 293, 287.15, '2015-04-10', 'ac diam cras pellentesque volutpat dui maecenas tristique est et tempus semper', 1),
(283, 219, 709.69, '2018-03-27', 'ornare consequat lectus in est risus auctor sed tristique in tempus sit amet sem fusce consequat nulla nisl', 0),
(284, 36, 300.14, '2022-08-03', 'ut nunc vestibulum ante ipsum primis in faucibus orci luctus et ultrices posuere cubilia curae', 1),
(285, 200, 999.78, '2021-07-22', 'nam ultrices libero non mattis pulvinar nulla pede ullamcorper augue a suscipit nulla elit ac', 0),
(286, 248, 782.30, '2015-08-04', 'ut volutpat sapien arcu sed augue aliquam erat volutpat in congue etiam justo etiam pretium iaculis justo in hac', 1),
(287, 151, 371.44, '2020-10-28', 'non pretium quis lectus suspendisse potenti in eleifend quam a odio in hac habitasse platea', 0),
(288, 354, 393.14, '2014-10-11', 'ligula nec sem duis aliquam convallis nunc proin at turpis a pede', 1),
(289, 226, 253.31, '2023-10-12', 'augue quam sollicitudin vitae consectetuer eget rutrum at lorem integer tincidunt ante vel ipsum praesent blandit lacinia erat vestibulum', 1),
(290, 394, 189.11, '2020-10-20', 'eget massa tempor convallis nulla neque libero convallis eget eleifend luctus ultricies eu', 0),
(291, 8, 814.58, '2020-10-20', 'ut ultrices vel augue vestibulum ante ipsum primis in faucibus orci luctus et', 0),
(292, 164, 396.67, '2023-03-10', 'ipsum ac tellus semper interdum mauris ullamcorper purus sit amet nulla quisque arcu libero', 1),
(293, 265, 718.49, '2019-04-24', 'mi sit amet lobortis sapien sapien non mi integer ac neque duis bibendum morbi non quam nec dui luctus', 1),
(294, 120, 462.43, '2023-01-14', 'eros elementum pellentesque quisque porta volutpat erat quisque erat eros viverra eget', 1),
(295, 163, 780.29, '2016-01-31', 'lacus purus aliquet at feugiat non pretium quis lectus suspendisse', 0),
(296, 202, 638.41, '2016-10-09', 'erat fermentum justo nec condimentum neque sapien placerat ante nulla justo aliquam quis turpis eget elit', 0),
(297, 44, 209.22, '2019-11-17', 'et eros vestibulum ac est lacinia nisi venenatis tristique fusce congue diam id ornare imperdiet sapien urna pretium nisl ut', 1),
(298, 356, 369.34, '2018-07-19', 'tortor sollicitudin mi sit amet lobortis sapien sapien non mi integer ac neque duis bibendum morbi', 1),
(299, 140, 97.61, '2016-09-15', 'blandit mi in porttitor pede justo eu massa donec dapibus duis at velit eu est congue', 1),
(300, 268, 905.40, '2023-07-28', 'lacus purus aliquet at feugiat non pretium quis lectus suspendisse potenti in eleifend quam a odio in', 0),
(301, 360, 647.85, '2023-12-06', 'leo odio porttitor id consequat in consequat ut nulla sed accumsan felis ut at', 0),
(302, 263, 929.85, '2018-06-17', 'turpis adipiscing lorem vitae mattis nibh ligula nec sem duis aliquam convallis nunc', 0),
(303, 96, 443.98, '2020-02-25', 'ante vestibulum ante ipsum primis in faucibus orci luctus et ultrices posuere cubilia curae', 0),
(304, 121, 444.39, '2016-10-16', 'turpis enim blandit mi in porttitor pede justo eu massa donec dapibus duis at velit eu est congue elementum in', 0),
(305, 278, 130.24, '2014-07-09', 'urna pretium nisl ut volutpat sapien arcu sed augue aliquam erat volutpat in', 0),
(306, 89, 505.65, '2019-02-12', 'pede justo eu massa donec dapibus duis at velit eu est congue elementum in hac', 0),
(307, 68, 942.65, '2021-08-28', 'sed vel enim sit amet nunc viverra dapibus nulla suscipit ligula in lacus curabitur at ipsum ac', 0),
(308, 105, 494.78, '2023-03-11', 'ultrices aliquet maecenas leo odio condimentum id luctus nec molestie sed justo pellentesque viverra pede ac diam', 0),
(309, 281, 183.28, '2016-02-04', 'quisque arcu libero rutrum ac lobortis vel dapibus at diam nam tristique tortor', 1),
(310, 281, 792.32, '2016-02-14', 'lacus curabitur at ipsum ac tellus semper interdum mauris ullamcorper purus sit amet nulla quisque arcu', 0),
(311, 117, 177.18, '2023-03-31', 'diam neque vestibulum eget vulputate ut ultrices vel augue vestibulum ante ipsum primis in', 1),
(312, 349, 555.80, '2017-06-17', 'nisl duis bibendum felis sed interdum venenatis turpis enim blandit', 0),
(313, 165, 359.64, '2017-07-02', 'tincidunt eget tempus vel pede morbi porttitor lorem id ligula suspendisse ornare consequat lectus in est risus auctor sed', 0),
(314, 362, 876.04, '2021-12-02', 'praesent id massa id nisl venenatis lacinia aenean sit amet justo morbi ut odio cras mi', 0),
(315, 14, 687.34, '2015-05-31', 'blandit mi in porttitor pede justo eu massa donec dapibus duis at', 0),
(316, 109, 614.48, '2016-05-07', 'erat quisque erat eros viverra eget congue eget semper rutrum nulla nunc purus phasellus in', 0),
(317, 311, 323.62, '2015-06-19', 'dapibus nulla suscipit ligula in lacus curabitur at ipsum ac tellus', 0),
(318, 9, 714.48, '2019-04-23', 'sapien iaculis congue vivamus metus arcu adipiscing molestie hendrerit at vulputate vitae nisl aenean lectus pellentesque eget', 1),
(319, 28, 471.17, '2015-08-21', 'odio in hac habitasse platea dictumst maecenas ut massa quis augue luctus tincidunt', 1),
(320, 95, 386.25, '2019-05-31', 'enim sit amet nunc viverra dapibus nulla suscipit ligula in lacus', 0),
(321, 302, 244.36, '2016-05-25', 'velit id pretium iaculis diam erat fermentum justo nec condimentum neque sapien placerat ante nulla justo aliquam', 0),
(322, 321, 371.71, '2023-11-22', 'in hac habitasse platea dictumst maecenas ut massa quis augue luctus tincidunt nulla mollis molestie lorem quisque', 1),
(323, 213, 262.02, '2014-11-01', 'interdum in ante vestibulum ante ipsum primis in faucibus orci luctus et', 0),
(324, 71, 254.82, '2020-05-12', 'nulla eget eros elementum pellentesque quisque porta volutpat erat quisque erat eros viverra eget congue eget semper rutrum nulla nunc', 0),
(325, 185, 471.00, '2016-12-11', 'luctus ultricies eu nibh quisque id justo sit amet sapien dignissim vestibulum vestibulum ante ipsum', 0),
(326, 101, 438.66, '2018-10-07', 'lacus morbi sem mauris laoreet ut rhoncus aliquet pulvinar sed nisl', 0),
(327, 41, 94.05, '2015-07-03', 'parturient montes nascetur ridiculus mus vivamus vestibulum sagittis sapien cum sociis natoque penatibus et magnis', 1),
(328, 236, 280.50, '2017-04-19', 'nullam porttitor lacus at turpis donec posuere metus vitae ipsum aliquam non mauris', 0),
(329, 70, 678.23, '2022-08-03', 'porta volutpat quam pede lobortis ligula sit amet eleifend pede libero quis orci nullam molestie nibh in', 0),
(330, 50, 968.83, '2020-10-05', 'nulla sed vel enim sit amet nunc viverra dapibus nulla suscipit ligula', 0),
(331, 159, 149.50, '2015-02-25', 'consequat lectus in est risus auctor sed tristique in tempus sit amet sem fusce consequat', 0),
(332, 126, 759.14, '2024-03-19', 'vestibulum velit id pretium iaculis diam erat fermentum justo nec condimentum neque sapien placerat ante nulla justo aliquam', 1),
(333, 41, 348.87, '2018-12-13', 'tincidunt lacus at velit vivamus vel nulla eget eros elementum pellentesque quisque porta volutpat erat quisque erat', 1),
(334, 360, 654.39, '2018-10-07', 'ut erat curabitur gravida nisi at nibh in hac habitasse platea', 0),
(335, 229, 78.45, '2015-12-31', 'congue etiam justo etiam pretium iaculis justo in hac habitasse platea dictumst etiam faucibus cursus urna ut tellus nulla ut', 1),
(336, 135, 935.42, '2020-08-31', 'nullam sit amet turpis elementum ligula vehicula consequat morbi a ipsum integer a nibh in quis', 0),
(337, 200, 388.48, '2019-12-21', 'erat curabitur gravida nisi at nibh in hac habitasse platea dictumst aliquam augue quam sollicitudin', 1),
(338, 316, 57.77, '2023-03-20', 'congue diam id ornare imperdiet sapien urna pretium nisl ut volutpat sapien arcu sed augue', 1),
(339, 65, 494.82, '2024-02-04', 'ullamcorper purus sit amet nulla quisque arcu libero rutrum ac lobortis vel dapibus', 1),
(340, 243, 158.11, '2017-06-10', 'nunc nisl duis bibendum felis sed interdum venenatis turpis enim blandit mi in porttitor pede justo eu', 0),
(341, 86, 478.62, '2022-11-30', 'diam cras pellentesque volutpat dui maecenas tristique est et tempus semper est quam pharetra magna ac', 1),
(342, 18, 147.22, '2016-10-10', 'risus auctor sed tristique in tempus sit amet sem fusce consequat', 0),
(343, 394, 131.55, '2018-07-16', 'sapien a libero nam dui proin leo odio porttitor id consequat in consequat ut nulla sed accumsan', 0),
(344, 90, 472.80, '2014-11-30', 'nulla suspendisse potenti cras in purus eu magna vulputate luctus cum sociis natoque penatibus et magnis dis parturient montes nascetur', 1),
(345, 169, 707.56, '2015-11-10', 'ac diam cras pellentesque volutpat dui maecenas tristique est et tempus semper est quam pharetra magna ac consequat metus sapien', 0),
(346, 19, 468.54, '2022-08-14', 'sed interdum venenatis turpis enim blandit mi in porttitor pede justo eu massa donec dapibus duis at', 0),
(347, 330, 249.64, '2021-11-23', 'mollis molestie lorem quisque ut erat curabitur gravida nisi at nibh in hac habitasse platea dictumst aliquam augue quam sollicitudin', 0),
(348, 13, 772.04, '2015-09-04', 'nunc commodo placerat praesent blandit nam nulla integer pede justo lacinia', 1),
(349, 28, 995.93, '2017-07-23', 'luctus et ultrices posuere cubilia curae nulla dapibus dolor vel est donec odio justo sollicitudin', 0),
(350, 62, 239.32, '2018-04-06', 'eros elementum pellentesque quisque porta volutpat erat quisque erat eros viverra eget congue eget semper rutrum nulla nunc purus phasellus', 1),
(351, 6, 645.93, '2016-02-17', 'eu tincidunt in leo maecenas pulvinar lobortis est phasellus sit amet erat nulla tempus vivamus in felis eu sapien', 0),
(352, 221, 93.49, '2022-02-14', 'in faucibus orci luctus et ultrices posuere cubilia curae donec pharetra', 1),
(353, 306, 122.91, '2022-03-04', 'ut nulla sed accumsan felis ut at dolor quis odio consequat varius integer ac leo pellentesque ultrices', 1),
(354, 386, 95.75, '2022-12-13', 'ullamcorper augue a suscipit nulla elit ac nulla sed vel enim sit amet nunc viverra dapibus nulla suscipit ligula', 1),
(355, 380, 475.48, '2016-09-12', 'urna pretium nisl ut volutpat sapien arcu sed augue aliquam erat volutpat in', 1),
(356, 265, 180.68, '2014-08-03', 'non velit nec nisi vulputate nonummy maecenas tincidunt lacus at velit vivamus vel nulla eget eros', 0),
(357, 27, 374.55, '2016-11-01', 'posuere felis sed lacus morbi sem mauris laoreet ut rhoncus aliquet', 1),
(358, 377, 210.44, '2018-04-26', 'velit id pretium iaculis diam erat fermentum justo nec condimentum neque', 1),
(359, 292, 114.36, '2016-02-17', 'in quam fringilla rhoncus mauris enim leo rhoncus sed vestibulum sit amet cursus id turpis integer aliquet massa', 0),
(360, 53, 262.73, '2023-05-25', 'ut massa quis augue luctus tincidunt nulla mollis molestie lorem quisque ut erat curabitur gravida', 1),
(361, 134, 246.65, '2017-10-20', 'elementum pellentesque quisque porta volutpat erat quisque erat eros viverra eget congue eget semper rutrum nulla', 0),
(362, 73, 387.15, '2014-10-05', 'euismod scelerisque quam turpis adipiscing lorem vitae mattis nibh ligula nec sem', 1),
(363, 387, 173.41, '2020-11-18', 'porta volutpat quam pede lobortis ligula sit amet eleifend pede libero quis orci nullam molestie nibh in lectus pellentesque', 0),
(364, 110, 496.03, '2021-07-28', 'nulla dapibus dolor vel est donec odio justo sollicitudin ut suscipit', 1),
(365, 285, 262.43, '2015-12-02', 'nulla elit ac nulla sed vel enim sit amet nunc viverra dapibus nulla suscipit ligula in lacus curabitur at ipsum', 1),
(366, 318, 481.28, '2020-12-01', 'aenean fermentum donec ut mauris eget massa tempor convallis nulla neque libero convallis eget', 0),
(367, 332, 387.65, '2019-01-29', 'vel sem sed sagittis nam congue risus semper porta volutpat quam pede lobortis ligula sit amet eleifend', 0),
(368, 144, 107.95, '2019-12-12', 'cum sociis natoque penatibus et magnis dis parturient montes nascetur ridiculus mus etiam vel augue vestibulum rutrum rutrum neque', 0),
(369, 17, 595.93, '2023-03-24', 'viverra eget congue eget semper rutrum nulla nunc purus phasellus in felis donec', 0),
(370, 322, 608.70, '2014-09-13', 'bibendum felis sed interdum venenatis turpis enim blandit mi in porttitor pede justo eu massa', 0),
(371, 378, 116.08, '2018-03-20', 'sem fusce consequat nulla nisl nunc nisl duis bibendum felis sed interdum venenatis turpis enim blandit mi in', 1),
(372, 95, 583.63, '2017-11-29', 'nulla tellus in sagittis dui vel nisl duis ac nibh fusce lacus purus aliquet at feugiat non', 1),
(373, 256, 447.08, '2023-08-11', 'integer a nibh in quis justo maecenas rhoncus aliquam lacus morbi quis tortor', 1);
INSERT INTO `BANK_TRANSFER` (`transfer_id`, `person_id`, `amount`, `transfer_date`, `description`, `outgoing`) VALUES
(374, 122, 211.51, '2017-05-07', 'euismod scelerisque quam turpis adipiscing lorem vitae mattis nibh ligula nec sem duis aliquam', 1),
(375, 48, 395.01, '2015-02-02', 'mi sit amet lobortis sapien sapien non mi integer ac', 1),
(376, 195, 171.56, '2023-09-09', 'faucibus orci luctus et ultrices posuere cubilia curae nulla dapibus dolor vel est', 1),
(377, 180, 93.12, '2022-12-14', 'nisl duis bibendum felis sed interdum venenatis turpis enim blandit mi in porttitor pede justo eu massa donec dapibus', 1),
(378, 51, 114.75, '2015-09-03', 'volutpat eleifend donec ut dolor morbi vel lectus in quam', 0),
(379, 97, 477.00, '2019-11-02', 'curabitur convallis duis consequat dui nec nisi volutpat eleifend donec ut dolor morbi', 0),
(380, 366, 387.95, '2023-01-04', 'pharetra magna vestibulum aliquet ultrices erat tortor sollicitudin mi sit amet lobortis sapien sapien non mi integer ac', 1),
(381, 214, 171.37, '2024-03-01', 'sed magna at nunc commodo placerat praesent blandit nam nulla integer pede justo lacinia', 0),
(382, 137, 789.02, '2019-01-31', 'justo eu massa donec dapibus duis at velit eu est congue elementum in hac habitasse platea dictumst morbi vestibulum velit', 0),
(383, 348, 243.63, '2020-02-28', 'eleifend luctus ultricies eu nibh quisque id justo sit amet sapien dignissim vestibulum vestibulum ante ipsum primis', 1),
(384, 330, 712.87, '2018-09-15', 'volutpat erat quisque erat eros viverra eget congue eget semper rutrum', 0),
(385, 194, 628.94, '2022-03-14', 'posuere felis sed lacus morbi sem mauris laoreet ut rhoncus aliquet pulvinar sed nisl', 0),
(386, 115, 558.73, '2016-08-07', 'penatibus et magnis dis parturient montes nascetur ridiculus mus etiam vel augue vestibulum rutrum rutrum neque aenean', 1),
(387, 22, 314.28, '2023-01-15', 'magna bibendum imperdiet nullam orci pede venenatis non sodales sed tincidunt eu felis fusce', 1),
(388, 349, 159.06, '2022-03-12', 'vehicula consequat morbi a ipsum integer a nibh in quis justo maecenas rhoncus aliquam lacus morbi', 1),
(389, 255, 983.93, '2018-07-17', 'ut rhoncus aliquet pulvinar sed nisl nunc rhoncus dui vel sem sed sagittis nam congue', 0),
(390, 198, 243.24, '2021-11-06', 'aenean sit amet justo morbi ut odio cras mi pede', 1),
(391, 280, 129.56, '2017-04-11', 'convallis tortor risus dapibus augue vel accumsan tellus nisi eu orci mauris', 1),
(392, 7, 56.58, '2019-06-30', 'at vulputate vitae nisl aenean lectus pellentesque eget nunc donec quis orci eget orci vehicula condimentum curabitur in libero', 1),
(393, 218, 388.58, '2016-11-23', 'tristique in tempus sit amet sem fusce consequat nulla nisl nunc nisl duis bibendum felis sed interdum venenatis turpis', 1),
(394, 257, 183.43, '2023-09-30', 'vivamus vel nulla eget eros elementum pellentesque quisque porta volutpat erat', 0),
(395, 191, 483.78, '2014-12-04', 'lacus at turpis donec posuere metus vitae ipsum aliquam non mauris morbi non lectus aliquam sit amet diam', 0),
(396, 204, 695.45, '2018-08-20', 'morbi a ipsum integer a nibh in quis justo maecenas', 0),
(397, 339, 580.24, '2017-05-18', 'dui luctus rutrum nulla tellus in sagittis dui vel nisl', 0),
(398, 113, 168.47, '2015-11-25', 'ligula vehicula consequat morbi a ipsum integer a nibh in quis justo', 0),
(399, 387, 165.50, '2023-06-10', 'commodo placerat praesent blandit nam nulla integer pede justo lacinia eget tincidunt eget', 1),
(400, 222, 375.98, '2020-12-05', 'vel lectus in quam fringilla rhoncus mauris enim leo rhoncus sed vestibulum sit amet', 1);

-- --------------------------------------------------------

--
-- Table structure for table `COURSE`
--

CREATE TABLE `COURSE` (
  `course_id` int NOT NULL,
  `course_name` varchar(100) DEFAULT NULL,
  `course_cost` decimal(10,2) DEFAULT NULL,
  `professor_pay` decimal(10,2) DEFAULT NULL
) ENGINE=InnoDB DEFAULT CHARSET=utf8mb4 COLLATE=utf8mb4_0900_ai_ci;

--
-- Dumping data for table `COURSE`
--

INSERT INTO `COURSE` (`course_id`, `course_name`, `course_cost`, `professor_pay`) VALUES
(1, 'General Manager', 242.17, 735.24),
(2, 'Safety Technician I', 721.11, 845.20),
(3, 'Office Assistant III', 600.28, 563.42),
(4, 'Administrative Officer', 502.65, 719.24),
(5, 'Analog Circuit Design manager', 766.60, 671.26),
(6, 'Project Manager', 660.33, 184.13),
(7, 'Account Representative IV', 289.90, 181.11),
(8, 'Financial Analyst', 746.47, 319.40),
(9, 'Director of Sales', 680.33, 150.39),
(10, 'Clinical Specialist', 661.30, 263.28),
(11, 'Recruiting Manager', 291.90, 503.29),
(12, 'Quality Engineer', 825.67, 844.75),
(13, 'Payment Adjustment Coordinator', 754.72, 236.06),
(14, 'Graphic Designer', 377.98, 834.04),
(15, 'Marketing Manager', 741.35, 531.42),
(16, 'Payment Adjustment Coordinator', 267.75, 466.27),
(17, 'Help Desk Technician', 766.76, 242.44),
(18, 'Social Worker', 424.76, 429.46),
(19, 'Actuary', 609.85, 373.14),
(20, 'Staff Accountant III', 577.93, 707.81),
(21, 'Operator', 791.66, 361.30),
(22, 'Automation Specialist I', 591.55, 455.14),
(24, 'Safety Technician II', 505.86, 750.62),
(25, 'Librarian', 870.25, 879.44),
(26, 'Registered Nurse', 299.10, 597.92),
(27, 'Marketing Manager', 825.97, 109.54),
(28, 'Director of Sales', 706.18, 236.92),
(29, 'Staff Scientist', 249.20, 368.82),
(30, 'Social Worker', 968.05, 207.79),
(31, 'Help Desk Technician', 667.67, 658.27),
(32, 'Engineer II', 525.20, 440.71),
(33, 'Senior Cost Accountant', 211.81, 570.73),
(34, 'Geological Engineer', 879.32, 465.09),
(35, 'Nuclear Power Engineer', 665.05, 157.55),
(36, 'Software Consultant', 727.59, 911.15),
(37, 'Environmental Tech', 734.16, 839.29),
(38, 'Account Representative I', 117.54, 321.22),
(39, 'Structural Engineer', 148.89, 842.20),
(40, 'Research Associate', 778.01, 113.10),
(41, 'Recruiting Manager', 823.72, 766.29),
(42, 'Teacher', 128.96, 709.30),
(43, 'Software Test Engineer II', 844.54, 165.60),
(44, 'Marketing Manager', 433.27, 559.22),
(45, 'Health Coach II', 211.84, 609.21),
(46, 'Analyst Programmer', 790.47, 484.48),
(47, 'Environmental Tech', 324.66, 859.91),
(48, 'Web Designer I', 218.59, 360.85),
(49, 'Senior Editor', 259.44, 564.32),
(50, 'Biostatistician II', 716.48, 441.14),
(51, 'Civil Engineer', 411.22, 257.23),
(52, 'Teacher', 258.58, 737.81),
(53, 'Data Coordinator', 278.04, 973.82),
(54, 'Senior Sales Associate', 427.00, 341.08),
(55, 'Automation Specialist II', 465.30, 367.46),
(56, 'Staff Scientist', 307.52, 871.82),
(57, 'Senior Quality Engineer', 282.97, 921.10),
(59, 'Structural Engineer', 288.50, 266.91),
(60, 'Web Designer IV', 523.71, 949.84),
(61, 'General Manager', 960.88, 529.17),
(62, 'Sales Associate', 526.74, 208.47),
(63, 'Marketing Manager', 736.13, 172.72),
(64, 'Sales Associate', 598.29, 731.85),
(65, 'Software Consultant', 886.33, 257.31),
(66, 'Mechanical Systems Engineer', 360.86, 217.10),
(67, 'Programmer II', 613.18, 641.27),
(68, 'Information Systems Manager', 462.49, 404.08),
(69, 'Software Consultant', 320.22, 515.48),
(70, 'Physical Therapy Assistant', 455.16, 393.39),
(71, 'Account Coordinator', 797.78, 313.81),
(72, 'Cost Accountant', 566.80, 748.68),
(73, 'Office Assistant I', 664.21, 812.98),
(74, 'Staff Scientist', 995.88, 541.83),
(75, 'Occupational Therapist', 625.46, 435.46),
(76, 'VP Accounting', 570.82, 399.31),
(78, 'Junior Executive', 521.19, 667.37),
(79, 'Editor', 875.73, 138.12),
(81, 'Occupational Therapist', 208.42, 843.42),
(82, 'General Manager', 501.89, 368.51),
(83, 'Health Coach I', 133.33, 994.19),
(84, 'Help Desk Operator', 976.29, 574.52),
(85, 'Web Developer II', 805.33, 704.86),
(86, 'Financial Advisor', 217.26, 669.04),
(87, 'Technical Writer', 492.67, 968.27),
(88, 'VP Sales', 251.34, 782.02),
(89, 'Environmental Tech', 170.75, 908.15),
(90, 'Clinical Specialist', 140.42, 294.52),
(91, 'Tax Accountant', 425.05, 585.38),
(92, 'Desktop Support Technician', 108.13, 257.61),
(93, 'Internal Auditor', 593.64, 803.33),
(94, 'Director of Sales', 687.14, 499.77),
(95, 'Actuary', 305.71, 607.67),
(96, 'Sales Associate', 350.73, 153.41),
(97, 'Payment Adjustment Coordinator', 528.13, 599.96),
(98, 'Database Administrator III', 127.82, 363.44),
(99, 'Professor', 262.18, 375.28),
(100, 'Analyst Programmer', 427.73, 231.37),
(101, 'Civil Engineer', 891.91, 292.41),
(102, 'Compensation Analyst', 536.82, 766.26),
(103, 'Recruiter', 756.37, 272.07),
(104, 'Community Outreach Specialist', 895.51, 521.89),
(105, 'Internal Auditor', 947.35, 976.35),
(107, 'Associate Professor', 342.04, 387.35),
(108, 'Geological Engineer', 797.91, 627.60),
(109, 'Human Resources Manager', 322.07, 454.60),
(110, 'Project Manager', 527.88, 986.62),
(111, 'Administrative Assistant IV', 598.91, 643.73),
(112, 'Geological Engineer', 941.26, 997.27),
(113, 'GIS Technical Architect', 404.47, 497.37),
(115, 'Accountant III', 334.23, 653.19),
(116, 'Help Desk Technician', 558.02, 889.60),
(117, 'Senior Quality Engineer', 643.36, 206.43),
(118, 'Mechanical Systems Engineer', 840.64, 479.99),
(119, 'Nuclear Power Engineer', 993.50, 896.57),
(120, 'Food Chemist', 257.37, 464.47),
(121, 'GIS Technical Architect', 808.77, 329.59),
(122, 'Administrative Assistant II', 407.24, 825.16),
(123, 'Media Manager I', 267.07, 436.75),
(124, 'Civil Engineer', 788.60, 877.85),
(125, 'Physical Therapy Assistant', 986.03, 292.80),
(126, 'VP Marketing', 423.84, 379.72),
(127, 'Operator', 139.92, 546.72),
(128, 'Nurse Practicioner', 147.43, 328.43),
(129, 'Editor', 154.98, 219.48),
(130, 'Account Representative I', 310.52, 150.86),
(131, 'Editor', 816.87, 723.91),
(132, 'Geological Engineer', 685.54, 932.60),
(133, 'Structural Analysis Engineer', 633.89, 189.70),
(134, 'Cost Accountant', 295.56, 555.71),
(135, 'Social Worker', 526.61, 143.49),
(136, 'Assistant Media Planner', 982.69, 395.19),
(137, 'Dental Hygienist', 660.76, 111.04),
(138, 'Food Chemist', 418.78, 132.08),
(139, 'Statistician IV', 726.70, 192.96),
(140, 'Senior Cost Accountant', 406.08, 166.81),
(141, 'VP Marketing', 407.74, 558.15),
(142, 'Senior Sales Associate', 820.32, 109.47),
(143, 'Database Administrator IV', 155.38, 530.52),
(144, 'Marketing Assistant', 280.86, 522.56),
(145, 'Senior Sales Associate', 246.37, 140.98),
(146, 'VP Quality Control', 406.94, 355.84),
(147, 'Database Administrator III', 190.68, 921.51),
(149, 'VP Quality Control', 449.74, 460.76),
(150, 'Web Designer IV', 614.26, 602.96),
(151, 'Marketing Manager', 848.06, 560.46),
(152, 'Quality Control Specialist', 896.61, 526.93),
(153, 'Assistant Media Planner', 216.39, 199.62),
(154, 'Systems Administrator IV', 119.91, 160.87),
(155, 'Executive Secretary', 905.87, 352.17),
(156, 'VP Product Management', 467.60, 548.67),
(157, 'Marketing Assistant', 712.44, 354.30),
(158, 'Help Desk Technician', 501.64, 963.60),
(160, 'Cost Accountant', 421.48, 108.53),
(161, 'Financial Advisor', 396.69, 500.84),
(162, 'Help Desk Technician', 318.12, 947.22),
(163, 'Director of Sales', 608.20, 991.78),
(164, 'Automation Specialist I', 234.48, 623.81),
(165, 'Account Representative II', 867.66, 795.67),
(166, 'Community Outreach Specialist', 710.76, 272.64),
(167, 'Statistician III', 818.11, 169.73),
(168, 'Tax Accountant', 518.59, 394.67),
(169, 'Budget/Accounting Analyst III', 874.26, 432.55),
(170, 'Engineer III', 306.84, 937.30),
(171, 'Mechanical Systems Engineer', 607.76, 743.54),
(172, 'Assistant Professor', 438.59, 572.53),
(174, 'Human Resources Manager', 336.86, 710.79),
(175, 'Internal Auditor', 634.87, 682.50),
(176, 'VP Marketing', 672.28, 305.33),
(177, 'Junior Executive', 713.81, 807.88),
(178, 'Staff Accountant IV', 495.81, 265.40),
(179, 'Media Manager III', 121.75, 734.79),
(180, 'Analog Circuit Design manager', 424.01, 518.56),
(181, 'VP Marketing', 698.66, 696.61),
(182, 'Financial Advisor', 179.62, 525.66),
(183, 'Social Worker', 783.71, 530.28),
(184, 'Community Outreach Specialist', 749.99, 608.33),
(185, 'Budget/Accounting Analyst IV', 996.58, 845.97),
(186, 'Assistant Media Planner', 835.75, 930.11),
(187, 'Nurse', 477.47, 175.17),
(188, 'Civil Engineer', 810.16, 649.40),
(189, 'Database Administrator II', 219.46, 364.41),
(190, 'Nurse', 646.53, 874.81),
(191, 'Human Resources Assistant IV', 819.59, 134.20),
(192, 'Statistician I', 696.83, 965.30),
(194, 'Social Worker', 281.41, 639.26),
(195, 'Product Engineer', 855.42, 500.85),
(196, 'Civil Engineer', 645.46, 226.99),
(197, 'Environmental Tech', 506.42, 955.66),
(198, 'VP Sales', 959.60, 951.85),
(199, 'Human Resources Manager', 379.24, 161.36),
(200, 'Safety Technician II', 256.28, 800.48),
(201, 'Senior Financial Analyst', 388.03, 984.90),
(202, 'VP Marketing', 503.92, 393.67),
(203, 'Research Associate', 830.93, 311.76),
(204, 'Cost Accountant', 309.60, 496.44),
(205, 'Technical Writer', 492.36, 985.75),
(206, 'Cost Accountant', 467.53, 437.85),
(207, 'Administrative Assistant II', 942.86, 661.43),
(208, 'Accountant IV', 233.49, 922.99),
(209, 'Desktop Support Technician', 249.89, 902.49),
(210, 'Payment Adjustment Coordinator', 819.97, 965.11),
(211, 'Executive Secretary', 590.84, 808.45),
(212, 'Help Desk Technician', 886.16, 544.51),
(213, 'Systems Administrator III', 909.36, 318.73),
(214, 'Junior Executive', 537.61, 334.33),
(215, 'Recruiter', 541.15, 715.94),
(216, 'Technical Writer', 374.42, 575.33),
(217, 'Structural Engineer', 372.23, 820.56),
(218, 'Financial Advisor', 886.89, 740.30),
(219, 'Operator', 907.34, 157.64),
(220, 'Marketing Assistant', 797.66, 321.82),
(221, 'Recruiter', 554.72, 653.54),
(222, 'Dental Hygienist', 397.02, 617.30),
(223, 'VP Accounting', 903.01, 630.03),
(224, 'GIS Technical Architect', 291.18, 861.69),
(225, 'Actuary', 238.34, 559.44),
(226, 'Senior Cost Accountant', 225.48, 463.31),
(227, 'Data Coordinator', 753.53, 123.12),
(228, 'Director of Sales', 271.13, 577.05),
(229, 'Technical Writer', 232.93, 987.92),
(230, 'VP Quality Control', 657.34, 128.05),
(231, 'Programmer II', 506.56, 445.91),
(232, 'Physical Therapy Assistant', 952.52, 132.52),
(233, 'VP Sales', 587.57, 270.63),
(234, 'Health Coach IV', 260.61, 504.98),
(235, 'Account Executive', 559.47, 880.59),
(236, 'Analog Circuit Design manager', 660.11, 219.48),
(237, 'Environmental Specialist', 355.75, 435.49),
(238, 'Actuary', 884.52, 465.35),
(239, 'Pharmacist', 921.86, 531.26),
(240, 'Dental Hygienist', 447.71, 557.93),
(241, 'Geologist II', 406.03, 997.71),
(242, 'Recruiter', 878.66, 774.41),
(243, 'Business Systems Development Analyst', 360.87, 156.71),
(245, 'Assistant Professor', 169.95, 392.09),
(246, 'Nuclear Power Engineer', 629.47, 515.23),
(247, 'Payment Adjustment Coordinator', 510.63, 106.40),
(248, 'VP Marketing', 793.44, 532.57),
(249, 'Sales Representative', 375.74, 495.03),
(250, 'Director of Sales', 477.91, 704.55),
(252, 'Research Assistant III', 682.90, 418.68),
(253, 'Nuclear Power Engineer', 245.13, 171.71),
(254, 'Web Designer IV', 641.14, 858.92),
(255, 'Structural Engineer', 981.68, 555.84),
(256, 'Structural Analysis Engineer', 976.99, 800.66),
(257, 'Speech Pathologist', 404.23, 998.57),
(258, 'Sales Representative', 917.47, 181.56),
(259, 'Actuary', 151.58, 132.21),
(260, 'Analyst Programmer', 566.28, 730.92),
(261, 'Software Test Engineer IV', 343.41, 575.78),
(262, 'Office Assistant IV', 456.75, 521.05),
(263, 'Programmer Analyst IV', 679.45, 132.93),
(264, 'Human Resources Assistant IV', 522.38, 323.78),
(265, 'Compensation Analyst', 185.65, 648.14),
(266, 'Director of Sales', 823.85, 556.49),
(267, 'Accounting Assistant IV', 999.48, 421.96),
(268, 'Computer Systems Analyst II', 287.84, 719.43),
(269, 'Community Outreach Specialist', 364.95, 140.24),
(270, 'Cost Accountant', 505.08, 943.16),
(271, 'Environmental Tech', 793.22, 561.68),
(273, 'Assistant Professor', 931.10, 591.84),
(274, 'GIS Technical Architect', 512.80, 324.75),
(275, 'VP Product Management', 590.37, 585.54),
(276, 'Occupational Therapist', 157.15, 658.50),
(277, 'VP Marketing', 550.16, 384.50),
(278, 'Software Engineer I', 246.33, 629.18),
(279, 'VP Accounting', 538.74, 537.20),
(280, 'Senior Cost Accountant', 388.44, 555.38),
(281, 'Programmer Analyst I', 783.94, 679.94),
(282, 'Recruiting Manager', 200.17, 187.09),
(283, 'Computer Systems Analyst IV', 443.01, 945.35),
(284, 'Geological Engineer', 873.07, 819.07),
(285, 'Social Worker', 823.22, 532.80),
(286, 'Account Representative III', 878.58, 588.08),
(287, 'GIS Technical Architect', 735.39, 288.04),
(288, 'Nuclear Power Engineer', 926.11, 979.97),
(289, 'Research Assistant III', 509.42, 694.96),
(290, 'Help Desk Operator', 692.57, 457.80),
(291, 'Civil Engineer', 544.64, 941.75),
(292, 'Sales Representative', 201.59, 280.24),
(293, 'Statistician I', 284.08, 179.47),
(294, 'Technical Writer', 948.75, 831.12),
(295, 'Chief Design Engineer', 929.32, 118.81),
(296, 'Account Coordinator', 235.86, 953.71),
(297, 'Cost Accountant', 499.87, 740.59),
(298, 'Financial Advisor', 884.22, 539.72),
(299, 'Systems Administrator IV', 533.71, 747.21),
(300, 'Project Manager', 265.93, 501.35),
(301, 'Account Representative III', 161.94, 533.95),
(302, 'Human Resources Manager', 568.00, 577.82),
(303, 'Senior Editor', 644.75, 403.38),
(304, 'Biostatistician II', 904.62, 746.75),
(305, 'VP Accounting', 723.60, 514.20),
(306, 'Senior Developer', 798.43, 114.25),
(307, 'Human Resources Assistant III', 276.80, 794.11),
(308, 'Nurse Practicioner', 954.44, 987.20),
(309, 'Internal Auditor', 986.18, 332.35),
(311, 'Media Manager III', 976.68, 870.97),
(312, 'Quality Engineer', 731.51, 739.95),
(313, 'Operator', 885.69, 597.66),
(314, 'Statistician III', 959.14, 563.05),
(315, 'Account Representative III', 685.69, 535.74),
(317, 'Occupational Therapist', 377.29, 433.69),
(318, 'Safety Technician IV', 357.84, 912.75),
(319, 'Occupational Therapist', 657.68, 226.09),
(320, 'Environmental Specialist', 482.76, 505.49),
(321, 'Sales Representative', 419.69, 285.64),
(322, 'Analog Circuit Design manager', 435.05, 714.94),
(323, 'Office Assistant III', 520.16, 648.47),
(324, 'Compensation Analyst', 378.99, 749.30),
(325, 'Environmental Specialist', 234.09, 619.99),
(327, 'Environmental Specialist', 161.39, 378.75),
(328, 'Quality Control Specialist', 547.41, 105.52),
(329, 'Health Coach IV', 766.12, 415.93),
(330, 'Food Chemist', 921.78, 556.37),
(331, 'Quality Engineer', 646.55, 519.87),
(332, 'Physical Therapy Assistant', 813.91, 983.63),
(333, 'Chemical Engineer', 416.67, 700.93),
(334, 'Director of Sales', 779.52, 892.39),
(335, 'Administrative Assistant II', 443.72, 917.64),
(336, 'Social Worker', 625.37, 105.13),
(337, 'Sales Associate', 378.76, 800.16),
(338, 'Marketing Manager', 745.78, 127.65),
(339, 'VP Quality Control', 363.76, 862.46),
(341, 'Executive Secretary', 318.61, 971.79),
(342, 'Community Outreach Specialist', 344.29, 430.99),
(343, 'Paralegal', 613.91, 335.23),
(344, 'Legal Assistant', 580.99, 639.97),
(345, 'Marketing Assistant', 855.15, 745.60),
(346, 'Engineer I', 498.87, 700.60),
(348, 'GIS Technical Architect', 973.84, 627.89),
(349, 'Compensation Analyst', 464.03, 408.04),
(350, 'Clinical Specialist', 131.14, 860.74),
(351, 'Account Representative III', 234.77, 687.23),
(352, 'Safety Technician III', 991.06, 448.40),
(353, 'Chief Design Engineer', 278.09, 491.94),
(354, 'Community Outreach Specialist', 723.88, 675.44),
(355, 'Senior Financial Analyst', 475.86, 642.69),
(356, 'Payment Adjustment Coordinator', 280.06, 534.90),
(358, 'Software Consultant', 863.20, 553.49),
(359, 'Staff Accountant IV', 117.51, 690.51),
(361, 'Chemical Engineer', 687.29, 312.13),
(362, 'VP Marketing', 692.70, 841.84),
(363, 'Nurse Practicioner', 342.52, 228.30),
(364, 'Research Nurse', 155.83, 414.56),
(365, 'Tax Accountant', 573.33, 345.98),
(366, 'Office Assistant III', 612.64, 609.97),
(367, 'Nurse Practicioner', 142.05, 497.94),
(368, 'Web Developer IV', 226.62, 108.21),
(369, 'Compensation Analyst', 881.44, 924.10),
(370, 'Nuclear Power Engineer', 397.62, 470.58),
(371, 'Budget/Accounting Analyst IV', 870.03, 867.74),
(372, 'Senior Developer', 213.16, 882.57),
(373, 'Staff Accountant I', 334.68, 435.15),
(374, 'Actuary', 420.65, 385.27),
(375, 'Speech Pathologist', 608.86, 887.71),
(376, 'Web Developer IV', 516.98, 779.37),
(377, 'Tax Accountant', 506.89, 379.52),
(378, 'Registered Nurse', 817.15, 184.10),
(379, 'Analyst Programmer', 961.28, 890.48),
(380, 'Actuary', 441.77, 646.64),
(382, 'Compensation Analyst', 938.57, 427.18),
(383, 'Analyst Programmer', 411.50, 469.25),
(384, 'Systems Administrator II', 349.67, 916.28),
(385, 'Actuary', 647.10, 518.69),
(386, 'Nurse', 830.74, 287.45),
(387, 'Database Administrator I', 308.27, 651.64),
(388, 'Web Designer III', 474.24, 869.61),
(389, 'Nurse Practicioner', 821.06, 745.19),
(390, 'Sales Representative', 425.03, 271.18),
(391, 'Paralegal', 835.23, 189.06),
(393, 'Junior Executive', 404.19, 452.76),
(394, 'Engineer IV', 728.24, 866.15),
(395, 'General Manager', 198.60, 218.14),
(396, 'Chemical Engineer', 921.68, 669.13),
(397, 'Technical Writer', 232.95, 424.47),
(398, 'Payment Adjustment Coordinator', 847.89, 872.74),
(399, 'Senior Editor', 966.47, 586.75);

-- --------------------------------------------------------

--
-- Table structure for table `PERSON`
--

CREATE TABLE `PERSON` (
  `person_id` int NOT NULL,
  `first_name` varchar(50) DEFAULT NULL,
  `last_name` varchar(50) DEFAULT NULL,
  `date_of_birth` date DEFAULT NULL,
  `bank_account` varchar(20) DEFAULT NULL,
  `national_id` varchar(20) DEFAULT NULL
) ENGINE=InnoDB DEFAULT CHARSET=utf8mb4 COLLATE=utf8mb4_0900_ai_ci;

--
-- Dumping data for table `PERSON`
--

INSERT INTO `PERSON` (`person_id`, `first_name`, `last_name`, `date_of_birth`, `bank_account`, `national_id`) VALUES
(1, 'Minor', 'Frances', '2000-03-11', '1DAw39nxqE2zGuwBihqU', '4401377265\r'),
(2, 'Jacquette', 'Delouch', '1998-04-28', '12EY7ujUeEDjGLpMibCU', '0015606139\r'),
(3, 'Adorne', 'Couper', '1993-05-24', '1EMJPv9qvnEDkHQvS9Bn', '2677768321\r'),
(4, 'Tracie', 'Meddings', '2003-05-07', '18gXgDhKhp4RL9jjvG7b', '0736270280\r'),
(5, 'Kale', 'Cassedy', '2003-03-30', '1LEvnfKkGyT9gmr8VXiS', '6463404748\r'),
(6, 'Cal', 'Duchatel', '1990-12-26', '1Dpbm3VaoMdVkcb8E3Z9', '0935254307\r'),
(7, 'Nester', 'Melley', '1995-05-24', '15Rf3bNpBjdLiQ6Byso9', '7456361088\r'),
(8, 'Reube', 'Grebbin', '2003-06-07', '1HjfoVPWdxc1AfKiAyz2', '1412919576\r'),
(9, 'Stanwood', 'Alesin', '2000-12-13', '1NrqbgUYpcAfbkqAzTqx', '4995201610\r'),
(10, 'Caitlin', 'Kassidy', '1993-05-14', '1FgdSo8jYNQWH5jS5ioy', '0245318410\r'),
(11, 'Billie', 'Boote', '1990-03-08', '1FNoKj15FiBanqr8TvHF', '3849739937\r'),
(12, 'Milton', 'Assender', '1991-03-30', '1ACzRLMXJdmqUPGSVFAt', '7551789014\r'),
(13, 'Julita', 'Chasemoore', '2001-06-25', '1CpNuMJnz1JoKDTizT1J', '1856401200\r'),
(14, 'Vilhelmina', 'Kelner', '1995-04-11', '1Mth1xvxTgGaeRGgcji7', '1084654628\r'),
(15, 'Arny', 'Roblou', '1998-12-18', '1F4ztdCoL3mXFfpFn9FN', '1633624641\r'),
(16, 'Marna', 'Ducaen', '2002-10-09', '1JbCn7MTYYRCijVNW8w5', '6802190532\r'),
(17, 'Dina', 'Vallis', '1999-08-11', '165Uw2hHDks8Vtw2oD4M', '1795321873\r'),
(18, 'Micky', 'Lejeune', '2000-08-14', '1Nqb19dMYXHwBLEbBGbq', '8473235738\r'),
(19, 'Manfred', 'MacGillavery', '2001-12-03', '1F9BGa9BbFHXAP79YSFS', '6947870135\r'),
(20, 'Sayres', 'Gritsaev', '1993-07-13', '13eZF4QEd3AUid4RUJvZ', '8733158460\r'),
(21, 'Ashlin', 'Dulieu', '1999-11-16', '12uq7kRqU8xiHxu5FCAR', '5073777212\r'),
(22, 'Ilysa', 'Chomicz', '1993-04-17', '19wHZh4N7YJwbmsRrjTr', '6934853431\r'),
(23, 'Brigida', 'McAlpin', '1996-05-29', '1H3apUD7ufAGrDDomaG2', '5693492125\r'),
(24, 'Timmy', 'Trewin', '1996-06-02', '12R9MKTSa4KroZtQLST6', '7688224217\r'),
(25, 'Natty', 'Shave', '1991-03-26', '1KhKhWwqXjcsPiqm854B', '4990081250\r'),
(26, 'Emalee', 'Orris', '1999-03-02', '1FiWJHxhFcq3D3deXZsA', '9915032765\r'),
(27, 'Ellynn', 'Connah', '1996-12-07', '1CW2K5ijjGseuYefkjhc', '0203453719\r'),
(28, 'Mellie', 'Jagoe', '2003-06-18', '16YebT41vTnEf32Gpwiy', '0709677014\r'),
(29, 'Rowen', 'Rylatt', '1991-10-17', '1FyaffY1c3MZBCpfz9Rx', '2988619654\r'),
(30, 'Winnifred', 'Hughf', '1990-12-31', '1CCejyHhvbYE5hUF2udC', '5284989732\r'),
(31, 'Flynn', 'Curgenven', '1990-04-20', '1KctL3iJi9s9hJq7Lhph', '2267532328\r'),
(32, 'Lionel', 'Pierce', '1992-10-02', '12AQiDTmKiaDoGBrg2Mo', '1869197003\r'),
(33, 'Sosanna', 'Yankin', '2000-04-10', '1AuHcbo9vNavKtZW29e1', '3156788066\r'),
(34, 'Joice', 'Varney', '1990-05-02', '12CaZAvQ8As7SQni4JEd', '3147812081\r'),
(35, 'Lyn', 'Privett', '1998-06-28', '18fSdMTEVXRfLN3MWQrH', '1834958784\r'),
(36, 'Itch', 'Conry', '1993-02-11', '1EiKwzQUx6ARmG7n1cat', '4812878551\r'),
(37, 'Augusto', 'Novik', '2001-02-18', '12Bdc1t4xJ3fptVbxArd', '6521399500\r'),
(38, 'Pearle', 'Bagby', '1990-02-02', '1AMxAbj8ETCou6gDTUqc', '4472819201\r'),
(39, 'Jelene', 'Lideard', '1998-03-15', '19Za71PbvigwTfiCtyga', '4994214182\r'),
(40, 'Cully', 'Heinzel', '1993-08-31', '1NzUVnWaxdb2d9uQJV5o', '3815991706\r'),
(41, 'Sean', 'Sayer', '2001-12-28', '18VjderDs7Rja2bBMT6y', '8497194101\r'),
(42, 'Nady', 'Ganter', '2001-12-26', '16c4hQzFEfjTVdrQ3Wjb', '1663191263\r'),
(43, 'Fernandina', 'Seneschal', '2001-11-30', '1LngvUBKVSDvvzmBvcC7', '0250953692\r'),
(44, 'Steffie', 'Reggiani', '1990-11-21', '1BBd5ZcdZpVmMkBGJyBH', '2548806049\r'),
(45, 'Steffane', 'Shillam', '2001-11-30', '16fXoXjB8YTX2cF8TLyB', '6952955844\r'),
(46, 'Donaugh', 'Simenot', '2003-08-13', '16MnZKpufpjjXEviKw34', '8190471023\r'),
(47, 'Ashil', 'Kirsopp', '1992-12-11', '1PCJ4FvbrKvisxcZvLwK', '5938239109\r'),
(48, 'Gaylord', 'Sygrove', '2003-10-11', '1H8zxwBjaSYbfN3pDXEP', '0006198147\r'),
(49, 'Lazare', 'De Zuani', '1990-11-16', '17UeKi3AiaN3AgP9v5Pn', '5917003130\r'),
(50, 'Micki', 'Fenech', '1990-06-25', '1C8wZ25A4zCRZ9E2w3xU', '7784949774\r'),
(51, 'Cash', 'Diggens', '1990-12-14', '1Ku4fVhzaALEad65qtae', '6774525253\r'),
(52, 'Morry', 'Fairbeard', '1996-08-22', '16F2infFhBwV5EYPVNJc', '0084566590\r'),
(53, 'Cash', 'Ohms', '1993-12-10', '1EFJKWd7FhUyp3P5C9oE', '7069780680\r'),
(54, 'Sawyere', 'Kulver', '2000-03-25', '1DSK23wgrCcZEv9soFA6', '5156858295\r'),
(55, 'Mella', 'Durker', '1992-12-10', '1BKzYHafHkKaHuGMBw98', '6163544757\r'),
(56, 'Elaina', 'Prugel', '2003-02-05', '198iinLPwTvhVC2smjcD', '4264458110\r'),
(57, 'Maddi', 'Eagleston', '1999-06-17', '1GF6NnCDzDMy5QuG3Wrv', '7377540877\r'),
(58, 'Lyn', 'Manueli', '1991-09-26', '15WP2KeJsJ6gofE1KXku', '9945677659\r'),
(59, 'Claudette', 'Spriggen', '1996-12-29', '1P6XJs133ZboLHirmhJ9', '5958878662\r'),
(60, 'Queenie', 'Rubert', '1992-10-10', '1G5RHpcrRhqQsc4uQF94', '1437069401\r'),
(61, 'Dotty', 'McKew', '1991-02-17', '1NDZZCwZwsWdyejrVBMx', '7227667502\r'),
(62, 'Carver', 'Maevela', '2001-06-03', '112cseTSFirA167KxCpv', '5439521887\r'),
(63, 'Beryle', 'Dowman', '2001-06-15', '14Mhz1zmVx9NwKDm56FH', '9783795570\r'),
(64, 'Kakalina', 'Hakes', '1999-01-30', '1PkXdoBdUfvuac8a5oKf', '2276945753\r'),
(65, 'Bradford', 'Chitson', '2001-10-05', '1B9RL8evPGYtdjXczHwy', '8927240197\r'),
(66, 'Aron', 'Oslar', '1997-08-24', '1EVcKbH7nFPtC5E1tp82', '8768931107\r'),
(67, 'Wallie', 'Antoniazzi', '1997-10-23', '1B5chjr9dY9DRRksGPLW', '4225260011\r'),
(68, 'Sadella', 'Beever', '1999-12-09', '1FpV34E1yRCXET4WMwpf', '0609832255\r'),
(69, 'Trish', 'Tetford', '1994-09-26', '16y2ceavoDd4x1yhWC5W', '4278199392\r'),
(70, 'Nolana', 'Glasbey', '1997-12-13', '1EbM2vLepjQuPySafTi9', '2352177197\r'),
(71, 'Hildy', 'Hackey', '2000-10-19', '1MRBtqZgTS3YVVRdZagP', '5867613003\r'),
(72, 'Archer', 'Armer', '1991-07-04', '1DEoLHssKaZeJh6HuJz2', '7858641220\r'),
(73, 'Lanie', 'Aizik', '2000-11-03', '1P1bjpSvMyQvfLnrC1we', '3038198986\r'),
(74, 'Maren', 'Charge', '1996-08-14', '1KTqQhqLTQZaCJRpaNEC', '0750856467\r'),
(75, 'Harmonia', 'Tillyer', '1993-02-13', '1Ht8oaWMjSpqdNyM3RbB', '6820760213\r'),
(76, 'Sella', 'Tyt', '1996-04-14', '1MM4XDtWwuNo3Lk63sHK', '0078929059\r'),
(77, 'Giana', 'Elphey', '2003-11-14', '1Z5h3n2G3bf89x92qH5A', '2273784708\r'),
(78, 'Alphard', 'Meiklejohn', '1995-03-05', '1Lqx1u7HNED1qdpMBNfH', '4396315864\r'),
(79, 'Arabele', 'Segoe', '1991-09-27', '16CAyxL8mCpT23u2wwDc', '6779265187\r'),
(80, 'Elsy', 'Sloey', '1998-08-08', '12RVUZb5qM8j27yKW2Xj', '9627563803\r'),
(81, 'Neville', 'Brecher', '2000-03-11', '1KF9CsMizpJnJ2u1764u', '0985379316\r'),
(82, 'Jilleen', 'Geydon', '2002-02-22', '1DTieSrybNH1jtVmaqvn', '3997006792\r'),
(83, 'Andree', 'Balderson', '1997-06-04', '1caQWXJRyh9DRr7rcL8E', '9146343520\r'),
(84, 'Corny', 'Boorne', '2000-05-05', '12Ldmr46g8frcBwHeiF1', '3923458398\r'),
(85, 'Perren', 'Gofforth', '1992-09-02', '1BjizPYqKF3nET65wDrc', '7626075226\r'),
(86, 'Ferd', 'MacCardle', '1996-05-17', '17SY8p561KBsY4pifrAF', '1696751748\r'),
(87, 'Dunstan', 'Dot', '1990-09-26', '1EdtKEDQzWcUKi8Ab8TE', '2813276715\r'),
(88, 'Daffie', 'Hardey', '1998-06-10', '1DwsGeahXkUfcNwEZx41', '1913772632\r'),
(89, 'Harp', 'Pie', '2001-03-02', '12z3yZk245FHTrvmfU25', '1066815984\r'),
(90, 'Jamill', 'Fieldstone', '1993-04-16', '1MqnT5jYmY3JHygUygUa', '9976038747\r'),
(91, 'Jonathan', 'Mulderrig', '1993-10-12', '16oVzPoybXHmtsH314gh', '7762768998\r'),
(92, 'Amata', 'Masson', '1997-12-18', '115RHmRAgENpc2uF6PQb', '4011726516\r'),
(93, 'Ingaberg', 'Grahamslaw', '2000-10-14', '1GwQidyPvLaNWvYWMcE7', '9955190132\r'),
(94, 'Rheta', 'Evered', '2000-07-08', '1HMM5qhiVgZnZUQRxpm7', '8841300647\r'),
(95, 'Stanley', 'Emmatt', '1993-05-09', '1AsKpdju4C1W6KJ1n63o', '5033574949\r'),
(96, 'Gabriel', 'Water', '1991-11-26', '1Grnsq1eKkdgHxzsxDys', '0173381448\r'),
(97, 'Emlynn', 'Lightning', '1995-12-30', '14n3jMZCLn8fcxASyBqG', '5725251535\r'),
(98, 'Tisha', 'Everson', '2003-02-27', '16wXULpNsMZnA4fEAwtx', '3572198720\r'),
(99, 'Parnell', 'Velasquez', '2000-06-03', '1PXQXCwnRx7v6sEQyU54', '0838631541\r'),
(100, 'Mayor', 'Probert', '1998-05-07', '148mSaF4zzsWRn1FNTc7', '2704827575\r'),
(101, 'Berti', 'Schiell', '1990-03-01', '15gVmU6Vbc9WB48LtHbV', '4356131355\r'),
(102, 'Lucien', 'Deinhard', '1994-05-28', '18ANrTc7peVTX52VSQFU', '6226788275\r'),
(103, 'Trever', 'Roddell', '1992-09-05', '12J717CPW1U2Abp7SacB', '6990199121\r'),
(104, 'Mechelle', 'Lafayette', '1991-11-24', '16iue8736VCtKH5baVpM', '5528854954\r'),
(105, 'Sissy', 'Weiser', '1999-07-28', '17qNxUoYqfEV23HiBiGY', '2918672521\r'),
(106, 'Clari', 'Hould', '1991-05-06', '1L36edH5rU5cQgDvMKow', '1049196910\r'),
(107, 'Janella', 'Lobe', '1992-05-02', '1A18afqescECMh454hqW', '0552630977\r'),
(108, 'Minnie', 'Pedwell', '1998-07-10', '134L1CVC3faeT2DGba1U', '3234427410\r'),
(109, 'Reilly', 'Officer', '1998-09-03', '12yJDbjDkTK6N6w4tzLS', '8512104201\r'),
(110, 'Chere', 'Shorey', '2003-09-30', '1NbRWmrdLJnaeuxrHrd4', '5697072554\r'),
(111, 'Dreddy', 'Rounsefell', '2000-01-02', '1JMLf98FkCyECo2yLd7d', '4869717999\r'),
(112, 'Robenia', 'Blyth', '2001-12-07', '18M244uYw3p6zg8j9trP', '5871468500\r'),
(113, 'Gabi', 'Featherstonhaugh', '1999-04-21', '1AgCESG4wrp4kjYqUfbX', '7770366828\r'),
(114, 'Halie', 'Decent', '1999-06-07', '1LF1NrZKsSfi3RWEL1ca', '9493691144\r'),
(115, 'Xymenes', 'Sogg', '1990-03-25', '1NwmY2wnfqb3mu4VVmxJ', '4142865595\r'),
(116, 'Brittne', 'Stidston', '1994-04-09', '1CF9J6LcGfjgrYqag8pf', '5978826064\r'),
(117, 'Dido', 'Hawk', '2003-11-02', '1Ha23wBdbWKoymk82EvK', '1454315148\r'),
(118, 'Annecorinne', 'Inkster', '1998-04-11', '1MscBuAeM8DoyPn89rx7', '6777111883\r'),
(119, 'Virgie', 'Tite', '1994-02-01', '1JS4MBiAMvQS7d1xjY6a', '4772977570\r'),
(120, 'Chan', 'Bonnett', '1991-09-21', '148mvotS7Nm5nd14PSgs', '5629132989\r'),
(121, 'Killian', 'Horsburgh', '1997-02-18', '1Hg8LB8RPhiZpjPuaC2K', '1331456819\r'),
(122, 'Sullivan', 'Scintsbury', '1992-02-21', '16ZKDuJferCyYwvmtKrB', '8528073122\r'),
(123, 'Sollie', 'Buttwell', '1998-02-24', '17sMhsnQPe7v5bub6WgQ', '8771682619\r'),
(124, 'Daren', 'Negri', '1990-09-20', '12dJdmpnDXhdwhp525Sp', '5628277193\r'),
(125, 'Beverlie', 'Algar', '1997-03-01', '1KArxwYQaww2kyPnL4iK', '5293311905\r'),
(126, 'Penrod', 'Towns', '1993-10-18', '1BPTksWTnhy1h1GkNTHW', '2137130602\r'),
(127, 'Jewell', 'Colcomb', '1995-10-14', '1Q17mKcRTVDmgoQdsXa6', '4839679819\r'),
(128, 'Angeline', 'Goby', '2000-06-05', '15gWkyxUKXgDSQ5VQWxD', '3387875045\r'),
(129, 'Sterling', 'Sabbin', '1996-10-10', '1KMXg3WrLG9oJVQnVtFa', '0850646944\r'),
(130, 'Imelda', 'Twigge', '1997-10-22', '19hxaxgEEEytVXG6Q66n', '1166948080\r'),
(131, 'Hube', 'Aleswell', '1992-07-02', '19unFsSzw4zb6JhrkHTQ', '9097588715\r'),
(132, 'Terrye', 'Grimble', '1993-12-18', '1JPx2V8ijhxzz71bztVv', '6149518094\r'),
(133, 'Loydie', 'Clyburn', '1990-07-20', '1F3kdoghA2J45E8L8SVT', '0816276358\r'),
(134, 'Kyle', 'Chipp', '1993-12-10', '1Q4T1RQKEbHqoCWBkr9o', '1187782025\r'),
(135, 'Chevy', 'Bailles', '1996-01-06', '13kaYrnGV9DKUJGspDHi', '6847218169\r'),
(136, 'Desmond', 'Causon', '1992-09-25', '1NNizfe93hDvTchs4vNa', '8325874090\r'),
(137, 'Glenine', 'Mushart', '1992-11-02', '13KzTDkehUufVtsKEb5a', '7947559813\r'),
(138, 'Konstantine', 'McTrustam', '1994-10-10', '139tXsFC5t8vUB3seuiT', '3244067611\r'),
(139, 'Amory', 'Folk', '1994-07-09', '1FJSUM7jZ3AZ6ej32J3k', '3519406772\r'),
(140, 'Flemming', 'Cheasman', '2002-05-10', '1Mtf4ujKMotyBCFR2zi6', '5985884953\r'),
(141, 'Lishe', 'Abethell', '2000-01-31', '159FvgabP3Xt3iAAugY9', '2673531653\r'),
(142, 'Horacio', 'Beahan', '2003-04-02', '1JK6Y2ix9xWYNvq74B4W', '7775984392\r'),
(143, 'Erick', 'Barrs', '2000-08-27', '1PJxMkAQ1WAHbf1T66xb', '4294393408\r'),
(144, 'Clare', 'McInnes', '1990-07-07', '12Qxa2bW47QRGEYaXrDe', '2085329268\r'),
(145, 'Loree', 'Joan', '1998-01-08', '1LfsKDYdnfukU9gWzis2', '4308909635\r'),
(146, 'Cody', 'Wilshire', '1990-10-09', '18xz4pJgfUDLoo2o36Ca', '7926373400\r'),
(147, 'Barrie', 'Cowdray', '1992-07-22', '1JvzmFk1zew7SSXYti2w', '3442633559\r'),
(148, 'Barret', 'Brechin', '2000-02-07', '1GzUVqokhXNNTDsbotdF', '9677109596\r'),
(149, 'Virgie', 'Pre', '2002-12-14', '1H6YQ7E58Wj8nLQ12eVd', '1689710330\r'),
(150, 'Rad', 'Alderwick', '2003-01-12', '13mUhZNHAgdMeLAuXuvG', '8676207925\r'),
(151, 'Templeton', 'O\'Corren', '1991-08-25', '1LNbJGeiKcicjcTLgz35', '0588341533\r'),
(152, 'Renate', 'Treher', '1995-11-30', '16aFG4xz7wP8Cr2WpmuB', '3911838425\r'),
(153, 'Aryn', 'Maskew', '1997-01-28', '1H7fjvEcbD2TGTyPtb86', '0907831877\r'),
(154, 'Aviva', 'Darnell', '1990-07-17', '1DGUArTadiLErG9JxXJS', '6680870097\r'),
(155, 'Marcelle', 'Cummine', '1990-08-25', '1HWyNQdLLu7MZiS4Dozr', '1059395975\r'),
(156, 'Devora', 'Redwood', '1990-08-06', '1CxrDVGEwHtyyVEMFdUL', '8739970760\r'),
(157, 'Cloris', 'Daviot', '2003-03-31', '1GufaXCup4pfzqmsNqcJ', '3225569267\r'),
(158, 'Nicolas', 'Bispham', '2001-02-09', '13fP9h8uzZhiHZ8MvwdH', '6501378737\r'),
(159, 'Stephani', 'Genty', '1990-10-06', '167ruefkzMx5P2Jcxffe', '6279519074\r'),
(160, 'Lisha', 'Saulter', '1993-03-22', '14ZS5zDfmkSYP4yUivos', '1677876522\r'),
(161, 'Shaine', 'Grimbaldeston', '1990-12-04', '136D5udXW9jFeks1VPdh', '8630294213\r'),
(162, 'Isadora', 'Cherm', '1999-01-19', '1MgUFdBcU1WTN2aqbbZw', '5960018047\r'),
(163, 'Stirling', 'Tutchell', '1993-01-16', '15kcia3M6UPtxzj1Wyut', '1293678082\r'),
(164, 'Wendel', 'Struttman', '1999-01-08', '18yj2mCvAMKTZUvWZPH2', '2527395821\r'),
(165, 'Vail', 'Orta', '2003-06-02', '1jNrJ5LFMFJPZTYTHknb', '0624471853\r'),
(166, 'Cos', 'Tomkin', '1996-05-16', '18SSGEd3HY3uFNqmpi14', '4299774450\r'),
(167, 'Enrichetta', 'Yukhin', '1999-09-25', '1AeCoToecJnFKZbrrjfS', '0223644854\r'),
(168, 'Brunhilda', 'Riding', '2001-07-26', '1NLFP8oVWQkr4BixcQPc', '9862474157\r'),
(169, 'Katherina', 'Duffett', '1997-04-10', '19M1GSZepvNayGK426Tq', '6761866839\r'),
(170, 'Rosalinde', 'Bolino', '2000-01-25', '14Knocaztpk9BBAUCCJK', '5801910719\r'),
(171, 'Tyrus', 'Caldwall', '2003-02-19', '1JbF6YrwxubssLmV4xWT', '5041421994\r'),
(172, 'Hortense', 'Phizackarley', '1993-09-24', '1JQkV2VB8SMHXnoErwsn', '9068219839\r'),
(173, 'Korrie', 'Tilt', '2001-10-28', '1LRw5jQM3RoMZNTUAvho', '5760098160\r'),
(174, 'Nate', 'Lalonde', '2001-01-20', '1KS23FSXcHkq4udK1JeV', '4310248535\r'),
(175, 'Berthe', 'Handsheart', '1992-06-17', '1EaDCFycuiLJkNWSEd7s', '3887586050\r'),
(176, 'Moore', 'Skala', '1992-07-09', '1AZn2Mn3b5wrS3GJbGPn', '7274952072\r'),
(177, 'Roz', 'Maren', '1990-07-21', '1CujpBsLcA3yZuc3fYoF', '5061466284\r'),
(178, 'Malina', 'Ellaman', '2001-06-16', '1D9DQ3QztBHbrfrNLPFc', '6229300354\r'),
(179, 'Raynard', 'Harriss', '2000-06-17', '1SeR2MAT438m2C7V9a3r', '5038502792\r'),
(180, 'Kaye', 'MacAndie', '1997-08-09', '1DjQnXDC7DyQc1F83ToE', '3539965645\r'),
(181, 'Pen', 'Dahler', '1995-06-22', '1GRh3R5cKQauzSUj2vEA', '2193519137\r'),
(182, 'Edie', 'Kerins', '1997-12-21', '19aDnx8Jm4YEUVUBYC9B', '7812288188\r'),
(183, 'Jeniffer', 'Eschalette', '1999-11-18', '1CEKGpLvxP1i4NRRPqb8', '6856455887\r'),
(184, 'Egor', 'Hanrott', '1995-04-20', '1GMvBhVkDcMTNJxFbE1S', '1415015341\r'),
(185, 'Branden', 'Oxborrow', '1996-04-29', '1HGtbwTNZM4rPKnpgVYQ', '2823540547\r'),
(186, 'Sibbie', 'Derell', '1996-08-14', '1CdRumdMsS86vBRy3bkF', '9788571042\r'),
(187, 'Kennie', 'Thackeray', '1995-06-14', '15vtNhY62McBXyso3hZi', '9593732349\r'),
(188, 'Kennith', 'Bohike', '2000-02-01', '1ATKrmzkGyddodaRRCiD', '1876782196\r'),
(189, 'Mellicent', 'Sinclaire', '1991-10-31', '1K4FV4Dg1GyLVaY6LHgd', '9700854817\r'),
(190, 'Gradey', 'Powell', '2001-09-23', '1JvgnKQWsbiAbFghe9QB', '8014059484\r'),
(191, 'Martyn', 'Missenden', '2002-06-24', '1JGpskYUxnNDCEf9DcCX', '9891726908\r'),
(192, 'Gualterio', 'Seeks', '1993-08-05', '12rtvCiadDpNJYN6NNjV', '1957941065\r'),
(193, 'Blisse', 'Whanstall', '2003-08-27', '1Kaii1GR7svrmDU5x4Dw', '5711464477\r'),
(194, 'Gale', 'Wardlaw', '1991-08-20', '13iRz6h1wmtaCZhwJCRv', '7295056173\r'),
(195, 'Raphael', 'Grassin', '2001-06-28', '1JFr5CHHt6iokZFKcJtr', '6031529246\r'),
(196, 'Frankie', 'Bramer', '2002-09-18', '1ekEEtQsq2wXLNgMQ8J6', '1670594394\r'),
(197, 'Ramonda', 'Lineker', '1997-06-23', '1MsYzGMXXwu6k84txvZS', '5609075084\r'),
(198, 'Keslie', 'Carneck', '2002-08-29', '1BgbBeHs8rRHxaqdiRYB', '9784406578\r'),
(199, 'Farlie', 'Meriott', '1990-12-10', '16S5ntjFmrREjANgYM2P', '7285039446\r'),
(200, 'Vance', 'Mackstead', '2001-04-09', '16BZ2gogUYyThhcSExwy', '8857536939\r'),
(201, 'Kerry', 'Tryhorn', '1992-11-16', '1FPezpzpqEy23kywzcHJ', '2747883868\r'),
(202, 'Shelagh', 'Bartosik', '1994-08-03', '1AojyP3X8p6zTgTwD926', '8959930873\r'),
(203, 'Deena', 'Berks', '1993-12-19', '141EZFXvoAYaLccXd2RG', '4969796971\r'),
(204, 'Travis', 'Tuting', '1992-03-13', '13TTtV3W2yPjV2P6X5G8', '7833252484\r'),
(205, 'Spenser', 'Rudd', '2001-05-03', '1KKvMWJQ3Umm32YWsxXA', '3890026605\r'),
(206, 'Darice', 'Mustarde', '2003-02-12', '1NLdzuAsAXJi8FyjrxVv', '8820356589\r'),
(207, 'Mallorie', 'Anetts', '2002-10-09', '13aBuY4mJAx8B4CdgAWw', '4807712454\r'),
(208, 'Artemus', 'Gruczka', '1995-08-16', '1MCCXepqAHHc8QDXTnt5', '0778024431\r'),
(209, 'Carolina', 'Farnaby', '1996-08-25', '1KBebop79iHRo1tsorkb', '1555339581\r'),
(210, 'Antoni', 'Gloves', '2000-05-03', '1FXYYeBk9prQEEhrc4bv', '5920484829\r'),
(211, 'Ailene', 'Andric', '2003-11-10', '17uZ4s8G6RYnvKUjy41p', '6574824087\r'),
(212, 'Celia', 'Luckes', '1994-03-22', '14iZnrcSJjvqFELvLHQc', '5362077694\r'),
(213, 'Kinna', 'Elie', '1994-09-22', '12rVaAaewD3hxXnZAnBh', '5887089393\r'),
(214, 'Ellery', 'Elstub', '2000-05-05', '1SFoB95LtuGR7jwPksYe', '6550233895\r'),
(215, 'Fraze', 'Fink', '1992-02-11', '1DyMqNfoRSc1qi4Pcpet', '1460135725\r'),
(216, 'Livy', 'Leftridge', '1991-10-18', '1EEYMniGVTo5aG9wGGSz', '1678761109\r'),
(217, 'Corny', 'Bernhart', '1998-06-03', '1AtKUBxu7X5cjdgAgkx7', '7794058627\r'),
(218, 'Star', 'Kisbee', '1996-08-20', '1DH8tUoQK8j6mn1EX4Hg', '7702779713\r'),
(219, 'Cloe', 'Zealy', '2000-11-13', '17kccY3FHVeGvr8X9Hci', '7967837770\r'),
(220, 'Willy', 'Iiannone', '1990-06-29', '1FLqfXEYLDwqbeoh58JH', '8930342019\r'),
(221, 'Phyllida', 'Pople', '1997-06-22', '1LdQrPUVyVEmRzaLC3Fm', '0226884805\r'),
(222, 'Teddie', 'Chin', '1990-12-25', '1LuoetEpRjaQvvnntf6r', '4122025699\r'),
(223, 'Northrop', 'Ceeley', '1995-03-04', '1DF7tQQV7XrL7WSvaFSZ', '9276414592\r'),
(224, 'Mada', 'Piatto', '1994-08-21', '1PFG2Ajf7CAdDrQzfXZY', '4432598123\r'),
(225, 'Normy', 'Kinig', '1998-11-25', '17on2uVFoYQQ2PPJT8vD', '0590653091\r'),
(226, 'Amory', 'Jikylls', '1990-05-22', '16vnibHzgZporyqVnsmM', '1448656370\r'),
(227, 'Alexi', 'Prickett', '1992-05-11', '14vt9gz6bxmeTp4nZpjp', '3330838302\r'),
(228, 'Rawley', 'Calderhead', '1996-03-14', '18xj5yT1xofPo4osroKZ', '7612890003\r'),
(229, 'Christiana', 'Gave', '1999-10-19', '15shWdWzrzd4vbEncynf', '6061312865\r'),
(230, 'Stormi', 'Hempshall', '2001-04-17', '15WhN21CVobMYnC3tV3u', '7697439875\r'),
(231, 'Gilligan', 'Sowrey', '1994-04-11', '1Cyp3F2uuALmf5Q5aQqU', '0543228797\r'),
(232, 'Hestia', 'Jeandot', '2000-02-17', '14QHEvu97Uv762pA2khj', '0363885625\r'),
(233, 'Jarrod', 'Gozzett', '1997-08-28', '15EYtQzdRX7hVGUMtzy3', '2187980162\r'),
(234, 'Kalvin', 'Cottey', '1996-11-24', '1PenGkhuARZHpZu2roA6', '9967395044\r'),
(235, 'Carie', 'Gasnell', '2000-10-12', '158PN3Fmgnt5YJajnP4D', '3234581959\r'),
(236, 'Zulema', 'Rosie', '2002-09-30', '1LXMeFuHSbu7ekaxK2Jo', '6815177947\r'),
(237, 'Fredrika', 'Thomann', '2002-08-10', '18FDfeVaZMyDrHRBAjB1', '0984625631\r'),
(238, 'Justinian', 'Wheble', '1992-02-09', '18RGybj2LSU6arCNcYWp', '0279042507\r'),
(239, 'Jo', 'Cloake', '1996-01-02', '1PKBeUuMvqxrXCE55qKo', '8739725170\r'),
(240, 'Bertie', 'Harford', '1992-03-04', '1FWmv9yTTV2UCQVAVTw7', '4776826755\r'),
(241, 'Jorie', 'Leadbeatter', '2000-01-11', '1DgyGteX1n9Qz4qrLg1C', '9876971980\r'),
(242, 'Ediva', 'Sheilds', '1993-01-19', '1DEb6Z2qHK7XPLq5xKGq', '2715260164\r'),
(243, 'Dudley', 'Regenhardt', '1992-05-01', '1NUV3CChRVtyszYc4vQx', '5497748643\r'),
(244, 'Edgard', 'Ferreras', '1994-08-17', '1CcyNJ2ckx23xGeawa4N', '5865862022\r'),
(245, 'Harrie', 'Argontt', '1995-02-20', '1GV5mWZVz22vz8iTVAr6', '6647659978\r'),
(246, 'Agnes', 'Wem', '2002-08-02', '13bpJRq4gTzNzn58LmUr', '4846903761\r'),
(247, 'Konstance', 'Pallant', '1997-01-06', '162Y66yjSV3w2x2ZbgxP', '2480886190\r'),
(248, 'Urbain', 'Jansema', '1990-03-02', '18vQ8Lc2HQtcCShDkp8M', '6604847063\r'),
(249, 'Wheeler', 'Hillock', '1997-12-23', '18pzx3fcr3R7ae2WKn5g', '3079630998\r'),
(250, 'Marcy', 'Byrcher', '1999-07-10', '1HcVAKKtaZH9SBBAazky', '5568637199\r'),
(251, 'Sarette', 'Halbord', '1991-03-20', '142SWQj4b2DnaLnGR4ep', '8662261485\r'),
(252, 'Cooper', 'Huggens', '2002-06-23', '1AVHDGEKBrqfnDo7T5kW', '4069156607\r'),
(253, 'Corilla', 'Villa', '1999-12-09', '1LzHDMt8qTQH7Qa29Nci', '1230199365\r'),
(254, 'Esmaria', 'Lewcock', '2003-08-03', '1KWjt8XPyLAQEjruUvRV', '0108782212\r'),
(255, 'Alvina', 'Sliman', '1998-08-23', '114G5NxZFi1vMqwG3rW1', '0210048441\r'),
(256, 'Kelci', 'Postle', '1995-06-21', '1ASuMmTXBoXy975AtDrC', '5294707500\r'),
(257, 'Lorette', 'Kulic', '1995-12-21', '1DjcxQg8F82ai23YUfyG', '8701540696\r'),
(258, 'Hatty', 'Clear', '1996-12-19', '13NheTps1QHehpYngpJN', '3232407609\r'),
(259, 'Althea', 'Mycock', '2002-01-08', '1LgDBSGo3RKA2VKvGHbV', '1222053195\r'),
(260, 'Kessia', 'Grahamslaw', '1994-04-13', '16r1Q7BR73xaSTsjj9Xi', '6584770524\r'),
(261, 'Buddie', 'Lamas', '1994-04-18', '19Vmm3MnfMkxm4QTJ4Un', '6019335240\r'),
(262, 'Alisander', 'Camies', '1992-01-17', '1GvBy6UiRxfhnAcSVMK9', '9139368513\r'),
(263, 'Hetty', 'Revie', '1995-06-02', '1GVJHhXqc6jmW6bFspeE', '6929580716\r'),
(264, 'Truman', 'Kelwaybamber', '2002-08-12', '15cQzdNfTKTkaWFsYMkV', '9873018832\r'),
(265, 'Zorina', 'Gallager', '2001-02-21', '1MYrcSdRj6x2wXFZzqR2', '5489063734\r'),
(266, 'Elwyn', 'Korb', '1991-11-25', '1NtFmuVyZJytSj6AmgCm', '1917479123\r'),
(267, 'Ber', 'Matyushonok', '1994-08-28', '1E9NdX7eVSkRan1Qz8zZ', '8909822163\r'),
(268, 'Theo', 'Orridge', '2003-10-25', '17JMvUAkjFVZ1FAk85rn', '3355556165\r'),
(269, 'Kalvin', 'Dobrowolny', '2000-03-05', '1EMfdc4Wqpb2a5kCV2zH', '9034548767\r'),
(270, 'Markos', 'Szreter', '1994-10-16', '17b5qTjHrN244q497RAc', '2824360720\r'),
(271, 'Liva', 'Townes', '1992-09-28', '1FswK4esqgbJJvEsaPXN', '2421157676\r'),
(272, 'Gerome', 'Lathwell', '2003-05-04', '186WZovXmBL7tmdUK27L', '9587801717\r'),
(273, 'Madeline', 'Hursthouse', '1992-02-28', '1FwtdoL8eK69q8XKoeDz', '6153458025\r'),
(274, 'Janette', 'Shadbolt', '1997-12-10', '1AetQxBKD4PeE5uTGMcm', '8611970160\r'),
(275, 'Regen', 'Darrigrand', '1999-01-13', '13Daw17TqCqkRRpvNamA', '2180546947\r'),
(276, 'Edin', 'Keenor', '1995-01-31', '124LGnCdBYw2n6iuFP2Y', '5215299935\r'),
(277, 'Ninetta', 'Crowder', '2001-03-22', '17TZ7Ru8yEkTVSkNFt1Z', '0717698947\r'),
(278, 'Tuckie', 'Bernucci', '1999-01-28', '1JvWojdZGHi3JUv7gSaQ', '9315094417\r'),
(279, 'Pris', 'Matzel', '1999-10-27', '1N5jdrnjSTbWhSMM9UX3', '1118170067\r'),
(280, 'Flori', 'Colmore', '1991-11-29', '1H2vid2ZNcy7pLpPYyTv', '7265986016\r'),
(281, 'Aldus', 'Tabbernor', '1998-06-27', '15LAo32hxmY6YxikLDsi', '2947978781\r'),
(282, 'Addison', 'Costell', '1997-06-16', '1Jt2o93zt6dJr1zP2pkA', '6940097074\r'),
(283, 'Rolfe', 'Northcliffe', '1992-06-05', '19kTHgJ3WTgTq93pFyQe', '5341899830\r'),
(284, 'Estevan', 'Hacun', '1991-08-12', '1PQfgP6U4CHg1GhzZbby', '0300096704\r'),
(285, 'Baxy', 'Mc Curlye', '2002-04-12', '1LkyZ6osULdz2YSDLy3N', '5597667726\r'),
(286, 'Sofie', 'Hellwing', '1991-11-11', '1EEuuxKs6GyHESY7Vceb', '3390937986\r'),
(287, 'Olenka', 'Crampton', '2001-05-06', '1Cs76ZCmd1PyZNRykmKv', '9505137796\r'),
(288, 'Luce', 'Nellen', '1991-10-02', '1DCnYMAt6h6FGjpxnxPj', '9156517548\r'),
(289, 'Van', 'Million', '1990-06-25', '1CQEn7zX2pusDujVgKV1', '0774160004\r'),
(290, 'Krysta', 'Permain', '1995-05-16', '1DztbTNoM5xzD9ja7cLq', '4746402175\r'),
(291, 'Glendon', 'Streetfield', '1998-03-23', '1Apw6q1cXAF23qk4J3mA', '1695065875\r'),
(292, 'Stavros', 'Byram', '2002-11-29', '12xZHsp2z5BAh8BFEkoG', '1001278232\r'),
(293, 'Zonnya', 'Raynes', '1990-10-09', '15NScXv4fEYuacRN7LDj', '2319347194\r'),
(294, 'Stormy', 'Hartland', '1997-03-24', '14WtjFpqwpcSumBwQabu', '0836022734\r'),
(295, 'Julietta', 'Cubbit', '1992-07-27', '1HhLdeFnHQHLN79E3Bbh', '0834043742\r'),
(296, 'Deb', 'Towe', '1999-05-13', '1PGqRqWY3az5qBbNsVZc', '8129781409\r'),
(297, 'Emmott', 'Borsi', '2003-02-11', '18VevNrxk78dWCCkAd4R', '3849108872\r'),
(298, 'Wye', 'Mold', '2001-10-15', '1Hh36R3kDRZdcsnDcQc3', '9766723346\r'),
(299, 'Farleigh', 'Santarelli', '1990-03-06', '1EBAH1KNR9y3TE7uk4cd', '4194248007\r'),
(300, 'Francklin', 'Grindell', '1996-10-03', '16yaYUTR1eYxaDG4fTbi', '6662098337\r'),
(301, 'Carlene', 'Verty', '2002-12-20', '1EksSLPmFa7V5cCkRihn', '1752204336\r'),
(302, 'Renie', 'Pedreschi', '1998-01-16', '19vXNZTZArSWV5Efhv9V', '3193236438\r'),
(303, 'Emily', 'Schout', '1994-02-08', '15f1ZvooB7u6iy9hmnXB', '9441140309\r'),
(304, 'Steffi', 'Legon', '2000-06-12', '1BGzCRQr4YuzqW89Js1V', '1650652895\r'),
(305, 'Twila', 'Balharry', '1995-11-15', '1PMDxE457YULUhjEwGpN', '0688101380\r'),
(306, 'Latisha', 'McAuley', '1994-09-21', '14dLNoxm8BqNsMB1KbQ5', '2880259215\r'),
(307, 'Trueman', 'Olivia', '1996-08-14', '1EqL7N82ixFZcj36ktUc', '7134858111\r'),
(308, 'Melli', 'Marrington', '1998-03-08', '14L7xfuADKFEc6EF6HVh', '0388223170\r'),
(309, 'Cam', 'Underdown', '1999-04-13', '1EUZqvDGqev7hnP1bLzi', '0978525655\r'),
(310, 'Aida', 'Veare', '2001-11-25', '1LvDsE3o9eMoAuKFLxGM', '7018709210\r'),
(311, 'Moishe', 'Toderi', '1998-11-21', '1MaC98PSPYbcqFpp6ReB', '9368877475\r'),
(312, 'Shay', 'Conybear', '2000-03-15', '1FjuveyWrWUsuvRnaS4w', '0809945290\r'),
(313, 'Joel', 'Flear', '1997-08-30', '1HAnrjdWp78oL6DbJMJP', '2301197239\r'),
(314, 'Conant', 'Carpenter', '2000-03-21', '12ybG5uDyby2yAbTsJ9V', '6907544008\r'),
(315, 'Maisey', 'MacKnocker', '2000-04-29', '1N5Y33CgkVVidow5HSm8', '8129266245\r'),
(316, 'Gabe', 'Tabram', '1991-02-28', '1EeTNhzp8uv4Z3ugZbv4', '8228516460\r'),
(317, 'Consalve', 'Verzey', '1992-08-17', '1Fc96LdtyvkZQAfjbHmu', '6063298487\r'),
(318, 'Jose', 'Tidcomb', '1998-05-24', '1DNqKFeFb2UULbrMeaQj', '7135810465\r'),
(319, 'Friederike', 'Matonin', '1992-07-05', '19hupQ44aU2QW9hQLmVr', '1437899978\r'),
(320, 'Huberto', 'Petricek', '1997-10-22', '19Ag4LgwfauYJUVoCHSX', '3569689336\r'),
(321, 'Mario', 'Indgs', '1999-04-26', '1KmudrmJNnJoT8yHDUEh', '3014080195\r'),
(322, 'Jayson', 'Snookes', '2000-06-23', '1Mp9KTNtk7uBaSRWdsFM', '8478098135\r'),
(323, 'Crystal', 'Brazener', '1990-05-06', '1PAJfd7aYGXAmgfPwxw8', '8860901340\r'),
(324, 'Emmaline', 'Jeppensen', '1992-08-17', '17jPaqQ4qu8kBUaVX3bc', '0595077005\r'),
(325, 'Padraig', 'Pennaman', '1991-03-05', '18gyu7fXz5Ru1XHzhNHc', '4726811541\r'),
(326, 'Jeniffer', 'Skedge', '1990-11-04', '1PvrskUZBigq2uMD1ZFC', '6862394096\r'),
(327, 'Caldwell', 'Clericoates', '1996-09-26', '17Gd2RRPm8fPRAz4Rk2H', '5262663184\r'),
(328, 'Mauricio', 'Spratling', '2002-04-18', '1GkKn4Uinzh5MvfBgnjd', '1520331606\r'),
(329, 'Jobye', 'Harradence', '1991-12-20', '1Fw3M2LvEBvxGVVjvMDi', '1045097551\r'),
(330, 'Darryl', 'Ferriere', '1991-09-08', '1ANdQ3DzXatUVPCDe1wh', '9875274011\r'),
(331, 'Lexy', 'De Gregoli', '1996-09-18', '1H7cQuVedqrn1AFgxtzi', '1414912625\r'),
(332, 'Johanna', 'Massei', '2000-09-01', '1HPWVfSu1pDCKnMXNrD2', '1094486922\r'),
(333, 'Burtie', 'Dot', '1993-12-12', '1NGp7oQsyvWWxBMq1m6N', '6012928939\r'),
(334, 'Laird', 'Schrieves', '1993-10-08', '1JC6erYUjrJhw1yuSh7J', '2599502497\r'),
(335, 'Silvano', 'Colleck', '1991-06-20', '1PfzUD67KmSuSZ2zWs4d', '8490881944\r'),
(336, 'Thomasine', 'Dennitts', '1990-12-18', '1KANxMVt5KfAoKNRzi1e', '5662125732\r'),
(337, 'Lester', 'Matheson', '1997-07-05', '191Z5vnG343WqsLSUMSL', '3894991852\r'),
(338, 'Liva', 'Di Bartolommeo', '2002-07-18', '1H6XBRHdQYhLyUzTBHs8', '8663938187\r'),
(339, 'Chevy', 'Fellona', '1996-01-08', '1H3J31wm5Drq8URvq3eW', '9095939391\r'),
(340, 'Viva', 'Sexton', '1991-01-21', '1FhETK2hirH3QM1jgze7', '4227017599\r'),
(341, 'Tatiana', 'Beeken', '2000-04-28', '1FbFoEd7HFwpJPNYMERg', '9658245935\r'),
(342, 'Jany', 'Rothchild', '2001-12-30', '19UkfkC419BEisySKGGu', '4662347882\r'),
(343, 'Babbette', 'Shorey', '1991-01-19', '1JrohHKaySKXN5vXDysY', '3220636268\r'),
(344, 'Lizzy', 'Hintze', '2001-06-30', '1BUqeLNjiqetAykXV1C6', '4441903391\r'),
(345, 'Elianore', 'Gutman', '1998-07-11', '1AsrZgVpdfTuxTVmDBW5', '4868187031\r'),
(346, 'Ina', 'Commucci', '1992-11-10', '1MxGoqBJn5znMhYGNDGa', '0578931664\r'),
(347, 'Rod', 'Wisdom', '1999-07-27', '15gMiKjYYFWShYdy1GCC', '8840717757\r'),
(348, 'Con', 'Buche', '1999-12-22', '16NaA3WFFKPALbyKB9Wg', '5098455502\r'),
(349, 'Patsy', 'Paybody', '1999-05-16', '14iKtCjo9v26NxcbzDLi', '7176504040\r'),
(350, 'Ingrid', 'Upshall', '2000-01-21', '1GzPtLBjdx81P4TDSi1d', '7424596063\r'),
(351, 'Hilary', 'Otter', '1997-09-15', '1BqzUXrNLTCXcA6DkAAK', '6833200696\r'),
(352, 'Wolfgang', 'Wrightem', '1998-02-02', '1BH5ria3T7adqRSA15q9', '3004464748\r'),
(353, 'Townsend', 'Jacqueminet', '2000-01-28', '1J8ECv2YY9kFRWuSYtZp', '2713353572\r'),
(354, 'Maxine', 'Newband', '2001-01-28', '1J3dmE49vRrfmKt25A2S', '5845314224\r'),
(355, 'Jonas', 'Capozzi', '1996-01-19', '1DXgUNkHyxAWiCSBNEQu', '9306301278\r'),
(356, 'Cherianne', 'Hutcheon', '1990-01-24', '1FUkzyGiRiN7KEhUBajM', '0596770960\r'),
(357, 'Nanon', 'Scholtz', '1994-12-04', '1FmdPJFkBfJtApxgwAud', '9660312415\r'),
(358, 'Lianne', 'Enoksson', '1997-05-09', '12zAtipuYTGg8htPPN6v', '2535020661\r'),
(359, 'Ami', 'Corringham', '2001-12-23', '1BzzUFYB3hvctUaJn6vn', '5661085192\r'),
(360, 'Emmalyn', 'Croxley', '2003-12-31', '1EDG8WHoBQAkV1QUrCue', '2219815692\r'),
(361, 'Dara', 'Bugbird', '1997-10-09', '1L9e9RtraQWdnVFy6QYa', '7289417895\r'),
(362, 'Phillis', 'Girvin', '2003-10-25', '1653ziReWvKgLJW8vHnr', '4434752790\r'),
(363, 'Marissa', 'Sproul', '1992-12-22', '1K83uUqkYwHjzRgQAGqS', '7808787566\r'),
(364, 'Vittorio', 'Dommerque', '1990-06-10', '1A9EDEjiGQUFXFVSfQv8', '7696235818\r'),
(365, 'Suki', 'Gergely', '2001-12-08', '1HRzVjYzrciJciQzcTPL', '0830667431\r'),
(366, 'Barclay', 'Toulch', '1994-10-06', '1MfqfS6PxJW1VsWipy1q', '5709467456\r'),
(367, 'Phylis', 'Dannett', '1991-01-04', '1GvjKRX4UyojP47FMNwP', '4476752292\r'),
(368, 'Tamas', 'Maton', '1994-04-13', '1BZj37s6p9e9yHndgasZ', '6372215306\r'),
(369, 'Billy', 'Hawkett', '1998-08-08', '1Piw8AmX78xkQ4eaAW4V', '0992781566\r'),
(370, 'Margalo', 'Ulyet', '2001-03-01', '1EfoF5JH16vJPGRrirVA', '5465451696\r'),
(371, 'Illa', 'Vink', '1990-01-13', '113ka1L3kw99cGQHAwA6', '4000041703\r'),
(372, 'Page', 'Kuhlmey', '2000-01-04', '13xXj1nyawYwmBWoe9ZV', '4788537028\r'),
(373, 'Cece', 'Aldwinckle', '1990-01-30', '1M2qHqJETtzHNx67x2Yi', '4496288273\r'),
(374, 'Cherye', 'Bradnam', '1995-09-04', '13Brkg7Axk5QMjDUNQBP', '9053343830\r'),
(375, 'Joya', 'Moorrud', '1995-08-02', '1FTgaS9afei5GxB71aJy', '7321779769\r'),
(376, 'Ruthy', 'Tither', '1990-09-07', '1P4RF75gjmd84JrhadpY', '9129046378\r'),
(377, 'Clayson', 'St. Leger', '1997-09-17', '18YNtPnZtu5k2ke4AFnM', '2105105750\r'),
(378, 'Kendrick', 'Blaycock', '2003-09-13', '1hvaWHCYvcrxx9hpnDhx', '4108016203\r'),
(379, 'Forester', 'Croisier', '1995-09-27', '16GfwVDkqkSjQJ5EkV69', '6928937408\r'),
(380, 'Clarisse', 'Van Der Walt', '1999-07-13', '1PfwEJhYHULMJwsBeS38', '7242599628\r'),
(381, 'Stephanus', 'Knappett', '1997-06-11', '1PJwQv7N2fPDuWcpAjcs', '5688089741\r'),
(382, 'Eryn', 'Hardaway', '1993-01-08', '12kHA4HmkVDV1Re7Jnct', '9363972518\r'),
(383, 'Hayes', 'Vevers', '1996-10-28', '1MHPddVh9Xfa8X4RCHnn', '1984213644\r'),
(384, 'Edyth', 'Anthona', '1991-04-10', '1EeKXPFhsFAnwsUiGRRW', '3110516004\r'),
(385, 'Bernhard', 'Aggis', '2000-06-02', '1KW5KR69AKdw6oqdCdKA', '0835662322\r'),
(386, 'Marna', 'Frankcomb', '1992-06-15', '18JqHDrXC8FmYYLKcxBn', '4393175964\r'),
(387, 'Connie', 'Krystof', '2001-10-31', '1CFwFBzMv2v3dJAAy9BB', '0255520379\r'),
(388, 'Anderea', 'Grouen', '1992-12-17', '1Aoqf5taTPZYmThtN6zC', '4241777198\r'),
(389, 'Leesa', 'Mellings', '1996-10-22', '1LDVrVX8f3dcybCzH1jE', '1803224584\r'),
(390, 'Claudelle', 'Grzelewski', '1997-01-29', '1PorRKB5vwyW4gD1jyG8', '8003845726\r'),
(391, 'Nonie', 'Shurmer', '1999-01-27', '12i4nkFz5Bwe4K2EyjJn', '3822180289\r'),
(392, 'Leyla', 'Wilhelmy', '1993-04-21', '17stb6tdioNupLPXyivK', '6407484049\r'),
(393, 'Trixi', 'Hill', '1990-06-10', '1DQtaeLKmg2Mr76MNJpA', '0026348543\r'),
(394, 'Lesya', 'Warret', '1991-12-25', '1KksdBjPYwntJ1eh7Tn6', '7885977277\r'),
(395, 'Martguerita', 'Gludor', '1993-01-23', '1BpyPzf156GCXuf1SCvH', '1879092689\r'),
(396, 'Quill', 'Annes', '1992-01-06', '1NJ5L7QwdUJPqxfafMod', '2575537134\r'),
(397, 'Marc', 'Teligin', '2001-01-27', '1N6FucBLAYANQu5sRtPY', '7520680959\r'),
(398, 'Karole', 'Chamney', '2002-11-02', '19zoHiHvjFKEiAQhh6Pd', '3462629476\r'),
(399, 'Vincenty', 'Elrick', '1992-06-22', '1N6qLEzEjs3YpAYBrX7L', '9370631127\r'),
(400, 'Ali', 'Ianne', '2001-10-09', '1DGLCmXe6EznQPKc8HBH', '2434912060\r');

-- --------------------------------------------------------

--
-- Table structure for table `PROFESSOR`
--

CREATE TABLE `PROFESSOR` (
  `person_id` int NOT NULL,
  `hire_date` date DEFAULT NULL,
  `department` varchar(30) DEFAULT NULL
) ENGINE=InnoDB DEFAULT CHARSET=utf8mb4 COLLATE=utf8mb4_0900_ai_ci;

--
-- Dumping data for table `PROFESSOR`
--

INSERT INTO `PROFESSOR` (`person_id`, `hire_date`, `department`) VALUES
(2, '2017-06-23', 'Aerospace Engineering'),
(8, '2017-09-21', 'Toxicology'),
(9, '2016-07-27', 'Bioinformatics'),
(11, '2024-05-12', 'Public Health'),
(12, '2019-05-11', 'Medicine'),
(13, '2019-01-10', 'Data Science'),
(14, '2014-10-07', 'Sports Management'),
(18, '2021-12-18', 'Forestry'),
(21, '2020-01-22', 'Design'),
(25, '2016-04-27', 'Cultural Studies'),
(28, '2019-08-13', 'Linguistics'),
(35, '2019-08-04', 'Urban Planning'),
(38, '2022-01-24', 'International Relations'),
(44, '2022-10-20', 'Religious Studies'),
(56, '2020-05-29', 'Toxicology'),
(58, '2022-07-13', 'Economics'),
(61, '2024-04-28', 'Renewable Energy'),
(70, '2016-06-01', 'Computer Science'),
(81, '2017-08-26', 'Speech Pathology'),
(87, '2024-03-07', 'Biochemistry'),
(91, '2021-06-05', 'Urban Planning'),
(95, '2023-09-27', 'Film Studies'),
(102, '2016-09-13', 'Nutrition'),
(110, '2015-11-28', 'Meteorology'),
(115, '2017-04-23', 'Geography'),
(116, '2015-11-22', 'Statistics'),
(119, '2014-10-10', 'Human Resources'),
(123, '2021-10-08', 'Criminal Justice'),
(124, '2014-07-16', 'Systems Engineering'),
(125, '2015-11-21', 'Microbiology'),
(126, '2022-03-30', 'Pharmacy'),
(134, '2018-07-24', 'Linguistics'),
(136, '2020-08-17', 'Sociology'),
(137, '2024-02-21', 'Urban Planning'),
(139, '2015-03-10', 'Economics'),
(142, '2019-01-20', 'Human Resources'),
(145, '2015-02-12', 'Earth Sciences'),
(162, '2019-03-24', 'Sustainability Studies'),
(167, '2015-02-25', 'Chemistry'),
(171, '2017-01-31', 'Occupational Therapy'),
(173, '2015-08-25', 'Agriculture'),
(183, '2017-10-30', 'Data Science'),
(192, '2017-03-19', 'Agriculture'),
(203, '2020-09-21', 'Astronomy'),
(209, '2015-05-11', 'Visual Arts'),
(210, '2021-07-25', 'Philosophy'),
(212, '2021-07-18', 'Architecture'),
(213, '2019-02-12', 'Nursing'),
(219, '2022-07-18', 'Human Resources'),
(224, '2020-03-31', 'Electrical Engineering'),
(228, '2019-06-13', 'Religious Studies'),
(238, '2016-07-05', 'Horticulture'),
(248, '2019-05-14', 'Womens Studies'),
(253, '2021-02-13', 'Horticulture'),
(255, '2016-10-26', 'Environmental Science'),
(260, '2020-03-05', 'Gerontology'),
(265, '2016-10-15', 'Marketing'),
(274, '2018-02-16', 'Materials Science'),
(280, '2023-11-14', 'Supply Chain Management'),
(287, '2017-01-27', 'Toxicology'),
(289, '2015-04-06', 'Earth Sciences'),
(292, '2022-04-11', 'Meteorology'),
(299, '2019-04-07', 'Applied Mathematics'),
(305, '2022-08-27', 'Health Sciences'),
(307, '2019-07-26', 'Economics'),
(320, '2020-03-25', 'Sports Management'),
(324, '2015-10-04', 'Forensic Science'),
(332, '2024-03-16', 'Forensic Science'),
(338, '2017-05-21', 'Forestry'),
(346, '2017-09-29', 'Communication'),
(351, '2015-03-10', 'Systems Engineering'),
(358, '2021-05-19', 'Chemistry'),
(360, '2021-11-29', 'Medicine'),
(364, '2015-11-13', 'Ethnic Studies'),
(369, '2023-12-31', 'Information Technology'),
(388, '2021-01-08', 'Information Technology'),
(390, '2018-05-16', 'Forestry'),
(391, '2015-09-15', 'Film Studies'),
(395, '2016-03-21', 'Gerontology'),
(396, '2017-12-31', 'Theatre');

-- --------------------------------------------------------

--
-- Table structure for table `PROFESSOR_COURSE`
--

CREATE TABLE `PROFESSOR_COURSE` (
  `professor_id` int NOT NULL,
  `course_id` int NOT NULL,
  `weekly_hours` int DEFAULT NULL
) ENGINE=InnoDB DEFAULT CHARSET=utf8mb4 COLLATE=utf8mb4_0900_ai_ci;

--
-- Dumping data for table `PROFESSOR_COURSE`
--

INSERT INTO `PROFESSOR_COURSE` (`professor_id`, `course_id`, `weekly_hours`) VALUES
(2, 171, 2),
(2, 184, 7),
(2, 280, 6),
(8, 76, 1),
(8, 101, 1),
(8, 353, 7),
(9, 52, 3),
(9, 393, 1),
(11, 154, 8),
(11, 156, 6),
(11, 380, 8),
(12, 245, 7),
(13, 51, 6),
(14, 18, 9),
(18, 264, 2),
(18, 352, 7),
(21, 115, 4),
(21, 261, 2),
(21, 379, 4),
(25, 157, 5),
(28, 128, 10),
(28, 212, 9),
(35, 95, 6),
(35, 219, 4),
(35, 284, 3),
(38, 192, 10),
(44, 149, 1),
(44, 181, 1),
(44, 366, 4),
(56, 50, 10),
(56, 137, 10),
(58, 176, 10),
(58, 335, 1),
(61, 147, 10),
(61, 318, 10),
(70, 226, 2),
(81, 242, 3),
(87, 209, 5),
(87, 397, 1),
(91, 163, 6),
(95, 69, 6),
(95, 254, 2),
(102, 116, 2),
(102, 334, 7),
(110, 349, 5),
(115, 89, 9),
(115, 218, 4),
(115, 250, 3),
(116, 116, 9),
(116, 206, 5),
(119, 396, 8),
(123, 280, 4),
(123, 352, 6),
(124, 363, 8),
(125, 72, 2),
(125, 355, 5),
(125, 375, 8),
(126, 163, 10),
(134, 156, 10),
(134, 358, 7),
(136, 96, 2),
(136, 142, 6),
(137, 5, 7),
(139, 50, 10),
(139, 271, 4),
(139, 327, 4),
(142, 367, 2),
(145, 220, 5),
(162, 9, 4),
(162, 224, 10),
(162, 300, 1),
(167, 313, 8),
(171, 108, 3),
(171, 141, 9),
(171, 281, 8),
(173, 92, 1),
(183, 158, 5),
(192, 324, 5),
(192, 332, 10),
(203, 213, 6),
(203, 239, 4),
(209, 54, 3),
(209, 109, 6),
(209, 383, 9),
(210, 211, 1),
(210, 335, 6),
(212, 254, 3),
(213, 300, 2),
(219, 118, 10),
(219, 129, 7),
(224, 59, 4),
(224, 85, 6),
(228, 261, 3),
(238, 118, 9),
(238, 133, 7),
(248, 25, 9),
(253, 81, 8),
(255, 263, 6),
(260, 154, 9),
(260, 178, 10),
(260, 232, 10),
(265, 99, 6),
(265, 125, 9),
(265, 218, 8),
(274, 205, 8),
(274, 338, 5),
(274, 368, 1),
(280, 172, 7),
(280, 335, 8),
(287, 5, 1),
(287, 289, 4),
(289, 44, 9),
(289, 206, 2),
(289, 208, 4),
(292, 187, 8),
(299, 53, 8),
(299, 210, 5),
(299, 382, 7),
(305, 65, 6),
(305, 328, 3),
(307, 59, 10),
(307, 116, 5),
(307, 383, 10),
(320, 142, 7),
(324, 174, 8),
(332, 13, 2),
(338, 36, 3),
(346, 20, 8),
(346, 50, 10),
(346, 225, 10),
(351, 152, 8),
(351, 255, 4),
(358, 15, 7),
(358, 63, 4),
(360, 98, 8),
(360, 136, 7),
(360, 225, 9),
(364, 71, 5),
(364, 320, 7),
(369, 91, 9),
(388, 152, 3),
(388, 186, 8),
(388, 393, 3),
(390, 70, 4),
(390, 382, 2),
(390, 387, 10),
(391, 19, 4),
(395, 260, 7),
(396, 113, 9);

-- --------------------------------------------------------

--
-- Table structure for table `STUDENT`
--

CREATE TABLE `STUDENT` (
  `person_id` int NOT NULL,
  `enrollment_date` date DEFAULT NULL,
  `major` varchar(30) DEFAULT NULL
) ENGINE=InnoDB DEFAULT CHARSET=utf8mb4 COLLATE=utf8mb4_0900_ai_ci;

--
-- Dumping data for table `STUDENT`
--

INSERT INTO `STUDENT` (`person_id`, `enrollment_date`, `major`) VALUES
(1, '2020-09-02', 'Science'),
(3, '2021-11-15', 'Biotechnology'),
(4, '2020-12-19', 'Fine Arts'),
(5, '2022-07-14', 'Science'),
(6, '2021-04-15', 'Urban Planning'),
(7, '2023-06-26', 'Journalism'),
(10, '2022-07-20', 'Computer Science'),
(15, '2021-02-10', 'Psychology'),
(16, '2024-05-24', 'Data Science'),
(17, '2022-02-18', 'Education'),
(19, '2022-08-25', 'Laws'),
(20, '2021-02-06', 'Fine Arts'),
(22, '2023-02-06', 'Journalism'),
(23, '2021-10-19', 'Urban Planning'),
(24, '2024-05-09', 'Social Work'),
(26, '2020-10-26', 'Medicine'),
(27, '2022-04-19', 'Business Administration'),
(29, '2021-11-12', 'Information Technology'),
(30, '2023-10-22', 'Arts'),
(31, '2023-05-27', 'Nursing'),
(32, '2020-12-12', 'International Relations'),
(33, '2020-11-14', 'Psychology'),
(34, '2022-01-22', 'Biotechnology'),
(36, '2023-11-11', 'Social Work'),
(37, '2020-12-12', 'Architecture'),
(39, '2024-03-05', 'Arts'),
(40, '2023-10-16', 'Arts'),
(41, '2023-04-12', 'Liberal Arts'),
(42, '2024-02-07', 'Science'),
(43, '2022-10-12', 'Information Technology'),
(45, '2022-07-20', 'Hospitality Management'),
(46, '2024-05-05', 'Education'),
(47, '2021-09-13', 'Engineering'),
(48, '2022-09-10', 'Dental Surgery'),
(49, '2024-05-03', 'Data Science'),
(50, '2021-11-17', 'Social Work'),
(51, '2021-03-27', 'Psychology'),
(52, '2022-01-29', 'Liberal Arts'),
(53, '2023-05-13', 'Nursing'),
(54, '2021-04-10', 'Music'),
(55, '2020-10-26', 'Business Administration'),
(57, '2023-02-04', 'Arts'),
(59, '2024-06-24', 'Data Science'),
(60, '2023-01-16', 'Computer Science'),
(62, '2022-10-14', 'Sports Management'),
(63, '2023-01-04', 'Communication'),
(64, '2023-07-11', 'Medicine'),
(65, '2022-10-04', 'Data Science'),
(66, '2021-10-28', 'Education'),
(67, '2020-10-30', 'Engineering'),
(68, '2021-03-24', 'Nursing'),
(69, '2020-07-11', 'Environmental Science'),
(71, '2022-03-17', 'Education'),
(72, '2022-01-22', 'Dental Surgery'),
(73, '2023-10-23', 'Laws'),
(74, '2020-12-29', 'Laws'),
(75, '2022-12-02', 'Environmental Science'),
(76, '2021-09-30', 'Arts'),
(77, '2023-04-24', 'Environmental Science'),
(78, '2020-11-06', 'Science'),
(79, '2021-04-30', 'Journalism'),
(80, '2022-01-26', 'Laws'),
(82, '2021-08-29', 'Arts'),
(83, '2021-07-25', 'Environmental Science'),
(84, '2021-04-29', 'Science'),
(85, '2020-07-27', 'Science'),
(86, '2020-12-05', 'Arts'),
(88, '2023-03-30', 'Environmental Science'),
(89, '2022-02-24', 'Computer Science'),
(90, '2024-04-15', 'International Relations'),
(92, '2024-01-12', 'Nursing'),
(93, '2024-01-16', 'Information Technology'),
(94, '2023-08-22', 'Psychology'),
(96, '2023-10-02', 'Music'),
(97, '2021-03-25', 'Education'),
(98, '2022-10-25', 'Science'),
(99, '2022-02-02', 'Medicine'),
(100, '2020-12-27', 'Laws'),
(101, '2022-10-13', 'Business Administration'),
(103, '2022-03-24', 'Computer Science'),
(104, '2020-07-07', 'Laws'),
(105, '2022-11-18', 'Nursing'),
(106, '2024-02-02', 'Information Technology'),
(107, '2024-03-31', 'Computer Science'),
(108, '2023-05-31', 'Pharmacy'),
(109, '2021-12-30', 'Business Administration'),
(111, '2021-08-18', 'Music'),
(112, '2021-05-20', 'Arts'),
(113, '2024-03-07', 'Architecture'),
(114, '2022-01-04', 'Biotechnology'),
(117, '2022-06-08', 'Pharmacy'),
(118, '2021-01-23', 'Environmental Science'),
(120, '2023-02-09', 'Journalism'),
(121, '2022-07-05', 'Information Technology'),
(122, '2021-03-18', 'Education'),
(127, '2021-05-06', 'Architecture'),
(128, '2023-09-24', 'Dental Surgery'),
(129, '2020-12-05', 'Environmental Science'),
(130, '2020-11-12', 'Liberal Arts'),
(131, '2023-08-31', 'Environmental Science'),
(132, '2022-11-26', 'Architecture'),
(133, '2023-06-11', 'Biotechnology'),
(135, '2023-05-05', 'Engineering'),
(138, '2021-08-16', 'Laws'),
(140, '2021-09-29', 'Hospitality Management'),
(141, '2023-12-02', 'Education'),
(143, '2021-11-26', 'Social Work'),
(144, '2023-10-22', 'Veterinary Science'),
(146, '2021-11-16', 'Dental Surgery'),
(147, '2020-11-03', 'Pharmacy'),
(148, '2021-05-25', 'Hospitality Management'),
(149, '2020-12-03', 'Journalism'),
(150, '2022-05-31', 'Business Administration'),
(151, '2023-11-24', 'Medicine'),
(152, '2023-05-21', 'Hospitality Management'),
(153, '2022-03-13', 'Medicine'),
(154, '2021-01-11', 'Education'),
(155, '2023-04-25', 'Laws'),
(156, '2020-11-28', 'Urban Planning'),
(157, '2024-04-22', 'International Relations'),
(158, '2020-07-08', 'Design'),
(159, '2023-07-22', 'Psychology'),
(160, '2022-02-02', 'Engineering'),
(161, '2020-10-16', 'Design'),
(163, '2022-07-03', 'Music'),
(164, '2021-12-03', 'Public Health'),
(165, '2023-11-16', 'Engineering'),
(166, '2022-01-22', 'Liberal Arts'),
(168, '2021-10-16', 'Business Administration'),
(169, '2024-02-02', 'Liberal Arts'),
(170, '2023-03-08', 'Hospitality Management'),
(172, '2023-10-01', 'Science'),
(174, '2020-10-14', 'Communication'),
(175, '2022-06-11', 'Education'),
(176, '2022-09-20', 'Journalism'),
(177, '2022-12-18', 'Hospitality Management'),
(178, '2024-04-04', 'Information Technology'),
(179, '2021-09-24', 'Arts'),
(180, '2022-09-13', 'Journalism'),
(181, '2021-06-01', 'Music'),
(182, '2021-11-17', 'Biotechnology'),
(184, '2022-09-17', 'Biotechnology'),
(185, '2022-12-03', 'Medicine'),
(186, '2022-12-17', 'Information Technology'),
(187, '2022-06-10', 'Computer Science'),
(188, '2024-03-05', 'Sports Management'),
(189, '2022-09-16', 'Psychology'),
(190, '2022-09-26', 'Journalism'),
(191, '2020-11-18', 'Data Science'),
(193, '2024-05-03', 'Medicine'),
(194, '2023-09-01', 'Education'),
(195, '2021-11-27', 'Engineering'),
(196, '2021-10-08', 'Science'),
(197, '2023-10-05', 'International Relations'),
(198, '2021-03-24', 'Laws'),
(199, '2023-06-12', 'Education'),
(200, '2024-02-08', 'Public Health'),
(201, '2022-08-03', 'Sports Management'),
(202, '2024-03-01', 'Urban Planning'),
(204, '2023-03-12', 'Veterinary Science'),
(205, '2021-03-01', 'Sports Management'),
(206, '2022-03-01', 'Public Health'),
(207, '2022-06-04', 'Design'),
(208, '2020-08-12', 'Liberal Arts'),
(211, '2023-07-18', 'Public Health'),
(214, '2023-07-26', 'Science'),
(215, '2022-05-24', 'Information Technology'),
(216, '2021-07-15', 'Urban Planning'),
(217, '2024-05-11', 'Communication'),
(218, '2022-05-20', 'Psychology'),
(220, '2023-03-30', 'Liberal Arts'),
(221, '2020-11-10', 'Laws'),
(222, '2022-09-18', 'Engineering'),
(223, '2021-07-17', 'Liberal Arts'),
(225, '2023-07-01', 'Environmental Science'),
(226, '2023-09-21', 'Social Work'),
(227, '2023-01-05', 'Urban Planning'),
(229, '2022-01-22', 'Journalism'),
(230, '2021-12-30', 'Laws'),
(231, '2023-02-25', 'Liberal Arts'),
(232, '2020-11-27', 'Sports Management'),
(233, '2023-03-15', 'Nursing'),
(234, '2020-11-16', 'Urban Planning'),
(235, '2024-05-12', 'Psychology'),
(236, '2023-06-29', 'Engineering'),
(237, '2022-03-03', 'Pharmacy'),
(239, '2023-02-09', 'International Relations'),
(240, '2024-03-10', 'Music'),
(241, '2021-12-18', 'Dental Surgery'),
(242, '2021-07-14', 'Design'),
(243, '2023-01-10', 'Education'),
(244, '2024-01-20', 'Science'),
(245, '2023-11-22', 'Communication'),
(246, '2024-05-19', 'Social Work'),
(247, '2023-02-11', 'Biotechnology'),
(249, '2023-05-25', 'Communication'),
(250, '2022-01-15', 'Nursing'),
(251, '2023-01-25', 'Liberal Arts'),
(252, '2022-11-26', 'Computer Science'),
(254, '2023-10-08', 'Data Science'),
(256, '2020-10-24', 'Medicine'),
(257, '2023-01-18', 'Liberal Arts'),
(258, '2021-08-03', 'Dental Surgery'),
(259, '2022-05-10', 'Medicine'),
(261, '2021-04-02', 'Science'),
(262, '2023-01-29', 'Sports Management'),
(263, '2021-12-31', 'Veterinary Science'),
(264, '2021-09-07', 'Communication'),
(266, '2023-02-24', 'Business Administration'),
(267, '2023-01-12', 'Dental Surgery'),
(268, '2022-11-30', 'Laws'),
(269, '2024-05-18', 'Arts'),
(270, '2021-07-06', 'Communication'),
(271, '2023-05-18', 'Arts'),
(272, '2021-10-02', 'Nursing'),
(273, '2024-05-29', 'Urban Planning'),
(275, '2021-02-27', 'Liberal Arts'),
(276, '2022-02-12', 'Biotechnology'),
(277, '2024-06-19', 'Information Technology'),
(278, '2023-06-25', 'Science'),
(279, '2024-02-14', 'Environmental Science'),
(281, '2022-10-09', 'Biotechnology'),
(282, '2023-01-06', 'Science'),
(283, '2023-03-29', 'Design'),
(284, '2023-10-22', 'Data Science'),
(285, '2024-04-02', 'Data Science'),
(286, '2022-04-23', 'Data Science'),
(288, '2024-02-07', 'Education'),
(290, '2023-02-01', 'Business Administration'),
(291, '2022-10-20', 'Fine Arts'),
(293, '2024-05-21', 'Communication'),
(294, '2023-04-23', 'International Relations'),
(295, '2021-08-01', 'Dental Surgery'),
(296, '2020-09-10', 'International Relations'),
(297, '2020-09-02', 'Social Work'),
(298, '2022-01-09', 'International Relations'),
(300, '2023-09-25', 'Education'),
(301, '2022-02-24', 'Sports Management'),
(302, '2021-10-07', 'Medicine'),
(303, '2020-08-17', 'Information Technology'),
(304, '2023-03-04', 'Dental Surgery'),
(306, '2024-05-18', 'Sports Management'),
(308, '2023-09-05', 'Veterinary Science'),
(309, '2021-04-17', 'Architecture'),
(310, '2022-11-11', 'Information Technology'),
(311, '2020-07-21', 'Science'),
(312, '2020-08-11', 'Design'),
(313, '2024-05-23', 'Pharmacy'),
(314, '2022-03-09', 'Data Science'),
(315, '2020-09-15', 'Medicine'),
(316, '2021-11-21', 'Science'),
(317, '2022-01-23', 'Education'),
(318, '2024-03-29', 'Sports Management'),
(319, '2021-09-27', 'Data Science'),
(321, '2021-10-17', 'Dental Surgery'),
(322, '2024-03-16', 'Engineering'),
(323, '2021-02-28', 'Environmental Science'),
(325, '2020-10-15', 'Sports Management'),
(326, '2020-10-29', 'Music'),
(327, '2021-01-11', 'Nursing'),
(328, '2022-04-11', 'International Relations'),
(329, '2022-06-01', 'Communication'),
(330, '2021-01-10', 'Engineering'),
(331, '2024-05-11', 'Public Health'),
(333, '2023-11-30', 'Arts'),
(334, '2022-09-20', 'Computer Science'),
(335, '2023-01-19', 'Business Administration'),
(336, '2021-02-28', 'Design'),
(337, '2021-01-22', 'Veterinary Science'),
(339, '2020-12-23', 'Hospitality Management'),
(340, '2021-08-31', 'Public Health'),
(341, '2022-07-10', 'Computer Science'),
(342, '2020-12-04', 'Music'),
(343, '2021-07-01', 'Nursing'),
(344, '2023-04-01', 'Urban Planning'),
(345, '2022-07-01', 'Medicine'),
(347, '2021-03-11', 'Computer Science'),
(348, '2022-08-18', 'Computer Science'),
(349, '2022-08-30', 'Data Science'),
(350, '2023-05-04', 'Medicine'),
(352, '2021-11-13', 'Nursing'),
(353, '2020-08-15', 'Liberal Arts'),
(354, '2020-12-06', 'Pharmacy'),
(355, '2021-04-22', 'Computer Science'),
(356, '2022-06-09', 'Hospitality Management'),
(357, '2022-01-13', 'Social Work'),
(359, '2022-09-01', 'Liberal Arts'),
(361, '2023-03-30', 'Communication'),
(362, '2023-10-23', 'Liberal Arts'),
(363, '2021-10-20', 'Biotechnology'),
(365, '2022-10-10', 'Public Health'),
(366, '2022-07-19', 'Fine Arts'),
(367, '2021-08-06', 'Environmental Science'),
(368, '2022-11-02', 'Music'),
(370, '2023-01-11', 'Architecture'),
(371, '2024-02-14', 'Business Administration'),
(372, '2021-01-28', 'Architecture'),
(373, '2022-04-21', 'Nursing'),
(374, '2022-01-05', 'Journalism'),
(375, '2023-12-16', 'Communication'),
(376, '2024-04-24', 'Data Science'),
(377, '2021-01-17', 'Data Science'),
(378, '2022-12-16', 'Hospitality Management'),
(379, '2020-07-17', 'Environmental Science'),
(380, '2021-07-22', 'Data Science'),
(381, '2023-05-22', 'Public Health'),
(382, '2021-01-16', 'Computer Science'),
(383, '2024-01-21', 'Fine Arts'),
(384, '2020-08-02', 'Engineering'),
(385, '2021-01-14', 'Dental Surgery'),
(386, '2021-04-02', 'Liberal Arts'),
(387, '2021-08-05', 'Architecture'),
(389, '2021-01-11', 'Music'),
(392, '2022-02-25', 'Sports Management'),
(393, '2022-09-06', 'Laws'),
(394, '2021-11-18', 'Pharmacy'),
(397, '2020-11-19', 'Arts'),
(398, '2024-03-03', 'Hospitality Management'),
(399, '2022-09-21', 'Biotechnology');

-- --------------------------------------------------------

--
-- Table structure for table `STUDENT_COURSE`
--

CREATE TABLE `STUDENT_COURSE` (
  `student_id` int NOT NULL,
  `course_id` int NOT NULL,
  `signup_date` date DEFAULT NULL
) ENGINE=InnoDB DEFAULT CHARSET=utf8mb4 COLLATE=utf8mb4_0900_ai_ci;

--
-- Dumping data for table `STUDENT_COURSE`
--

INSERT INTO `STUDENT_COURSE` (`student_id`, `course_id`, `signup_date`) VALUES
(1, 16, '2024-02-03'),
(1, 74, '2020-10-23'),
(1, 371, '2023-08-28'),
(3, 215, '2023-10-13'),
(3, 256, '2024-03-25'),
(3, 297, '2020-10-24'),
(4, 120, '2023-07-30'),
(5, 27, '2023-08-26'),
(5, 50, '2021-03-09'),
(5, 59, '2023-05-20'),
(6, 10, '2024-03-14'),
(6, 124, '2024-03-30'),
(6, 241, '2021-08-23'),
(6, 353, '2024-02-01'),
(6, 359, '2022-08-01'),
(7, 74, '2021-07-09'),
(7, 200, '2024-05-07'),
(7, 383, '2023-01-27'),
(10, 43, '2024-04-19'),
(10, 342, '2024-05-10'),
(10, 370, '2020-07-15'),
(15, 49, '2023-11-14'),
(15, 100, '2024-01-18'),
(15, 139, '2021-05-19'),
(15, 228, '2021-04-19'),
(16, 202, '2024-04-07'),
(16, 337, '2022-01-10'),
(17, 59, '2023-08-09'),
(17, 286, '2021-01-24'),
(17, 328, '2024-06-06'),
(19, 354, '2021-07-20'),
(20, 376, '2022-09-21'),
(22, 78, '2020-10-26'),
(23, 215, '2023-01-22'),
(23, 317, '2020-08-26'),
(23, 358, '2021-09-06'),
(23, 365, '2022-12-02'),
(23, 378, '2022-01-28'),
(24, 181, '2023-04-23'),
(24, 260, '2023-08-16'),
(24, 265, '2020-12-20'),
(24, 267, '2022-09-17'),
(26, 70, '2024-05-14'),
(26, 203, '2022-01-21'),
(26, 205, '2024-03-15'),
(26, 283, '2023-07-15'),
(26, 339, '2022-07-01'),
(27, 34, '2023-08-08'),
(27, 41, '2022-02-20'),
(27, 48, '2024-01-01'),
(27, 152, '2023-07-03'),
(27, 291, '2023-04-08'),
(29, 135, '2022-07-03'),
(30, 65, '2022-03-24'),
(30, 81, '2023-08-09'),
(30, 187, '2020-08-28'),
(30, 189, '2020-08-16'),
(31, 76, '2023-12-20'),
(31, 200, '2021-05-03'),
(32, 9, '2023-10-30'),
(32, 213, '2022-01-10'),
(32, 299, '2024-04-25'),
(32, 336, '2023-08-08'),
(33, 225, '2021-05-23'),
(33, 386, '2021-09-28'),
(34, 161, '2020-08-24'),
(36, 20, '2020-10-31'),
(36, 164, '2023-02-15'),
(36, 209, '2023-03-04'),
(36, 309, '2023-05-03'),
(36, 365, '2020-09-29'),
(37, 203, '2022-10-04'),
(37, 221, '2021-05-27'),
(37, 318, '2021-06-18'),
(37, 384, '2022-02-27'),
(39, 208, '2024-06-23'),
(39, 214, '2023-03-16'),
(40, 190, '2023-04-17'),
(40, 303, '2021-12-25'),
(41, 145, '2020-08-15'),
(41, 363, '2020-09-25'),
(41, 396, '2021-10-06'),
(42, 134, '2023-05-01'),
(42, 153, '2021-02-08'),
(43, 34, '2023-11-06'),
(43, 186, '2021-02-25'),
(45, 32, '2020-07-30'),
(45, 63, '2024-02-04'),
(45, 96, '2022-04-12'),
(45, 139, '2021-12-19'),
(45, 271, '2020-11-11'),
(46, 30, '2022-11-12'),
(46, 57, '2021-04-05'),
(46, 64, '2021-06-22'),
(46, 178, '2022-10-19'),
(46, 273, '2024-02-05'),
(47, 169, '2021-12-04'),
(47, 179, '2021-07-14'),
(47, 204, '2022-03-09'),
(47, 295, '2021-07-30'),
(47, 380, '2024-04-24'),
(48, 70, '2024-04-10'),
(48, 102, '2022-06-13'),
(48, 103, '2022-04-29'),
(48, 110, '2022-06-19'),
(48, 142, '2024-04-20'),
(49, 169, '2023-02-27'),
(49, 195, '2023-01-23'),
(49, 271, '2022-03-01'),
(49, 373, '2022-05-15'),
(50, 100, '2021-04-18'),
(50, 136, '2022-12-24'),
(50, 290, '2021-10-11'),
(51, 7, '2024-01-12'),
(51, 36, '2023-06-24'),
(51, 118, '2023-03-26'),
(51, 146, '2021-12-26'),
(51, 238, '2024-01-24'),
(52, 275, '2022-02-18'),
(52, 324, '2021-12-20'),
(52, 365, '2023-09-22'),
(52, 399, '2021-07-10'),
(53, 4, '2022-11-09'),
(53, 75, '2022-06-25'),
(53, 228, '2021-10-03'),
(53, 271, '2023-03-12'),
(53, 293, '2024-03-10'),
(54, 19, '2024-03-28'),
(54, 163, '2021-02-05'),
(54, 245, '2023-12-15'),
(55, 180, '2024-04-03'),
(55, 188, '2021-03-09'),
(57, 74, '2024-05-07'),
(57, 138, '2022-12-04'),
(57, 140, '2023-05-30'),
(57, 254, '2022-10-13'),
(59, 16, '2024-06-05'),
(59, 336, '2021-01-06'),
(59, 371, '2023-02-06'),
(60, 14, '2024-04-16'),
(62, 9, '2022-07-25'),
(62, 52, '2023-10-18'),
(62, 121, '2023-06-27'),
(62, 239, '2021-05-08'),
(62, 377, '2021-06-01'),
(63, 171, '2024-01-31'),
(63, 261, '2021-06-20'),
(63, 275, '2021-02-04'),
(63, 365, '2024-01-08'),
(64, 129, '2020-12-04'),
(64, 135, '2024-02-03'),
(64, 145, '2023-01-21'),
(64, 154, '2021-02-06'),
(64, 313, '2024-02-06'),
(65, 56, '2022-12-12'),
(65, 119, '2021-01-31'),
(65, 126, '2022-06-03'),
(66, 6, '2020-07-17'),
(66, 157, '2020-09-26'),
(66, 231, '2020-09-22'),
(66, 232, '2023-04-10'),
(66, 306, '2024-03-28'),
(67, 2, '2023-07-23'),
(67, 232, '2024-04-22'),
(68, 27, '2022-02-16'),
(68, 54, '2021-05-23'),
(68, 305, '2021-08-07'),
(69, 295, '2022-07-07'),
(71, 12, '2021-01-01'),
(71, 169, '2022-09-14'),
(71, 307, '2022-10-10'),
(71, 318, '2021-06-26'),
(71, 385, '2021-11-30'),
(72, 86, '2020-12-29'),
(72, 127, '2022-05-11'),
(72, 158, '2023-07-18'),
(72, 354, '2021-06-21'),
(73, 207, '2021-05-26'),
(73, 308, '2023-02-14'),
(74, 12, '2023-11-25'),
(74, 71, '2022-08-05'),
(74, 98, '2021-05-21'),
(74, 99, '2022-03-07'),
(74, 182, '2022-03-15'),
(75, 102, '2022-04-03'),
(75, 162, '2021-04-09'),
(76, 66, '2022-01-26'),
(76, 292, '2023-05-18'),
(76, 322, '2021-03-02'),
(76, 346, '2020-12-04'),
(76, 396, '2022-06-23'),
(77, 72, '2024-01-14'),
(77, 305, '2020-10-19'),
(77, 398, '2022-08-09'),
(78, 51, '2021-10-01'),
(78, 98, '2023-04-08'),
(78, 118, '2022-02-11'),
(78, 248, '2024-03-13'),
(79, 157, '2023-11-10'),
(79, 186, '2023-04-30'),
(79, 198, '2021-01-12'),
(80, 269, '2023-08-29'),
(80, 345, '2021-07-05'),
(82, 308, '2020-10-14'),
(82, 335, '2022-11-10'),
(83, 11, '2023-11-18'),
(83, 219, '2022-12-05'),
(83, 372, '2023-02-13'),
(84, 308, '2021-10-09'),
(85, 147, '2023-02-18'),
(85, 196, '2022-01-10'),
(86, 139, '2021-04-16'),
(86, 149, '2024-04-02'),
(86, 205, '2021-02-23'),
(86, 294, '2020-12-27'),
(88, 265, '2022-04-24'),
(89, 126, '2023-08-29'),
(90, 278, '2024-01-02'),
(92, 60, '2022-06-25'),
(92, 79, '2022-08-24'),
(92, 88, '2022-01-09'),
(93, 74, '2021-11-08'),
(93, 228, '2024-05-19'),
(93, 259, '2023-06-17'),
(93, 319, '2023-08-12'),
(94, 89, '2023-07-03'),
(94, 135, '2022-04-23'),
(94, 235, '2021-12-21'),
(94, 291, '2022-05-02'),
(94, 378, '2023-11-07'),
(96, 105, '2022-10-03'),
(96, 178, '2022-02-24'),
(96, 362, '2022-01-25'),
(97, 35, '2023-01-01'),
(97, 175, '2022-04-20'),
(97, 285, '2023-08-29'),
(97, 349, '2022-06-09'),
(97, 375, '2023-09-18'),
(98, 35, '2021-05-17'),
(98, 124, '2023-03-02'),
(98, 154, '2021-04-14'),
(98, 297, '2023-08-17'),
(99, 131, '2021-01-07'),
(99, 345, '2021-05-04'),
(100, 187, '2023-07-05'),
(100, 209, '2022-01-31'),
(100, 348, '2022-05-11'),
(100, 365, '2022-01-01'),
(100, 389, '2020-07-05'),
(101, 44, '2020-12-25'),
(101, 63, '2022-10-18'),
(101, 135, '2024-03-31'),
(101, 303, '2024-04-04'),
(101, 396, '2022-10-29'),
(103, 40, '2021-09-24'),
(103, 65, '2024-05-25'),
(103, 215, '2024-03-05'),
(103, 344, '2023-03-29'),
(104, 191, '2022-02-26'),
(104, 369, '2023-03-24'),
(105, 72, '2024-05-03'),
(105, 191, '2024-03-20'),
(105, 216, '2022-02-24'),
(105, 320, '2022-07-18'),
(106, 130, '2022-09-12'),
(106, 135, '2021-04-17'),
(106, 268, '2024-02-02'),
(106, 308, '2022-10-16'),
(107, 311, '2023-10-16'),
(108, 394, '2023-03-01'),
(109, 185, '2021-04-28'),
(109, 246, '2020-09-16'),
(109, 353, '2023-10-21'),
(111, 7, '2022-06-28'),
(111, 146, '2022-01-07'),
(111, 294, '2020-10-20'),
(111, 336, '2022-09-07'),
(111, 348, '2020-12-29'),
(112, 136, '2023-10-05'),
(112, 149, '2021-10-01'),
(112, 206, '2024-01-26'),
(112, 349, '2024-01-31'),
(113, 11, '2024-04-12'),
(113, 157, '2024-05-02'),
(114, 171, '2022-09-26'),
(114, 256, '2023-10-11'),
(117, 237, '2022-02-27'),
(117, 252, '2024-03-28'),
(117, 345, '2021-10-14'),
(117, 376, '2020-09-29'),
(117, 385, '2022-12-10'),
(118, 53, '2021-11-25'),
(118, 69, '2021-10-10'),
(118, 119, '2023-06-19'),
(118, 136, '2022-07-19'),
(118, 214, '2020-08-24'),
(120, 369, '2021-02-03'),
(121, 189, '2021-06-11'),
(122, 280, '2021-02-25'),
(127, 5, '2023-01-24'),
(127, 59, '2021-10-16'),
(127, 67, '2024-02-09'),
(127, 92, '2021-06-12'),
(127, 361, '2024-04-25'),
(128, 41, '2020-12-04'),
(128, 217, '2022-09-07'),
(128, 354, '2020-10-25'),
(128, 383, '2021-08-09'),
(129, 197, '2023-06-27'),
(129, 199, '2023-08-08'),
(130, 157, '2021-01-01'),
(130, 232, '2022-11-14'),
(130, 287, '2020-10-18'),
(131, 266, '2022-08-17'),
(131, 297, '2023-09-22'),
(131, 337, '2021-11-16'),
(131, 356, '2022-11-27'),
(131, 366, '2023-04-20'),
(132, 5, '2021-01-11'),
(132, 109, '2020-11-17'),
(132, 220, '2023-05-21'),
(132, 266, '2022-08-29'),
(133, 26, '2023-03-25'),
(133, 34, '2023-09-23'),
(133, 82, '2021-02-18'),
(133, 107, '2021-07-15'),
(133, 274, '2023-01-20'),
(135, 51, '2023-03-05'),
(138, 15, '2021-11-03'),
(138, 102, '2024-06-10'),
(138, 344, '2023-10-21'),
(138, 355, '2021-03-21'),
(138, 378, '2022-03-15'),
(140, 102, '2022-03-13'),
(140, 221, '2023-04-18'),
(140, 261, '2021-10-05'),
(141, 3, '2021-06-15'),
(141, 10, '2020-12-28'),
(141, 86, '2022-12-28'),
(141, 217, '2022-05-12'),
(143, 130, '2022-06-21'),
(143, 209, '2021-02-20'),
(143, 258, '2022-11-13'),
(144, 57, '2022-03-09'),
(144, 352, '2020-07-04'),
(144, 371, '2021-03-24'),
(146, 4, '2021-07-10'),
(146, 27, '2022-10-01'),
(146, 97, '2023-12-07'),
(147, 33, '2022-01-22'),
(147, 158, '2020-10-20'),
(147, 288, '2023-12-24'),
(148, 74, '2021-07-17'),
(148, 97, '2023-06-10'),
(148, 266, '2020-07-26'),
(148, 276, '2023-02-05'),
(148, 298, '2022-02-07'),
(149, 22, '2022-11-15'),
(149, 294, '2023-11-06'),
(150, 283, '2020-06-26'),
(150, 321, '2024-05-09'),
(151, 27, '2023-03-28'),
(151, 48, '2022-01-27'),
(151, 210, '2021-09-13'),
(152, 46, '2023-12-29'),
(152, 165, '2021-03-26'),
(152, 274, '2022-06-30'),
(152, 281, '2021-06-24'),
(152, 290, '2022-02-09'),
(153, 337, '2021-02-04'),
(154, 21, '2022-04-14'),
(154, 79, '2024-05-29'),
(154, 90, '2024-05-11'),
(154, 204, '2022-11-29'),
(155, 13, '2021-12-27'),
(155, 149, '2021-06-02'),
(155, 218, '2022-02-06'),
(155, 277, '2022-02-08'),
(155, 285, '2020-10-02'),
(156, 93, '2023-01-30'),
(156, 383, '2023-06-03'),
(157, 50, '2023-11-20'),
(157, 143, '2023-10-06'),
(157, 149, '2022-07-12'),
(158, 136, '2023-02-13'),
(158, 153, '2021-12-20'),
(158, 181, '2023-09-21'),
(158, 343, '2022-10-04'),
(159, 95, '2023-05-12'),
(159, 204, '2023-06-23'),
(159, 220, '2022-07-14'),
(159, 318, '2021-11-12'),
(160, 91, '2021-02-26'),
(160, 184, '2024-05-20'),
(160, 196, '2023-11-04'),
(160, 215, '2023-04-11'),
(160, 217, '2024-05-30'),
(161, 12, '2024-06-04'),
(161, 285, '2021-04-09'),
(163, 150, '2021-01-03'),
(163, 158, '2024-06-18'),
(163, 194, '2024-06-20'),
(163, 304, '2022-05-11'),
(163, 331, '2021-08-09'),
(164, 181, '2023-07-20'),
(164, 338, '2021-11-27'),
(164, 382, '2023-02-08'),
(164, 393, '2020-07-01'),
(165, 19, '2021-05-02'),
(165, 335, '2023-10-11'),
(165, 348, '2024-02-25'),
(166, 99, '2022-05-07'),
(166, 167, '2022-03-02'),
(166, 300, '2021-09-01'),
(166, 367, '2024-01-15'),
(168, 1, '2021-06-26'),
(168, 94, '2021-06-14'),
(168, 152, '2022-07-27'),
(168, 209, '2023-03-29'),
(168, 339, '2022-10-27'),
(169, 91, '2021-03-20'),
(169, 139, '2020-12-07'),
(170, 26, '2020-09-16'),
(170, 176, '2020-09-28'),
(170, 211, '2023-03-04'),
(170, 303, '2020-11-28'),
(170, 330, '2020-09-06'),
(172, 38, '2022-01-19'),
(172, 353, '2020-07-08'),
(172, 361, '2021-07-25'),
(174, 33, '2020-08-21'),
(174, 131, '2023-11-22'),
(174, 253, '2023-05-17'),
(175, 382, '2020-12-17'),
(176, 103, '2022-05-03'),
(176, 264, '2020-11-19'),
(177, 30, '2022-08-01'),
(177, 249, '2020-07-10'),
(177, 253, '2022-06-08'),
(177, 292, '2020-12-26'),
(178, 241, '2021-04-16'),
(178, 287, '2022-06-18'),
(179, 91, '2021-01-31'),
(179, 156, '2021-10-18'),
(179, 157, '2020-12-03'),
(179, 212, '2023-12-27'),
(180, 13, '2022-07-16'),
(180, 30, '2021-09-21'),
(180, 183, '2023-07-22'),
(180, 243, '2022-04-16'),
(181, 101, '2022-08-31'),
(181, 265, '2023-06-18'),
(181, 319, '2021-03-04'),
(181, 380, '2023-06-09'),
(181, 390, '2023-05-15'),
(182, 117, '2022-03-23'),
(182, 154, '2020-09-22'),
(182, 163, '2021-12-26'),
(182, 205, '2021-07-04'),
(182, 298, '2022-07-22'),
(184, 47, '2020-11-03'),
(184, 125, '2024-02-01'),
(185, 176, '2022-11-07'),
(185, 214, '2021-07-25'),
(185, 259, '2023-12-20'),
(185, 284, '2022-05-31'),
(185, 386, '2021-12-16'),
(186, 134, '2022-03-29'),
(187, 29, '2020-10-22'),
(187, 99, '2021-08-29'),
(187, 221, '2024-06-12'),
(188, 185, '2020-12-17'),
(188, 390, '2021-06-27'),
(189, 315, '2021-05-19'),
(190, 110, '2021-11-10'),
(191, 351, '2024-01-08'),
(193, 73, '2023-08-05'),
(194, 73, '2024-02-08'),
(194, 187, '2022-09-05'),
(194, 220, '2023-03-28'),
(195, 74, '2021-07-26'),
(195, 129, '2020-10-30'),
(195, 177, '2023-12-17'),
(195, 185, '2021-06-15'),
(195, 359, '2022-09-22'),
(196, 54, '2021-06-17'),
(196, 196, '2023-09-20'),
(196, 370, '2022-03-24'),
(197, 51, '2021-04-10'),
(197, 107, '2023-09-07'),
(197, 162, '2024-03-18'),
(197, 217, '2023-04-19'),
(198, 17, '2022-09-06'),
(199, 65, '2023-07-01'),
(199, 323, '2024-06-23'),
(200, 5, '2023-06-08'),
(200, 18, '2024-05-24'),
(200, 126, '2023-03-07'),
(200, 197, '2022-06-29'),
(200, 387, '2021-06-23'),
(201, 47, '2023-04-09'),
(201, 78, '2022-04-01'),
(202, 165, '2022-05-21'),
(202, 235, '2022-06-24'),
(202, 261, '2022-08-25'),
(202, 378, '2022-10-04'),
(204, 55, '2022-10-23'),
(204, 124, '2023-07-05'),
(204, 134, '2022-03-25'),
(204, 217, '2024-01-26'),
(204, 363, '2024-03-23'),
(205, 39, '2023-04-10'),
(205, 398, '2021-09-10'),
(206, 9, '2021-03-24'),
(206, 185, '2021-05-15'),
(206, 304, '2024-03-08'),
(207, 183, '2021-10-09'),
(207, 313, '2022-01-20'),
(207, 341, '2020-06-30'),
(207, 353, '2020-08-07'),
(207, 390, '2023-09-10'),
(208, 113, '2021-01-27'),
(208, 192, '2022-02-07'),
(208, 281, '2022-01-28'),
(211, 133, '2022-10-20'),
(211, 134, '2023-12-09'),
(211, 174, '2023-02-24'),
(211, 292, '2024-03-02'),
(211, 359, '2024-03-14'),
(214, 20, '2021-09-28'),
(215, 166, '2021-09-11'),
(215, 174, '2024-05-07'),
(215, 240, '2023-03-09'),
(215, 305, '2020-07-23'),
(215, 307, '2023-02-05'),
(216, 31, '2022-04-12'),
(216, 90, '2020-10-23'),
(216, 227, '2022-02-24'),
(216, 349, '2021-03-28'),
(217, 19, '2021-08-27'),
(217, 162, '2024-01-20'),
(217, 261, '2022-01-28'),
(217, 276, '2021-02-17'),
(218, 85, '2024-04-23'),
(218, 112, '2023-08-10'),
(220, 2, '2022-01-29'),
(220, 74, '2021-11-25'),
(220, 135, '2022-05-09'),
(221, 108, '2022-05-26'),
(222, 52, '2021-02-09'),
(222, 240, '2024-02-20'),
(222, 301, '2022-12-04'),
(222, 363, '2021-06-08'),
(223, 96, '2020-06-28'),
(223, 179, '2023-04-23'),
(223, 318, '2022-11-04'),
(225, 76, '2023-08-24'),
(225, 87, '2022-12-03'),
(225, 170, '2022-09-09'),
(225, 256, '2020-10-26'),
(225, 341, '2023-10-18'),
(226, 15, '2023-02-11'),
(226, 143, '2021-06-19'),
(226, 286, '2020-09-19'),
(226, 314, '2022-04-26'),
(227, 66, '2022-12-07'),
(227, 91, '2024-05-22'),
(227, 111, '2023-11-04'),
(227, 390, '2021-12-13'),
(229, 11, '2021-04-13'),
(229, 29, '2024-05-09'),
(229, 64, '2023-05-28'),
(229, 92, '2023-01-06'),
(229, 290, '2020-11-14'),
(230, 232, '2022-10-26'),
(230, 262, '2023-02-11'),
(231, 31, '2020-09-10'),
(232, 202, '2020-08-25'),
(232, 224, '2021-09-18'),
(232, 229, '2022-01-18'),
(232, 289, '2023-12-18'),
(232, 321, '2024-02-20'),
(233, 180, '2024-02-12'),
(233, 291, '2022-07-04'),
(233, 314, '2021-12-04'),
(233, 318, '2024-04-16'),
(234, 98, '2022-04-27'),
(234, 121, '2021-02-27'),
(234, 288, '2022-02-11'),
(235, 37, '2022-04-17'),
(235, 183, '2023-10-08'),
(235, 186, '2021-04-14'),
(235, 262, '2021-10-20'),
(235, 317, '2021-09-13'),
(236, 90, '2020-09-24'),
(236, 160, '2021-12-24'),
(236, 294, '2021-05-18'),
(236, 377, '2022-10-26'),
(237, 155, '2023-07-02'),
(237, 190, '2024-02-04'),
(237, 239, '2021-03-10'),
(237, 283, '2022-08-08'),
(237, 346, '2022-11-18'),
(239, 74, '2022-08-25'),
(239, 83, '2020-10-04'),
(239, 189, '2024-02-24'),
(240, 43, '2021-02-08'),
(240, 247, '2021-01-12'),
(240, 297, '2022-09-23'),
(240, 353, '2021-04-09'),
(241, 54, '2023-11-11'),
(241, 98, '2022-01-14'),
(241, 111, '2022-06-22'),
(241, 141, '2022-08-09'),
(241, 170, '2021-10-25'),
(242, 269, '2021-03-08'),
(242, 378, '2021-01-21'),
(243, 48, '2024-04-06'),
(243, 242, '2023-09-27'),
(243, 250, '2023-11-22'),
(244, 258, '2021-04-23'),
(245, 10, '2021-05-26'),
(245, 15, '2022-05-01'),
(245, 208, '2022-05-28'),
(245, 369, '2020-08-01'),
(246, 160, '2023-02-27'),
(246, 259, '2020-07-24'),
(247, 70, '2021-02-15'),
(247, 339, '2022-11-20'),
(247, 378, '2020-08-11'),
(249, 49, '2022-09-18'),
(249, 282, '2021-05-09'),
(249, 294, '2021-07-23'),
(250, 335, '2022-05-25'),
(250, 338, '2023-07-02'),
(251, 35, '2022-10-12'),
(251, 112, '2022-09-26'),
(251, 136, '2022-06-17'),
(251, 145, '2023-06-23'),
(251, 365, '2020-09-30'),
(252, 81, '2023-03-24'),
(252, 95, '2022-07-25'),
(252, 142, '2023-05-17'),
(252, 290, '2023-01-22'),
(252, 312, '2024-02-29'),
(254, 162, '2022-07-05'),
(256, 123, '2024-06-04'),
(257, 132, '2023-08-06'),
(257, 184, '2022-12-13'),
(257, 242, '2021-07-04'),
(257, 355, '2020-12-08'),
(258, 60, '2023-01-02'),
(258, 97, '2022-03-09'),
(258, 99, '2023-12-30'),
(258, 142, '2020-12-17'),
(258, 245, '2022-12-16'),
(259, 332, '2021-12-05'),
(261, 144, '2021-03-08'),
(261, 151, '2021-04-25'),
(261, 270, '2021-10-07'),
(262, 72, '2022-05-30'),
(262, 122, '2023-03-18'),
(262, 253, '2024-01-27'),
(263, 154, '2021-12-16'),
(263, 220, '2022-06-21'),
(263, 318, '2021-03-26'),
(264, 201, '2021-09-11'),
(266, 390, '2023-03-20'),
(267, 72, '2020-12-20'),
(267, 136, '2023-10-29'),
(267, 208, '2023-04-03'),
(267, 229, '2021-10-17'),
(267, 376, '2022-05-04'),
(268, 328, '2020-09-13'),
(269, 140, '2023-03-09'),
(270, 293, '2020-07-03'),
(270, 306, '2024-05-25'),
(271, 44, '2021-03-21'),
(271, 65, '2020-10-01'),
(271, 317, '2021-04-08'),
(272, 22, '2022-12-15'),
(273, 4, '2024-03-19'),
(273, 49, '2022-01-07'),
(273, 51, '2021-03-27'),
(273, 274, '2022-08-29'),
(273, 336, '2021-10-14'),
(275, 68, '2020-08-30'),
(275, 183, '2024-05-14'),
(275, 295, '2020-12-05'),
(275, 342, '2020-07-05'),
(276, 48, '2021-12-05'),
(276, 99, '2022-04-07'),
(276, 242, '2020-09-07'),
(276, 249, '2023-06-22'),
(276, 359, '2023-09-22'),
(277, 62, '2020-09-07'),
(278, 339, '2022-05-09'),
(278, 397, '2024-05-01'),
(279, 95, '2022-02-01'),
(279, 104, '2023-07-14'),
(279, 271, '2024-01-23'),
(279, 308, '2024-03-03'),
(281, 25, '2022-12-09'),
(281, 63, '2021-12-11'),
(281, 101, '2020-09-01'),
(282, 38, '2020-08-21'),
(282, 112, '2021-04-21'),
(282, 289, '2022-08-16'),
(283, 168, '2020-12-17'),
(283, 283, '2020-08-26'),
(284, 125, '2024-04-02'),
(284, 143, '2021-01-19'),
(284, 181, '2020-11-30'),
(284, 208, '2021-11-03'),
(284, 352, '2022-01-14'),
(285, 363, '2022-08-03'),
(286, 53, '2023-03-27'),
(286, 135, '2020-12-03'),
(286, 267, '2020-07-11'),
(288, 3, '2023-01-18'),
(288, 82, '2022-12-26'),
(288, 154, '2024-02-28'),
(288, 385, '2021-01-04'),
(288, 399, '2024-01-30'),
(290, 41, '2021-08-30'),
(290, 99, '2024-05-16'),
(290, 209, '2022-08-29'),
(290, 315, '2023-09-08'),
(291, 49, '2021-08-22'),
(291, 122, '2023-06-15'),
(293, 20, '2022-07-12'),
(293, 108, '2023-01-14'),
(293, 179, '2020-11-15'),
(293, 359, '2022-07-03'),
(294, 54, '2023-10-06'),
(294, 133, '2022-10-17'),
(294, 141, '2021-10-05'),
(295, 61, '2022-09-12'),
(295, 103, '2022-08-13'),
(296, 222, '2023-01-01'),
(296, 288, '2021-08-01'),
(297, 15, '2022-07-09'),
(297, 236, '2023-06-21'),
(297, 241, '2021-10-30'),
(297, 309, '2022-01-13'),
(298, 122, '2021-12-05'),
(300, 45, '2021-03-12'),
(300, 210, '2023-10-16'),
(300, 234, '2022-03-16'),
(300, 254, '2023-07-04'),
(301, 88, '2020-09-13'),
(301, 169, '2024-05-01'),
(301, 303, '2023-07-26'),
(302, 139, '2023-07-19'),
(302, 178, '2021-12-30'),
(302, 268, '2020-09-30'),
(302, 296, '2021-10-09'),
(303, 261, '2021-01-12'),
(303, 295, '2024-01-21'),
(303, 328, '2022-03-27'),
(304, 42, '2023-05-28'),
(304, 113, '2022-07-26'),
(304, 152, '2020-11-18'),
(304, 261, '2023-02-18'),
(306, 16, '2021-12-02'),
(306, 143, '2024-03-23'),
(306, 182, '2024-01-09'),
(306, 335, '2023-09-14'),
(308, 118, '2023-05-08'),
(308, 125, '2023-07-16'),
(308, 222, '2021-08-10'),
(309, 119, '2024-05-05'),
(309, 271, '2021-05-27'),
(309, 306, '2022-03-14'),
(309, 332, '2021-10-05'),
(309, 364, '2020-12-16'),
(310, 167, '2021-03-30'),
(310, 180, '2022-10-28'),
(310, 202, '2021-03-23'),
(310, 382, '2021-12-21'),
(310, 385, '2022-10-15'),
(311, 111, '2020-08-07'),
(311, 136, '2020-11-16'),
(311, 336, '2021-05-26'),
(312, 90, '2021-06-29'),
(313, 25, '2023-02-05'),
(313, 171, '2021-07-17'),
(314, 70, '2024-05-26'),
(315, 104, '2021-11-05'),
(315, 364, '2020-11-09'),
(316, 21, '2021-01-16'),
(316, 166, '2024-02-12'),
(316, 200, '2023-09-09'),
(316, 255, '2023-01-12'),
(316, 277, '2023-03-19'),
(317, 100, '2023-04-25'),
(317, 197, '2022-10-31'),
(317, 208, '2022-04-29'),
(318, 101, '2022-10-13'),
(318, 311, '2024-01-19'),
(319, 22, '2022-01-12'),
(319, 34, '2023-12-26'),
(319, 63, '2023-08-13'),
(319, 177, '2023-07-10'),
(321, 43, '2020-11-02'),
(321, 146, '2021-11-26'),
(321, 366, '2021-02-19'),
(322, 394, '2022-08-04'),
(323, 239, '2023-07-14'),
(323, 267, '2024-02-15'),
(325, 258, '2022-07-22'),
(326, 217, '2021-04-25'),
(326, 248, '2020-09-08'),
(326, 255, '2023-07-03'),
(326, 396, '2022-02-18'),
(327, 288, '2022-11-04'),
(327, 345, '2021-11-29'),
(328, 109, '2021-01-05'),
(328, 129, '2021-11-21'),
(328, 305, '2023-04-12'),
(329, 317, '2020-07-14'),
(330, 73, '2021-02-23'),
(330, 232, '2024-02-17'),
(330, 298, '2022-07-28'),
(330, 329, '2021-08-24'),
(330, 361, '2020-07-15'),
(331, 24, '2021-07-29'),
(331, 174, '2024-06-08'),
(331, 190, '2023-02-12'),
(331, 269, '2024-02-17'),
(331, 325, '2022-02-25'),
(333, 131, '2023-01-13'),
(333, 257, '2023-02-08'),
(334, 64, '2021-12-06'),
(335, 9, '2021-07-24'),
(335, 195, '2022-01-25'),
(335, 261, '2021-12-30'),
(336, 49, '2021-02-13'),
(336, 63, '2021-06-19'),
(337, 35, '2023-02-11'),
(337, 55, '2024-03-06'),
(337, 97, '2023-10-22'),
(337, 245, '2022-09-07'),
(339, 139, '2021-04-11'),
(340, 5, '2023-12-02'),
(340, 198, '2024-01-11'),
(340, 219, '2024-06-14'),
(340, 379, '2021-10-14'),
(341, 38, '2021-04-21'),
(341, 61, '2024-05-30'),
(341, 98, '2024-05-06'),
(341, 261, '2023-07-09'),
(341, 363, '2020-09-02'),
(342, 98, '2020-10-09'),
(342, 240, '2022-01-26'),
(343, 7, '2024-04-17'),
(343, 121, '2022-12-23'),
(343, 203, '2021-04-28'),
(343, 270, '2023-01-18'),
(343, 384, '2022-07-27'),
(344, 30, '2024-05-23'),
(344, 134, '2020-07-01'),
(344, 187, '2022-04-03'),
(344, 335, '2023-11-21'),
(344, 394, '2020-07-06'),
(345, 127, '2022-12-10'),
(345, 136, '2022-02-14'),
(345, 202, '2021-01-18'),
(345, 242, '2024-06-16'),
(345, 262, '2023-09-20'),
(347, 19, '2021-01-07'),
(347, 120, '2020-10-25'),
(347, 170, '2022-01-18'),
(347, 289, '2023-09-10'),
(347, 309, '2023-01-08'),
(348, 109, '2020-09-23'),
(348, 243, '2022-06-08'),
(348, 249, '2023-11-26'),
(348, 302, '2023-11-26'),
(349, 28, '2022-03-27'),
(349, 140, '2023-04-25'),
(349, 146, '2021-07-19'),
(349, 230, '2022-02-27'),
(349, 318, '2022-02-14'),
(350, 14, '2023-04-25'),
(350, 383, '2021-06-04'),
(352, 36, '2021-01-03'),
(352, 230, '2023-12-01'),
(352, 366, '2020-12-12'),
(352, 383, '2022-08-08'),
(353, 219, '2023-05-03'),
(353, 309, '2022-06-17'),
(354, 116, '2020-10-23'),
(354, 233, '2024-02-09'),
(354, 253, '2023-09-29'),
(355, 84, '2022-09-26'),
(355, 178, '2021-03-18'),
(355, 248, '2021-07-30'),
(355, 388, '2022-09-13'),
(356, 258, '2022-11-01'),
(356, 276, '2021-04-14'),
(357, 243, '2022-10-16'),
(359, 120, '2021-06-26'),
(359, 156, '2024-05-14'),
(361, 13, '2021-12-29'),
(361, 19, '2022-09-08'),
(361, 240, '2021-06-06'),
(361, 277, '2022-03-20'),
(362, 134, '2022-10-03'),
(363, 18, '2020-11-16'),
(363, 35, '2021-10-19'),
(363, 132, '2020-11-29'),
(365, 65, '2022-12-06'),
(365, 192, '2023-07-02'),
(366, 292, '2021-06-21'),
(366, 338, '2022-02-21'),
(366, 386, '2023-07-05'),
(367, 271, '2022-10-30'),
(367, 334, '2024-01-01'),
(367, 396, '2022-06-28'),
(368, 161, '2022-08-12'),
(368, 265, '2023-12-12'),
(368, 359, '2020-11-01'),
(370, 43, '2020-08-13'),
(370, 107, '2023-12-21'),
(370, 301, '2021-02-08'),
(370, 377, '2023-11-11'),
(371, 147, '2022-05-27'),
(371, 277, '2023-11-05'),
(371, 317, '2021-08-30'),
(372, 115, '2022-01-05'),
(372, 167, '2022-01-16'),
(372, 176, '2021-09-20'),
(372, 339, '2024-06-17'),
(372, 373, '2022-10-14'),
(373, 388, '2021-04-07'),
(374, 129, '2020-12-17'),
(374, 134, '2022-02-09'),
(374, 352, '2022-03-04'),
(375, 7, '2020-09-01'),
(375, 95, '2024-01-29'),
(375, 134, '2021-07-19'),
(375, 261, '2022-05-20'),
(375, 350, '2021-11-20'),
(376, 100, '2022-04-21'),
(376, 343, '2023-02-28'),
(377, 188, '2022-09-13'),
(378, 120, '2021-04-22'),
(378, 362, '2021-04-09'),
(378, 374, '2021-01-18'),
(378, 385, '2024-02-10'),
(378, 391, '2022-11-15'),
(379, 91, '2021-09-14'),
(379, 343, '2023-08-20'),
(380, 27, '2020-10-01'),
(381, 87, '2021-07-25'),
(381, 313, '2024-05-04'),
(382, 103, '2023-12-03'),
(382, 160, '2021-06-28'),
(382, 247, '2022-07-26'),
(383, 110, '2024-02-02'),
(384, 87, '2023-05-16'),
(384, 91, '2021-02-22'),
(384, 257, '2024-01-13'),
(384, 331, '2021-05-23'),
(384, 395, '2020-09-11'),
(385, 63, '2020-08-20'),
(385, 217, '2021-03-29'),
(385, 297, '2022-03-03'),
(386, 246, '2023-04-22'),
(387, 169, '2023-03-12'),
(387, 214, '2021-08-31'),
(387, 278, '2024-06-13'),
(387, 317, '2020-10-10'),
(389, 32, '2022-08-23'),
(389, 61, '2022-11-30'),
(392, 199, '2022-09-05'),
(392, 324, '2022-04-11'),
(393, 143, '2022-12-13'),
(393, 179, '2020-07-22'),
(393, 224, '2022-01-03'),
(393, 393, '2021-11-29'),
(394, 26, '2024-01-07'),
(394, 117, '2022-09-26'),
(394, 192, '2022-01-13'),
(394, 262, '2021-10-08'),
(394, 370, '2022-12-19'),
(397, 195, '2024-04-11'),
(397, 279, '2020-12-16'),
(397, 376, '2021-09-12'),
(398, 8, '2021-02-04'),
(398, 223, '2023-11-22'),
(398, 333, '2020-11-29'),
(399, 94, '2021-01-25'),
(399, 162, '2022-12-22'),
(399, 318, '2020-11-29'),
(399, 391, '2020-08-02');

--
-- Indexes for dumped tables
--

--
-- Indexes for table `BANK_TRANSFER`
--
ALTER TABLE `BANK_TRANSFER`
  ADD PRIMARY KEY (`transfer_id`),
  ADD KEY `person_id` (`person_id`);

--
-- Indexes for table `COURSE`
--
ALTER TABLE `COURSE`
  ADD PRIMARY KEY (`course_id`);

--
-- Indexes for table `PERSON`
--
ALTER TABLE `PERSON`
  ADD PRIMARY KEY (`person_id`);

--
-- Indexes for table `PROFESSOR`
--
ALTER TABLE `PROFESSOR`
  ADD PRIMARY KEY (`person_id`);

--
-- Indexes for table `PROFESSOR_COURSE`
--
ALTER TABLE `PROFESSOR_COURSE`
  ADD PRIMARY KEY (`professor_id`,`course_id`),
  ADD KEY `course_id` (`course_id`);

--
-- Indexes for table `STUDENT`
--
ALTER TABLE `STUDENT`
  ADD PRIMARY KEY (`person_id`);

--
-- Indexes for table `STUDENT_COURSE`
--
ALTER TABLE `STUDENT_COURSE`
  ADD PRIMARY KEY (`student_id`,`course_id`),
  ADD KEY `course_id` (`course_id`);

--
-- Constraints for dumped tables
--

--
-- Constraints for table `BANK_TRANSFER`
--
ALTER TABLE `BANK_TRANSFER`
  ADD CONSTRAINT `BANK_TRANSFER_ibfk_1` FOREIGN KEY (`person_id`) REFERENCES `PERSON` (`person_id`);

--
-- Constraints for table `PROFESSOR`
--
ALTER TABLE `PROFESSOR`
  ADD CONSTRAINT `PROFESSOR_ibfk_1` FOREIGN KEY (`person_id`) REFERENCES `PERSON` (`person_id`);

--
-- Constraints for table `PROFESSOR_COURSE`
--
ALTER TABLE `PROFESSOR_COURSE`
  ADD CONSTRAINT `PROFESSOR_COURSE_ibfk_1` FOREIGN KEY (`professor_id`) REFERENCES `PROFESSOR` (`person_id`),
  ADD CONSTRAINT `PROFESSOR_COURSE_ibfk_2` FOREIGN KEY (`course_id`) REFERENCES `COURSE` (`course_id`);

--
-- Constraints for table `STUDENT`
--
ALTER TABLE `STUDENT`
  ADD CONSTRAINT `STUDENT_ibfk_1` FOREIGN KEY (`person_id`) REFERENCES `PERSON` (`person_id`);

--
-- Constraints for table `STUDENT_COURSE`
--
ALTER TABLE `STUDENT_COURSE`
  ADD CONSTRAINT `STUDENT_COURSE_ibfk_1` FOREIGN KEY (`student_id`) REFERENCES `STUDENT` (`person_id`),
  ADD CONSTRAINT `STUDENT_COURSE_ibfk_2` FOREIGN KEY (`course_id`) REFERENCES `COURSE` (`course_id`);
COMMIT;

/*!40101 SET CHARACTER_SET_CLIENT=@OLD_CHARACTER_SET_CLIENT */;
/*!40101 SET CHARACTER_SET_RESULTS=@OLD_CHARACTER_SET_RESULTS */;
/*!40101 SET COLLATION_CONNECTION=@OLD_COLLATION_CONNECTION */;
