use HogwartzAccounting;

/*markdown
# Insert `BANK_TRANSFER`
*/

insert into BANK_TRANSFER (transfer_id, person_id, amount, transfer_date, description, outgoing) values
(1, 273, 650.38, '2021-01-24', 'feugiat et eros vestibulum ac est lacinia nisi venenatis tristique fusce congue diam id', false),
(2, 22, 714.55, '2023-08-02', 'nisi venenatis tristique fusce congue diam id ornare imperdiet sapien urna pretium nisl ut volutpat', false),
(3, 178, 220.93, '2015-02-24', 'accumsan odio curabitur convallis duis consequat dui nec nisi volutpat eleifend donec ut dolor morbi', true),
(4, 240, 633.93, '2022-11-29', 'cras non velit nec nisi vulputate nonummy maecenas tincidunt lacus at velit vivamus', false),
(5, 362, 470.85, '2019-01-29', 'eu massa donec dapibus duis at velit eu est congue elementum', false),
(6, 16, 590.97, '2018-10-23', 'pellentesque ultrices phasellus id sapien in sapien iaculis congue vivamus metus arcu adipiscing', true),
(7, 173, 458.7, '2020-08-28', 'faucibus cursus urna ut tellus nulla ut erat id mauris vulputate elementum nullam', true),
(8, 177, 561.87, '2017-11-25', 'ut massa quis augue luctus tincidunt nulla mollis molestie lorem quisque ut erat curabitur gravida nisi', true),
(9, 324, 924.39, '2016-02-26', 'habitasse platea dictumst etiam faucibus cursus urna ut tellus nulla ut erat id mauris', false),
(10, 234, 967.63, '2021-05-02', 'leo pellentesque ultrices mattis odio donec vitae nisi nam ultrices libero non mattis pulvinar nulla pede ullamcorper augue a suscipit', false),
(11, 156, 946.43, '2018-05-27', 'semper rutrum nulla nunc purus phasellus in felis donec semper', false),
(12, 212, 748.24, '2019-07-02', 'pellentesque viverra pede ac diam cras pellentesque volutpat dui maecenas tristique est et tempus semper est quam', false),
(13, 319, 163.48, '2016-04-19', 'est et tempus semper est quam pharetra magna ac consequat metus sapien ut nunc vestibulum', true),
(14, 263, 220.38, '2023-08-25', 'fermentum justo nec condimentum neque sapien placerat ante nulla justo aliquam quis turpis eget', false),
(15, 292, 130.09, '2021-05-30', 'sit amet diam in magna bibendum imperdiet nullam orci pede venenatis non sodales sed tincidunt eu felis', true),
(16, 320, 995.36, '2018-11-24', 'semper sapien a libero nam dui proin leo odio porttitor id consequat in consequat', false),
(17, 148, 469.4, '2019-06-10', 'nibh ligula nec sem duis aliquam convallis nunc proin at', false),
(18, 221, 278.22, '2017-07-20', 'cras in purus eu magna vulputate luctus cum sociis natoque penatibus', true),
(19, 234, 167.8, '2016-12-01', 'non ligula pellentesque ultrices phasellus id sapien in sapien iaculis congue vivamus metus', false),
(20, 396, 912.26, '2019-02-17', 'eu magna vulputate luctus cum sociis natoque penatibus et magnis dis parturient montes nascetur ridiculus mus vivamus vestibulum sagittis', true),
(21, 41, 940.04, '2015-05-02', 'sapien urna pretium nisl ut volutpat sapien arcu sed augue aliquam erat volutpat in congue etiam justo etiam pretium', false),
(22, 280, 709.04, '2022-11-16', 'fermentum justo nec condimentum neque sapien placerat ante nulla justo aliquam quis turpis', true),
(23, 35, 647.18, '2020-01-14', 'consectetuer adipiscing elit proin risus praesent lectus vestibulum quam sapien varius ut blandit non interdum', true),
(24, 222, 288.13, '2024-01-05', 'cum sociis natoque penatibus et magnis dis parturient montes nascetur', false),
(25, 357, 137.97, '2015-08-06', 'nulla ultrices aliquet maecenas leo odio condimentum id luctus nec molestie sed justo pellentesque', false),
(26, 55, 331.94, '2018-11-01', 'vel nulla eget eros elementum pellentesque quisque porta volutpat erat quisque erat eros viverra eget congue eget semper rutrum', false),
(27, 214, 789.95, '2017-08-19', 'bibendum felis sed interdum venenatis turpis enim blandit mi in porttitor pede', true),
(28, 380, 365.86, '2020-06-07', 'turpis adipiscing lorem vitae mattis nibh ligula nec sem duis aliquam convallis nunc proin at turpis a', true),
(29, 234, 224.58, '2018-10-30', 'sit amet diam in magna bibendum imperdiet nullam orci pede venenatis', false),
(30, 12, 851.5, '2021-11-23', 'pellentesque at nulla suspendisse potenti cras in purus eu magna vulputate luctus cum sociis natoque penatibus et', false),
(31, 261, 684.12, '2021-03-18', 'et ultrices posuere cubilia curae donec pharetra magna vestibulum aliquet', false),
(32, 212, 153.4, '2016-07-01', 'velit nec nisi vulputate nonummy maecenas tincidunt lacus at velit vivamus vel nulla eget eros elementum pellentesque quisque porta', true),
(33, 394, 760.85, '2015-11-16', 'orci mauris lacinia sapien quis libero nullam sit amet turpis elementum ligula vehicula consequat morbi a ipsum', false),
(34, 154, 285.71, '2023-12-27', 'iaculis congue vivamus metus arcu adipiscing molestie hendrerit at vulputate vitae nisl aenean lectus pellentesque eget nunc', true),
(35, 323, 838.17, '2022-11-23', 'elementum pellentesque quisque porta volutpat erat quisque erat eros viverra eget congue eget semper rutrum nulla nunc', false),
(36, 340, 354.99, '2015-01-09', 'laoreet ut rhoncus aliquet pulvinar sed nisl nunc rhoncus dui vel sem sed sagittis nam', true),
(37, 247, 391.52, '2021-12-06', 'interdum venenatis turpis enim blandit mi in porttitor pede justo eu massa donec dapibus duis at velit eu est congue', true),
(38, 10, 863.42, '2020-07-06', 'augue aliquam erat volutpat in congue etiam justo etiam pretium', true),
(39, 20, 176.84, '2023-06-30', 'nisl nunc nisl duis bibendum felis sed interdum venenatis turpis enim blandit mi in porttitor', true),
(40, 106, 821.62, '2018-01-08', 'et ultrices posuere cubilia curae duis faucibus accumsan odio curabitur', false),
(41, 178, 613.79, '2017-11-18', 'quam pharetra magna ac consequat metus sapien ut nunc vestibulum ante', false),
(42, 2, 700.7, '2017-05-06', 'posuere cubilia curae mauris viverra diam vitae quam suspendisse potenti nullam porttitor lacus at turpis donec posuere metus vitae', true),
(43, 289, 731.53, '2020-01-23', 'erat tortor sollicitudin mi sit amet lobortis sapien sapien non mi integer ac neque', false),
(44, 369, 630.43, '2021-02-04', 'etiam vel augue vestibulum rutrum rutrum neque aenean auctor gravida', false),
(45, 268, 291.09, '2021-10-24', 'a pede posuere nonummy integer non velit donec diam neque vestibulum eget vulputate ut ultrices vel augue vestibulum ante', false),
(46, 291, 622.82, '2021-05-18', 'magna bibendum imperdiet nullam orci pede venenatis non sodales sed tincidunt eu', true),
(47, 226, 725.71, '2021-10-28', 'eu felis fusce posuere felis sed lacus morbi sem mauris laoreet ut rhoncus aliquet pulvinar', true),
(48, 352, 969.99, '2015-08-16', 'posuere metus vitae ipsum aliquam non mauris morbi non lectus aliquam', false),
(49, 119, 820.76, '2019-01-25', 'at vulputate vitae nisl aenean lectus pellentesque eget nunc donec quis orci eget', false),
(50, 162, 450.73, '2020-02-29', 'mattis odio donec vitae nisi nam ultrices libero non mattis pulvinar nulla pede ullamcorper augue a suscipit nulla elit', true),
(51, 335, 587.82, '2019-01-29', 'justo nec condimentum neque sapien placerat ante nulla justo aliquam quis turpis eget elit sodales scelerisque mauris sit', true),
(52, 10, 309.08, '2017-08-30', 'fusce consequat nulla nisl nunc nisl duis bibendum felis sed interdum venenatis turpis enim blandit mi in porttitor pede justo', true),
(53, 324, 847.21, '2017-09-29', 'vehicula condimentum curabitur in libero ut massa volutpat convallis morbi odio odio elementum eu interdum eu tincidunt in leo maecenas', true),
(54, 286, 408.47, '2024-06-06', 'aliquet ultrices erat tortor sollicitudin mi sit amet lobortis sapien sapien non mi integer ac', false),
(55, 312, 980.01, '2020-09-29', 'mattis egestas metus aenean fermentum donec ut mauris eget massa tempor convallis nulla neque', false),
(56, 43, 581.44, '2023-04-25', 'ac leo pellentesque ultrices mattis odio donec vitae nisi nam', false),
(57, 318, 343.12, '2018-08-28', 'vulputate vitae nisl aenean lectus pellentesque eget nunc donec quis orci eget orci', false),
(58, 270, 458.26, '2022-01-14', 'metus sapien ut nunc vestibulum ante ipsum primis in faucibus orci', false),
(59, 323, 828.54, '2021-07-26', 'nam dui proin leo odio porttitor id consequat in consequat', false),
(60, 246, 284.89, '2015-05-28', 'pulvinar sed nisl nunc rhoncus dui vel sem sed sagittis nam congue risus semper porta volutpat quam', true),
(61, 396, 742.45, '2019-07-22', 'condimentum curabitur in libero ut massa volutpat convallis morbi odio', true),
(62, 214, 156.21, '2018-12-17', 'varius nulla facilisi cras non velit nec nisi vulputate nonummy maecenas tincidunt lacus at', true),
(63, 337, 814.29, '2017-05-10', 'vel augue vestibulum rutrum rutrum neque aenean auctor gravida sem praesent id massa id nisl venenatis lacinia aenean', true),
(64, 260, 223.06, '2019-11-15', 'primis in faucibus orci luctus et ultrices posuere cubilia curae', false),
(65, 344, 687.07, '2017-07-26', 'vel nisl duis ac nibh fusce lacus purus aliquet at feugiat non pretium quis', false),
(66, 394, 167.61, '2016-03-08', 'ligula sit amet eleifend pede libero quis orci nullam molestie nibh in lectus pellentesque at nulla suspendisse potenti cras', true),
(67, 114, 762.69, '2019-10-13', 'tellus semper interdum mauris ullamcorper purus sit amet nulla quisque arcu libero rutrum ac lobortis vel dapibus at diam', false),
(68, 10, 406.92, '2021-02-22', 'ante ipsum primis in faucibus orci luctus et ultrices posuere cubilia curae mauris viverra diam vitae quam suspendisse potenti nullam', true),
(69, 167, 809.98, '2014-11-27', 'odio in hac habitasse platea dictumst maecenas ut massa quis augue luctus tincidunt nulla mollis molestie lorem quisque ut erat', true),
(70, 98, 522.77, '2019-11-13', 'dapibus nulla suscipit ligula in lacus curabitur at ipsum ac tellus semper interdum mauris ullamcorper purus sit', false),
(71, 325, 610.38, '2020-03-20', 'quam pede lobortis ligula sit amet eleifend pede libero quis orci nullam molestie', true),
(72, 241, 268.36, '2023-02-07', 'pede ullamcorper augue a suscipit nulla elit ac nulla sed vel enim sit amet nunc viverra dapibus nulla', true),
(73, 237, 245.28, '2018-01-29', 'sapien arcu sed augue aliquam erat volutpat in congue etiam justo etiam', false),
(74, 267, 629.61, '2021-09-08', 'sapien a libero nam dui proin leo odio porttitor id consequat in consequat', false),
(75, 23, 546.39, '2023-12-22', 'ultrices posuere cubilia curae mauris viverra diam vitae quam suspendisse potenti nullam', true),
(76, 305, 403.0, '2023-05-22', 'tellus in sagittis dui vel nisl duis ac nibh fusce lacus purus aliquet at feugiat non pretium quis lectus suspendisse', true),
(77, 200, 159.76, '2021-12-18', 'curabitur convallis duis consequat dui nec nisi volutpat eleifend donec ut dolor morbi vel lectus in quam', false),
(78, 400, 452.21, '2018-12-22', 'sollicitudin vitae consectetuer eget rutrum at lorem integer tincidunt ante vel ipsum praesent blandit', false),
(79, 173, 897.29, '2014-08-25', 'at dolor quis odio consequat varius integer ac leo pellentesque ultrices mattis odio donec vitae', true),
(80, 121, 976.76, '2016-02-15', 'ipsum primis in faucibus orci luctus et ultrices posuere cubilia curae', false),
(81, 222, 216.57, '2016-08-26', 'turpis eget elit sodales scelerisque mauris sit amet eros suspendisse accumsan tortor', true),
(82, 363, 718.53, '2019-03-16', 'ut massa quis augue luctus tincidunt nulla mollis molestie lorem quisque ut erat curabitur gravida nisi at nibh in', false),
(83, 257, 831.08, '2017-01-25', 'lacinia sapien quis libero nullam sit amet turpis elementum ligula vehicula consequat morbi a', true),
(84, 334, 313.75, '2023-07-07', 'id lobortis convallis tortor risus dapibus augue vel accumsan tellus nisi eu orci mauris lacinia sapien quis libero nullam', false),
(85, 268, 939.0, '2017-12-25', 'orci luctus et ultrices posuere cubilia curae nulla dapibus dolor', true),
(86, 393, 901.33, '2015-03-14', 'in felis donec semper sapien a libero nam dui proin leo odio porttitor id consequat', false),
(87, 45, 843.67, '2016-02-20', 'diam erat fermentum justo nec condimentum neque sapien placerat ante nulla justo aliquam quis turpis', true),
(88, 81, 433.31, '2022-08-26', 'amet nulla quisque arcu libero rutrum ac lobortis vel dapibus at diam nam tristique tortor eu pede', true),
(89, 308, 712.82, '2024-05-19', 'non velit donec diam neque vestibulum eget vulputate ut ultrices vel augue vestibulum ante ipsum primis in faucibus orci', true),
(90, 338, 399.78, '2017-05-20', 'at vulputate vitae nisl aenean lectus pellentesque eget nunc donec quis orci eget orci vehicula condimentum curabitur in libero', false),
(91, 315, 267.02, '2016-02-02', 'vestibulum sagittis sapien cum sociis natoque penatibus et magnis dis parturient montes nascetur ridiculus mus etiam vel augue', false),
(92, 307, 824.46, '2014-06-27', 'curabitur convallis duis consequat dui nec nisi volutpat eleifend donec ut dolor morbi', false),
(93, 382, 948.81, '2017-08-21', 'nulla facilisi cras non velit nec nisi vulputate nonummy maecenas tincidunt lacus at velit vivamus vel nulla eget eros elementum', false),
(94, 396, 737.07, '2016-05-01', 'nec sem duis aliquam convallis nunc proin at turpis a', false),
(95, 19, 216.72, '2015-03-12', 'ipsum ac tellus semper interdum mauris ullamcorper purus sit amet nulla quisque arcu libero rutrum ac lobortis', false),
(96, 309, 712.54, '2018-12-08', 'dictumst etiam faucibus cursus urna ut tellus nulla ut erat id mauris vulputate elementum nullam varius', false),
(97, 307, 916.78, '2014-12-04', 'ac est lacinia nisi venenatis tristique fusce congue diam id ornare imperdiet sapien urna pretium nisl ut volutpat sapien', false),
(98, 84, 432.48, '2018-01-24', 'blandit lacinia erat vestibulum sed magna at nunc commodo placerat praesent blandit nam nulla integer pede', true),
(99, 168, 610.58, '2018-06-12', 'lorem ipsum dolor sit amet consectetuer adipiscing elit proin interdum mauris non ligula pellentesque', false),
(100, 353, 724.02, '2017-09-28', 'volutpat convallis morbi odio odio elementum eu interdum eu tincidunt in', true),
(101, 173, 497.39, '2017-07-14', 'amet justo morbi ut odio cras mi pede malesuada in imperdiet et commodo vulputate justo in blandit', false),
(102, 75, 841.55, '2018-12-21', 'morbi porttitor lorem id ligula suspendisse ornare consequat lectus in est risus auctor sed tristique in tempus', false),
(103, 356, 905.88, '2016-11-10', 'varius ut blandit non interdum in ante vestibulum ante ipsum primis in faucibus orci', false),
(104, 351, 695.86, '2018-07-28', 'duis bibendum morbi non quam nec dui luctus rutrum nulla tellus in sagittis dui vel', false),
(105, 184, 926.62, '2016-02-10', 'dolor sit amet consectetuer adipiscing elit proin interdum mauris non', true),
(106, 252, 317.68, '2016-06-21', 'at feugiat non pretium quis lectus suspendisse potenti in eleifend quam a', true),
(107, 32, 474.5, '2020-07-24', 'amet cursus id turpis integer aliquet massa id lobortis convallis tortor risus dapibus augue vel accumsan tellus', false),
(108, 237, 433.69, '2018-05-04', 'elit ac nulla sed vel enim sit amet nunc viverra dapibus nulla suscipit ligula in', true),
(109, 279, 969.63, '2014-08-12', 'vestibulum ante ipsum primis in faucibus orci luctus et ultrices posuere cubilia curae', false),
(110, 321, 788.14, '2019-02-07', 'elementum pellentesque quisque porta volutpat erat quisque erat eros viverra eget congue eget semper', true),
(111, 200, 666.71, '2021-10-28', 'dolor morbi vel lectus in quam fringilla rhoncus mauris enim leo rhoncus sed vestibulum sit amet cursus id turpis integer', false),
(112, 72, 356.01, '2017-01-15', 'risus dapibus augue vel accumsan tellus nisi eu orci mauris lacinia sapien', true),
(113, 270, 259.55, '2023-12-11', 'porttitor id consequat in consequat ut nulla sed accumsan felis ut at dolor quis odio', false),
(114, 267, 882.42, '2022-03-06', 'metus arcu adipiscing molestie hendrerit at vulputate vitae nisl aenean lectus pellentesque eget nunc donec quis orci eget orci', false),
(115, 240, 461.68, '2020-06-23', 'suscipit ligula in lacus curabitur at ipsum ac tellus semper interdum mauris ullamcorper purus sit amet nulla quisque arcu libero', false),
(116, 308, 529.43, '2021-01-07', 'id consequat in consequat ut nulla sed accumsan felis ut at dolor quis odio consequat varius integer ac leo', false),
(117, 82, 403.62, '2018-10-27', 'leo pellentesque ultrices mattis odio donec vitae nisi nam ultrices libero non', false),
(118, 21, 913.72, '2014-07-15', 'nunc commodo placerat praesent blandit nam nulla integer pede justo lacinia eget tincidunt eget tempus vel pede morbi porttitor', true),
(119, 29, 314.72, '2022-05-27', 'sodales sed tincidunt eu felis fusce posuere felis sed lacus morbi sem mauris laoreet ut rhoncus aliquet pulvinar sed nisl', false),
(120, 160, 864.99, '2024-04-26', 'vel nisl duis ac nibh fusce lacus purus aliquet at feugiat non pretium', true),
(121, 198, 842.22, '2022-03-31', 'velit eu est congue elementum in hac habitasse platea dictumst', false),
(122, 387, 110.53, '2014-12-14', 'eros vestibulum ac est lacinia nisi venenatis tristique fusce congue diam id ornare imperdiet sapien urna', true),
(123, 246, 353.94, '2021-01-22', 'venenatis non sodales sed tincidunt eu felis fusce posuere felis sed lacus morbi sem mauris laoreet ut', true),
(124, 315, 369.98, '2018-07-23', 'aliquet at feugiat non pretium quis lectus suspendisse potenti in eleifend quam a odio in hac', false),
(125, 396, 649.45, '2017-03-30', 'rhoncus mauris enim leo rhoncus sed vestibulum sit amet cursus id turpis integer aliquet massa id lobortis', false),
(126, 25, 840.04, '2015-09-11', 'tortor risus dapibus augue vel accumsan tellus nisi eu orci mauris lacinia sapien quis libero nullam', true),
(127, 343, 994.93, '2017-04-11', 'justo in blandit ultrices enim lorem ipsum dolor sit amet consectetuer adipiscing elit proin interdum mauris non ligula pellentesque', true),
(128, 38, 906.9, '2018-08-14', 'dictumst maecenas ut massa quis augue luctus tincidunt nulla mollis molestie lorem quisque ut', true),
(129, 5, 769.8, '2015-01-09', 'erat id mauris vulputate elementum nullam varius nulla facilisi cras non velit nec nisi vulputate nonummy maecenas tincidunt lacus at', true),
(130, 304, 571.3, '2016-03-04', 'sagittis dui vel nisl duis ac nibh fusce lacus purus aliquet at feugiat non pretium quis', true),
(131, 184, 133.99, '2016-06-01', 'neque libero convallis eget eleifend luctus ultricies eu nibh quisque id justo sit amet sapien dignissim vestibulum vestibulum ante', false),
(132, 316, 549.57, '2017-04-28', 'vitae quam suspendisse potenti nullam porttitor lacus at turpis donec posuere metus vitae', false),
(133, 96, 898.16, '2019-10-31', 'lorem vitae mattis nibh ligula nec sem duis aliquam convallis nunc proin', true),
(134, 41, 261.34, '2015-02-10', 'vel augue vestibulum rutrum rutrum neque aenean auctor gravida sem praesent id massa id nisl venenatis lacinia', false),
(135, 17, 917.49, '2016-09-06', 'pellentesque eget nunc donec quis orci eget orci vehicula condimentum', true),
(136, 380, 918.29, '2017-06-17', 'ac enim in tempor turpis nec euismod scelerisque quam turpis adipiscing lorem', false),
(137, 188, 886.13, '2014-11-03', 'dolor quis odio consequat varius integer ac leo pellentesque ultrices mattis odio donec vitae nisi nam', true),
(138, 271, 276.97, '2020-12-07', 'luctus ultricies eu nibh quisque id justo sit amet sapien dignissim vestibulum vestibulum', true),
(139, 169, 628.52, '2017-04-07', 'diam vitae quam suspendisse potenti nullam porttitor lacus at turpis donec posuere', false),
(140, 69, 611.44, '2019-06-21', 'turpis integer aliquet massa id lobortis convallis tortor risus dapibus augue vel accumsan tellus nisi eu orci mauris lacinia', true),
(141, 256, 422.81, '2019-01-26', 'nunc proin at turpis a pede posuere nonummy integer non velit donec diam neque vestibulum eget vulputate ut ultrices vel', true),
(142, 163, 628.23, '2017-09-11', 'consectetuer adipiscing elit proin interdum mauris non ligula pellentesque ultrices phasellus id', true),
(143, 13, 405.15, '2015-05-16', 'a odio in hac habitasse platea dictumst maecenas ut massa quis augue luctus tincidunt', false),
(144, 87, 926.75, '2024-05-11', 'penatibus et magnis dis parturient montes nascetur ridiculus mus etiam', true),
(145, 225, 644.1, '2020-01-04', 'primis in faucibus orci luctus et ultrices posuere cubilia curae donec pharetra', false),
(146, 329, 626.91, '2022-10-21', 'quam turpis adipiscing lorem vitae mattis nibh ligula nec sem duis', true),
(147, 161, 743.33, '2017-09-14', 'ut mauris eget massa tempor convallis nulla neque libero convallis eget eleifend luctus ultricies eu', false),
(148, 158, 764.12, '2024-01-18', 'volutpat quam pede lobortis ligula sit amet eleifend pede libero quis', true),
(149, 372, 518.28, '2019-01-28', 'vitae nisi nam ultrices libero non mattis pulvinar nulla pede ullamcorper augue a suscipit nulla elit ac', true),
(150, 385, 327.06, '2017-03-31', 'montes nascetur ridiculus mus vivamus vestibulum sagittis sapien cum sociis natoque penatibus et magnis dis', true),
(151, 97, 840.16, '2016-04-19', 'ac consequat metus sapien ut nunc vestibulum ante ipsum primis in faucibus orci luctus et ultrices posuere cubilia', false),
(152, 27, 556.85, '2024-01-07', 'sapien placerat ante nulla justo aliquam quis turpis eget elit sodales scelerisque mauris sit amet', false),
(153, 383, 842.41, '2022-02-27', 'nibh in quis justo maecenas rhoncus aliquam lacus morbi quis tortor', false),
(154, 117, 723.02, '2023-02-03', 'et tempus semper est quam pharetra magna ac consequat metus sapien ut nunc vestibulum ante', false),
(155, 356, 188.54, '2021-05-14', 'at turpis a pede posuere nonummy integer non velit donec diam neque vestibulum eget vulputate ut ultrices vel augue', true),
(156, 81, 608.6, '2015-07-04', 'ultrices enim lorem ipsum dolor sit amet consectetuer adipiscing elit proin interdum mauris', false),
(157, 314, 970.21, '2015-03-15', 'lacinia erat vestibulum sed magna at nunc commodo placerat praesent blandit nam nulla integer pede', false),
(158, 268, 675.08, '2021-01-05', 'auctor sed tristique in tempus sit amet sem fusce consequat nulla nisl nunc nisl duis bibendum felis', true),
(159, 311, 223.2, '2015-06-24', 'sodales sed tincidunt eu felis fusce posuere felis sed lacus morbi sem mauris', true),
(160, 356, 947.92, '2016-02-24', 'et commodo vulputate justo in blandit ultrices enim lorem ipsum dolor sit amet consectetuer adipiscing elit proin', false),
(161, 39, 445.39, '2022-08-30', 'velit vivamus vel nulla eget eros elementum pellentesque quisque porta volutpat erat quisque erat eros viverra eget congue', true),
(162, 33, 675.87, '2016-08-15', 'vulputate luctus cum sociis natoque penatibus et magnis dis parturient montes nascetur ridiculus mus vivamus vestibulum sagittis sapien', true),
(163, 329, 563.88, '2015-10-11', 'odio cras mi pede malesuada in imperdiet et commodo vulputate justo in', false),
(164, 328, 159.93, '2017-09-11', 'nulla elit ac nulla sed vel enim sit amet nunc viverra dapibus nulla suscipit ligula in lacus curabitur at', false),
(165, 219, 512.33, '2016-06-28', 'consequat metus sapien ut nunc vestibulum ante ipsum primis in faucibus', false),
(166, 83, 269.0, '2015-06-24', 'cras mi pede malesuada in imperdiet et commodo vulputate justo in blandit ultrices enim lorem ipsum', false),
(167, 250, 683.51, '2024-04-21', 'est lacinia nisi venenatis tristique fusce congue diam id ornare imperdiet sapien urna pretium nisl', true),
(168, 68, 698.36, '2020-07-01', 'ornare consequat lectus in est risus auctor sed tristique in tempus sit', false),
(169, 91, 127.49, '2024-06-07', 'rutrum at lorem integer tincidunt ante vel ipsum praesent blandit lacinia erat vestibulum', true),
(170, 169, 222.17, '2019-07-12', 'suscipit nulla elit ac nulla sed vel enim sit amet nunc viverra dapibus nulla', true),
(171, 132, 281.62, '2017-07-02', 'platea dictumst morbi vestibulum velit id pretium iaculis diam erat fermentum justo nec condimentum neque sapien placerat', true),
(172, 37, 820.18, '2014-07-25', 'ac leo pellentesque ultrices mattis odio donec vitae nisi nam', true),
(173, 54, 271.97, '2021-11-19', 'vel nulla eget eros elementum pellentesque quisque porta volutpat erat quisque erat eros viverra eget congue', false),
(174, 150, 569.03, '2023-05-14', 'tellus nisi eu orci mauris lacinia sapien quis libero nullam sit amet turpis', false),
(175, 198, 234.91, '2016-07-03', 'aliquam non mauris morbi non lectus aliquam sit amet diam in magna bibendum', false),
(176, 122, 254.89, '2020-11-12', 'nibh quisque id justo sit amet sapien dignissim vestibulum vestibulum ante ipsum primis in faucibus orci luctus et ultrices', false),
(177, 157, 799.56, '2015-04-13', 'sapien a libero nam dui proin leo odio porttitor id consequat in consequat', false),
(178, 400, 849.14, '2023-06-26', 'augue luctus tincidunt nulla mollis molestie lorem quisque ut erat curabitur gravida nisi at nibh in', false),
(179, 42, 299.98, '2016-01-23', 'odio condimentum id luctus nec molestie sed justo pellentesque viverra pede ac diam cras pellentesque volutpat dui maecenas tristique', true),
(180, 337, 827.94, '2020-06-08', 'lectus aliquam sit amet diam in magna bibendum imperdiet nullam orci pede', false),
(181, 237, 537.57, '2014-12-06', 'ligula suspendisse ornare consequat lectus in est risus auctor sed tristique in tempus sit amet sem fusce', false),
(182, 284, 777.85, '2017-02-27', 'nulla neque libero convallis eget eleifend luctus ultricies eu nibh', false),
(183, 227, 701.45, '2022-11-05', 'praesent lectus vestibulum quam sapien varius ut blandit non interdum in ante vestibulum ante ipsum primis in faucibus', true),
(184, 199, 185.86, '2014-12-09', 'tellus semper interdum mauris ullamcorper purus sit amet nulla quisque arcu libero rutrum ac lobortis vel dapibus at diam nam', true),
(185, 130, 853.94, '2015-07-03', 'varius nulla facilisi cras non velit nec nisi vulputate nonummy maecenas tincidunt', true),
(186, 320, 623.17, '2023-02-28', 'magnis dis parturient montes nascetur ridiculus mus etiam vel augue vestibulum rutrum rutrum neque aenean', false),
(187, 120, 835.87, '2018-08-25', 'integer tincidunt ante vel ipsum praesent blandit lacinia erat vestibulum sed magna at nunc commodo placerat', true),
(188, 162, 461.27, '2020-05-22', 'elit proin risus praesent lectus vestibulum quam sapien varius ut blandit non interdum in ante', true),
(189, 317, 922.8, '2017-12-19', 'et eros vestibulum ac est lacinia nisi venenatis tristique fusce congue diam id ornare imperdiet sapien urna', true),
(190, 230, 757.99, '2017-07-28', 'ut nulla sed accumsan felis ut at dolor quis odio consequat varius integer ac leo pellentesque ultrices mattis', true),
(191, 109, 498.81, '2022-09-16', 'gravida sem praesent id massa id nisl venenatis lacinia aenean sit amet', false),
(192, 27, 143.55, '2017-09-29', 'etiam vel augue vestibulum rutrum rutrum neque aenean auctor gravida sem praesent id', false),
(193, 347, 485.38, '2018-11-28', 'non ligula pellentesque ultrices phasellus id sapien in sapien iaculis congue vivamus metus arcu adipiscing molestie hendrerit', true),
(194, 153, 749.86, '2020-03-12', 'sagittis sapien cum sociis natoque penatibus et magnis dis parturient montes', false),
(195, 323, 150.16, '2020-12-19', 'lacus curabitur at ipsum ac tellus semper interdum mauris ullamcorper purus sit amet nulla quisque arcu libero rutrum', true),
(196, 264, 428.95, '2021-06-01', 'lorem integer tincidunt ante vel ipsum praesent blandit lacinia erat vestibulum sed magna at nunc commodo placerat praesent blandit nam', true),
(197, 384, 914.42, '2019-12-05', 'auctor sed tristique in tempus sit amet sem fusce consequat nulla nisl', true),
(198, 363, 235.97, '2017-06-08', 'ligula vehicula consequat morbi a ipsum integer a nibh in quis justo maecenas rhoncus aliquam', false),
(199, 173, 376.91, '2014-12-14', 'nullam orci pede venenatis non sodales sed tincidunt eu felis fusce posuere felis sed lacus morbi sem', false),
(200, 311, 882.71, '2022-12-15', 'non mauris morbi non lectus aliquam sit amet diam in magna bibendum imperdiet nullam orci pede venenatis non sodales', true),
(201, 134, 473.58, '2019-04-10', 'bibendum felis sed interdum venenatis turpis enim blandit mi in porttitor pede justo eu massa donec dapibus', true),
(202, 143, 899.59, '2016-11-14', 'sapien arcu sed augue aliquam erat volutpat in congue etiam justo etiam pretium', true),
(203, 182, 464.9, '2015-09-06', 'a feugiat et eros vestibulum ac est lacinia nisi venenatis tristique fusce congue diam id ornare imperdiet sapien urna pretium', true),
(204, 293, 548.0, '2024-06-13', 'proin at turpis a pede posuere nonummy integer non velit donec diam neque vestibulum eget vulputate ut ultrices vel augue', true),
(205, 269, 158.24, '2014-07-13', 'metus vitae ipsum aliquam non mauris morbi non lectus aliquam sit amet diam in magna bibendum imperdiet nullam', true),
(206, 391, 212.23, '2022-09-27', 'at ipsum ac tellus semper interdum mauris ullamcorper purus sit amet nulla quisque arcu libero', true),
(207, 61, 657.5, '2022-09-27', 'scelerisque mauris sit amet eros suspendisse accumsan tortor quis turpis sed ante vivamus tortor duis mattis egestas', true),
(208, 313, 238.32, '2019-05-31', 'maecenas tristique est et tempus semper est quam pharetra magna ac consequat metus', false),
(209, 13, 416.72, '2023-04-29', 'quam pharetra magna ac consequat metus sapien ut nunc vestibulum ante ipsum primis in faucibus orci luctus et', false),
(210, 344, 722.22, '2016-01-26', 'tempus semper est quam pharetra magna ac consequat metus sapien ut', false),
(211, 51, 409.91, '2015-06-05', 'sed lacus morbi sem mauris laoreet ut rhoncus aliquet pulvinar sed nisl nunc', false),
(212, 248, 991.07, '2015-02-24', 'ante vestibulum ante ipsum primis in faucibus orci luctus et ultrices posuere cubilia curae duis faucibus accumsan odio curabitur', true),
(213, 271, 798.29, '2023-01-19', 'tincidunt eget tempus vel pede morbi porttitor lorem id ligula suspendisse ornare consequat lectus in', false),
(214, 337, 128.62, '2018-06-14', 'potenti in eleifend quam a odio in hac habitasse platea', false),
(215, 281, 292.88, '2020-09-16', 'eros elementum pellentesque quisque porta volutpat erat quisque erat eros viverra eget congue eget semper rutrum', true),
(216, 95, 493.71, '2019-05-11', 'rhoncus aliquam lacus morbi quis tortor id nulla ultrices aliquet', true),
(217, 11, 800.65, '2023-07-15', 'amet nunc viverra dapibus nulla suscipit ligula in lacus curabitur at ipsum', false),
(218, 292, 976.27, '2024-02-29', 'in faucibus orci luctus et ultrices posuere cubilia curae nulla dapibus', false),
(219, 221, 743.22, '2015-12-16', 'lacinia erat vestibulum sed magna at nunc commodo placerat praesent blandit nam nulla integer', true),
(220, 167, 139.48, '2017-03-25', 'nec condimentum neque sapien placerat ante nulla justo aliquam quis turpis eget elit sodales scelerisque mauris sit amet eros suspendisse', true),
(221, 140, 989.63, '2017-04-15', 'sit amet cursus id turpis integer aliquet massa id lobortis', true),
(222, 251, 664.46, '2021-07-04', 'congue vivamus metus arcu adipiscing molestie hendrerit at vulputate vitae nisl aenean lectus', false),
(223, 323, 949.43, '2024-05-05', 'facilisi cras non velit nec nisi vulputate nonummy maecenas tincidunt lacus at velit vivamus vel nulla eget', true),
(224, 330, 899.93, '2018-01-03', 'donec pharetra magna vestibulum aliquet ultrices erat tortor sollicitudin mi sit', false),
(225, 160, 240.16, '2020-06-22', 'blandit nam nulla integer pede justo lacinia eget tincidunt eget tempus vel pede', true),
(226, 243, 708.57, '2018-04-21', 'magna vulputate luctus cum sociis natoque penatibus et magnis dis', false),
(227, 400, 631.73, '2023-11-12', 'erat fermentum justo nec condimentum neque sapien placerat ante nulla justo', false),
(228, 92, 947.48, '2023-12-19', 'nisl nunc nisl duis bibendum felis sed interdum venenatis turpis', false),
(229, 343, 841.44, '2014-09-10', 'venenatis non sodales sed tincidunt eu felis fusce posuere felis sed lacus morbi sem mauris', false),
(230, 85, 730.43, '2019-09-19', 'luctus nec molestie sed justo pellentesque viverra pede ac diam cras pellentesque volutpat dui maecenas', false),
(231, 162, 806.21, '2017-10-19', 'sagittis nam congue risus semper porta volutpat quam pede lobortis ligula sit amet', false),
(232, 6, 162.87, '2015-10-28', 'quam turpis adipiscing lorem vitae mattis nibh ligula nec sem duis aliquam convallis nunc proin', false),
(233, 105, 603.64, '2019-05-25', 'nam congue risus semper porta volutpat quam pede lobortis ligula sit amet eleifend pede libero quis orci nullam molestie nibh', false),
(234, 149, 948.38, '2015-02-04', 'aliquet at feugiat non pretium quis lectus suspendisse potenti in eleifend', false),
(235, 349, 866.35, '2022-05-31', 'rhoncus aliquam lacus morbi quis tortor id nulla ultrices aliquet maecenas', true),
(236, 191, 441.78, '2015-12-11', 'integer pede justo lacinia eget tincidunt eget tempus vel pede morbi porttitor lorem id', true),
(237, 355, 762.39, '2020-12-26', 'sed vel enim sit amet nunc viverra dapibus nulla suscipit ligula in lacus curabitur at', false),
(238, 189, 278.53, '2016-03-07', 'eget eros elementum pellentesque quisque porta volutpat erat quisque erat eros viverra eget', true),
(239, 192, 125.32, '2021-05-01', 'quis tortor id nulla ultrices aliquet maecenas leo odio condimentum id luctus', true),
(240, 349, 773.94, '2019-12-22', 'fusce lacus purus aliquet at feugiat non pretium quis lectus suspendisse potenti in eleifend', true),
(241, 262, 470.5, '2017-05-26', 'elit proin risus praesent lectus vestibulum quam sapien varius ut blandit non interdum in ante', false),
(242, 42, 861.25, '2020-06-07', 'primis in faucibus orci luctus et ultrices posuere cubilia curae donec pharetra magna vestibulum aliquet ultrices', false),
(243, 24, 818.08, '2019-01-07', 'quisque ut erat curabitur gravida nisi at nibh in hac habitasse platea dictumst aliquam augue quam', true),
(244, 320, 639.0, '2016-01-10', 'maecenas leo odio condimentum id luctus nec molestie sed justo pellentesque viverra pede', true),
(245, 256, 399.37, '2016-10-22', 'in est risus auctor sed tristique in tempus sit amet', false),
(246, 87, 371.75, '2014-10-21', 'at lorem integer tincidunt ante vel ipsum praesent blandit lacinia erat vestibulum', true),
(247, 396, 150.04, '2020-03-14', 'justo sollicitudin ut suscipit a feugiat et eros vestibulum ac est lacinia nisi venenatis tristique fusce congue diam id ornare', false),
(248, 335, 901.15, '2021-09-19', 'elementum in hac habitasse platea dictumst morbi vestibulum velit id pretium iaculis diam erat fermentum justo nec condimentum neque', false),
(249, 198, 948.88, '2021-05-02', 'dui proin leo odio porttitor id consequat in consequat ut nulla sed', false),
(250, 19, 105.43, '2019-07-06', 'mauris non ligula pellentesque ultrices phasellus id sapien in sapien iaculis congue vivamus metus arcu adipiscing molestie', false),
(251, 214, 157.64, '2016-02-02', 'justo nec condimentum neque sapien placerat ante nulla justo aliquam quis turpis eget', false),
(252, 367, 756.12, '2022-10-05', 'non sodales sed tincidunt eu felis fusce posuere felis sed lacus', true),
(253, 148, 107.1, '2017-08-02', 'faucibus orci luctus et ultrices posuere cubilia curae duis faucibus accumsan odio curabitur convallis duis consequat dui', true),
(254, 109, 804.52, '2023-01-13', 'amet eleifend pede libero quis orci nullam molestie nibh in lectus pellentesque at nulla suspendisse potenti cras in purus', true),
(255, 342, 137.24, '2017-11-22', 'amet eros suspendisse accumsan tortor quis turpis sed ante vivamus', false),
(256, 245, 199.18, '2020-07-05', 'quis odio consequat varius integer ac leo pellentesque ultrices mattis odio donec vitae nisi', false),
(257, 331, 871.77, '2017-04-19', 'feugiat non pretium quis lectus suspendisse potenti in eleifend quam', false),
(258, 166, 959.19, '2015-08-30', 'etiam pretium iaculis justo in hac habitasse platea dictumst etiam faucibus cursus', true),
(259, 304, 793.89, '2019-03-19', 'rutrum neque aenean auctor gravida sem praesent id massa id nisl venenatis lacinia aenean sit amet justo', true),
(260, 158, 558.93, '2016-07-22', 'nullam varius nulla facilisi cras non velit nec nisi vulputate nonummy maecenas tincidunt lacus', true),
(261, 230, 295.24, '2022-09-13', 'pellentesque at nulla suspendisse potenti cras in purus eu magna vulputate luctus cum sociis natoque penatibus', false),
(262, 188, 682.28, '2019-03-26', 'rutrum at lorem integer tincidunt ante vel ipsum praesent blandit', true),
(263, 10, 436.64, '2017-12-21', 'accumsan tortor quis turpis sed ante vivamus tortor duis mattis egestas metus aenean fermentum donec ut mauris eget massa', false),
(264, 108, 529.71, '2022-01-18', 'dapibus duis at velit eu est congue elementum in hac habitasse platea', true),
(265, 279, 341.34, '2024-06-02', 'accumsan tellus nisi eu orci mauris lacinia sapien quis libero nullam', true),
(266, 223, 947.1, '2016-03-08', 'nam dui proin leo odio porttitor id consequat in consequat ut', false),
(267, 137, 244.17, '2020-12-03', 'imperdiet nullam orci pede venenatis non sodales sed tincidunt eu felis fusce posuere felis sed', false),
(268, 191, 578.15, '2020-11-05', 'volutpat quam pede lobortis ligula sit amet eleifend pede libero quis orci', true),
(269, 242, 795.12, '2022-02-04', 'nulla integer pede justo lacinia eget tincidunt eget tempus vel pede morbi porttitor lorem id ligula suspendisse', true),
(270, 276, 414.23, '2020-12-15', 'erat tortor sollicitudin mi sit amet lobortis sapien sapien non mi integer ac neque duis bibendum morbi non quam nec', false),
(271, 160, 675.96, '2024-05-16', 'turpis nec euismod scelerisque quam turpis adipiscing lorem vitae mattis nibh ligula nec sem duis', true),
(272, 34, 469.98, '2019-02-10', 'posuere cubilia curae mauris viverra diam vitae quam suspendisse potenti', true),
(273, 230, 147.77, '2019-06-29', 'enim in tempor turpis nec euismod scelerisque quam turpis adipiscing lorem vitae mattis', false),
(274, 41, 138.94, '2015-11-25', 'scelerisque quam turpis adipiscing lorem vitae mattis nibh ligula nec sem duis aliquam convallis nunc proin at turpis', false),
(275, 86, 567.94, '2015-06-01', 'orci luctus et ultrices posuere cubilia curae nulla dapibus dolor vel est donec odio justo sollicitudin ut suscipit a feugiat', false),
(276, 207, 430.14, '2015-07-10', 'vestibulum eget vulputate ut ultrices vel augue vestibulum ante ipsum primis in', true),
(277, 46, 904.45, '2021-10-19', 'condimentum id luctus nec molestie sed justo pellentesque viverra pede ac diam', false),
(278, 155, 823.31, '2022-07-13', 'a feugiat et eros vestibulum ac est lacinia nisi venenatis tristique fusce congue diam id ornare imperdiet sapien urna pretium', false),
(279, 58, 994.52, '2018-03-13', 'vivamus in felis eu sapien cursus vestibulum proin eu mi', false),
(280, 109, 163.98, '2016-06-03', 'amet consectetuer adipiscing elit proin risus praesent lectus vestibulum quam sapien varius ut blandit non interdum', true),
(281, 145, 838.13, '2021-07-06', 'faucibus cursus urna ut tellus nulla ut erat id mauris vulputate', true),
(282, 293, 574.3, '2015-04-10', 'ac diam cras pellentesque volutpat dui maecenas tristique est et tempus semper', true),
(283, 219, 709.69, '2018-03-27', 'ornare consequat lectus in est risus auctor sed tristique in tempus sit amet sem fusce consequat nulla nisl', false),
(284, 36, 600.28, '2022-08-03', 'ut nunc vestibulum ante ipsum primis in faucibus orci luctus et ultrices posuere cubilia curae', true),
(285, 200, 999.78, '2021-07-22', 'nam ultrices libero non mattis pulvinar nulla pede ullamcorper augue a suscipit nulla elit ac', false),
(286, 248, 782.3, '2015-08-04', 'ut volutpat sapien arcu sed augue aliquam erat volutpat in congue etiam justo etiam pretium iaculis justo in hac', true),
(287, 151, 371.44, '2020-10-28', 'non pretium quis lectus suspendisse potenti in eleifend quam a odio in hac habitasse platea', false),
(288, 354, 786.27, '2014-10-11', 'ligula nec sem duis aliquam convallis nunc proin at turpis a pede', true),
(289, 226, 506.61, '2023-10-12', 'augue quam sollicitudin vitae consectetuer eget rutrum at lorem integer tincidunt ante vel ipsum praesent blandit lacinia erat vestibulum', true),
(290, 394, 189.11, '2020-10-20', 'eget massa tempor convallis nulla neque libero convallis eget eleifend luctus ultricies eu', false),
(291, 8, 814.58, '2020-10-20', 'ut ultrices vel augue vestibulum ante ipsum primis in faucibus orci luctus et', false),
(292, 164, 793.34, '2023-03-10', 'ipsum ac tellus semper interdum mauris ullamcorper purus sit amet nulla quisque arcu libero', true),
(293, 265, 718.49, '2019-04-24', 'mi sit amet lobortis sapien sapien non mi integer ac neque duis bibendum morbi non quam nec dui luctus', true),
(294, 120, 924.85, '2023-01-14', 'eros elementum pellentesque quisque porta volutpat erat quisque erat eros viverra eget', true),
(295, 163, 780.29, '2016-01-31', 'lacus purus aliquet at feugiat non pretium quis lectus suspendisse', false),
(296, 202, 638.41, '2016-10-09', 'erat fermentum justo nec condimentum neque sapien placerat ante nulla justo aliquam quis turpis eget elit', false),
(297, 44, 209.22, '2019-11-17', 'et eros vestibulum ac est lacinia nisi venenatis tristique fusce congue diam id ornare imperdiet sapien urna pretium nisl ut', true),
(298, 356, 738.67, '2018-07-19', 'tortor sollicitudin mi sit amet lobortis sapien sapien non mi integer ac neque duis bibendum morbi', true),
(299, 140, 195.22, '2016-09-15', 'blandit mi in porttitor pede justo eu massa donec dapibus duis at velit eu est congue', true),
(300, 268, 905.4, '2023-07-28', 'lacus purus aliquet at feugiat non pretium quis lectus suspendisse potenti in eleifend quam a odio in', false),
(301, 360, 647.85, '2023-12-06', 'leo odio porttitor id consequat in consequat ut nulla sed accumsan felis ut at', false),
(302, 263, 929.85, '2018-06-17', 'turpis adipiscing lorem vitae mattis nibh ligula nec sem duis aliquam convallis nunc', false),
(303, 96, 443.98, '2020-02-25', 'ante vestibulum ante ipsum primis in faucibus orci luctus et ultrices posuere cubilia curae', false),
(304, 121, 444.39, '2016-10-16', 'turpis enim blandit mi in porttitor pede justo eu massa donec dapibus duis at velit eu est congue elementum in', false),
(305, 278, 130.24, '2014-07-09', 'urna pretium nisl ut volutpat sapien arcu sed augue aliquam erat volutpat in', false),
(306, 89, 505.65, '2019-02-12', 'pede justo eu massa donec dapibus duis at velit eu est congue elementum in hac', false),
(307, 68, 942.65, '2021-08-28', 'sed vel enim sit amet nunc viverra dapibus nulla suscipit ligula in lacus curabitur at ipsum ac', false),
(308, 105, 494.78, '2023-03-11', 'ultrices aliquet maecenas leo odio condimentum id luctus nec molestie sed justo pellentesque viverra pede ac diam', false),
(309, 281, 366.55, '2016-02-04', 'quisque arcu libero rutrum ac lobortis vel dapibus at diam nam tristique tortor', true),
(310, 281, 792.32, '2016-02-14', 'lacus curabitur at ipsum ac tellus semper interdum mauris ullamcorper purus sit amet nulla quisque arcu', false),
(311, 117, 354.35, '2023-03-31', 'diam neque vestibulum eget vulputate ut ultrices vel augue vestibulum ante ipsum primis in', true),
(312, 349, 555.8, '2017-06-17', 'nisl duis bibendum felis sed interdum venenatis turpis enim blandit', false),
(313, 165, 359.64, '2017-07-02', 'tincidunt eget tempus vel pede morbi porttitor lorem id ligula suspendisse ornare consequat lectus in est risus auctor sed', false),
(314, 362, 876.04, '2021-12-02', 'praesent id massa id nisl venenatis lacinia aenean sit amet justo morbi ut odio cras mi', false),
(315, 14, 687.34, '2015-05-31', 'blandit mi in porttitor pede justo eu massa donec dapibus duis at', false),
(316, 109, 614.48, '2016-05-07', 'erat quisque erat eros viverra eget congue eget semper rutrum nulla nunc purus phasellus in', false),
(317, 311, 323.62, '2015-06-19', 'dapibus nulla suscipit ligula in lacus curabitur at ipsum ac tellus', false),
(318, 9, 714.48, '2019-04-23', 'sapien iaculis congue vivamus metus arcu adipiscing molestie hendrerit at vulputate vitae nisl aenean lectus pellentesque eget', true),
(319, 28, 471.17, '2015-08-21', 'odio in hac habitasse platea dictumst maecenas ut massa quis augue luctus tincidunt', true),
(320, 95, 386.25, '2019-05-31', 'enim sit amet nunc viverra dapibus nulla suscipit ligula in lacus', false),
(321, 302, 244.36, '2016-05-25', 'velit id pretium iaculis diam erat fermentum justo nec condimentum neque sapien placerat ante nulla justo aliquam', false),
(322, 321, 743.42, '2023-11-22', 'in hac habitasse platea dictumst maecenas ut massa quis augue luctus tincidunt nulla mollis molestie lorem quisque', true),
(323, 213, 262.02, '2014-11-01', 'interdum in ante vestibulum ante ipsum primis in faucibus orci luctus et', false),
(324, 71, 254.82, '2020-05-12', 'nulla eget eros elementum pellentesque quisque porta volutpat erat quisque erat eros viverra eget congue eget semper rutrum nulla nunc', false),
(325, 185, 471.0, '2016-12-11', 'luctus ultricies eu nibh quisque id justo sit amet sapien dignissim vestibulum vestibulum ante ipsum', false),
(326, 101, 438.66, '2018-10-07', 'lacus morbi sem mauris laoreet ut rhoncus aliquet pulvinar sed nisl', false),
(327, 41, 188.09, '2015-07-03', 'parturient montes nascetur ridiculus mus vivamus vestibulum sagittis sapien cum sociis natoque penatibus et magnis', true),
(328, 236, 280.5, '2017-04-19', 'nullam porttitor lacus at turpis donec posuere metus vitae ipsum aliquam non mauris', false),
(329, 70, 678.23, '2022-08-03', 'porta volutpat quam pede lobortis ligula sit amet eleifend pede libero quis orci nullam molestie nibh in', false),
(330, 50, 968.83, '2020-10-05', 'nulla sed vel enim sit amet nunc viverra dapibus nulla suscipit ligula', false),
(331, 159, 149.5, '2015-02-25', 'consequat lectus in est risus auctor sed tristique in tempus sit amet sem fusce consequat', false),
(332, 126, 759.14, '2024-03-19', 'vestibulum velit id pretium iaculis diam erat fermentum justo nec condimentum neque sapien placerat ante nulla justo aliquam', true),
(333, 41, 697.73, '2018-12-13', 'tincidunt lacus at velit vivamus vel nulla eget eros elementum pellentesque quisque porta volutpat erat quisque erat', true),
(334, 360, 654.39, '2018-10-07', 'ut erat curabitur gravida nisi at nibh in hac habitasse platea', false),
(335, 229, 156.9, '2015-12-31', 'congue etiam justo etiam pretium iaculis justo in hac habitasse platea dictumst etiam faucibus cursus urna ut tellus nulla ut', true),
(336, 135, 935.42, '2020-08-31', 'nullam sit amet turpis elementum ligula vehicula consequat morbi a ipsum integer a nibh in quis', false),
(337, 200, 776.96, '2019-12-21', 'erat curabitur gravida nisi at nibh in hac habitasse platea dictumst aliquam augue quam sollicitudin', true),
(338, 316, 115.53, '2023-03-20', 'congue diam id ornare imperdiet sapien urna pretium nisl ut volutpat sapien arcu sed augue', true),
(339, 65, 989.64, '2024-02-04', 'ullamcorper purus sit amet nulla quisque arcu libero rutrum ac lobortis vel dapibus', true),
(340, 243, 158.11, '2017-06-10', 'nunc nisl duis bibendum felis sed interdum venenatis turpis enim blandit mi in porttitor pede justo eu', false),
(341, 86, 957.24, '2022-11-30', 'diam cras pellentesque volutpat dui maecenas tristique est et tempus semper est quam pharetra magna ac', true),
(342, 18, 147.22, '2016-10-10', 'risus auctor sed tristique in tempus sit amet sem fusce consequat', false),
(343, 394, 131.55, '2018-07-16', 'sapien a libero nam dui proin leo odio porttitor id consequat in consequat ut nulla sed accumsan', false),
(344, 90, 945.6, '2014-11-30', 'nulla suspendisse potenti cras in purus eu magna vulputate luctus cum sociis natoque penatibus et magnis dis parturient montes nascetur', true),
(345, 169, 707.56, '2015-11-10', 'ac diam cras pellentesque volutpat dui maecenas tristique est et tempus semper est quam pharetra magna ac consequat metus sapien', false),
(346, 19, 468.54, '2022-08-14', 'sed interdum venenatis turpis enim blandit mi in porttitor pede justo eu massa donec dapibus duis at', false),
(347, 330, 249.64, '2021-11-23', 'mollis molestie lorem quisque ut erat curabitur gravida nisi at nibh in hac habitasse platea dictumst aliquam augue quam sollicitudin', false),
(348, 13, 772.04, '2015-09-04', 'nunc commodo placerat praesent blandit nam nulla integer pede justo lacinia', true),
(349, 28, 995.93, '2017-07-23', 'luctus et ultrices posuere cubilia curae nulla dapibus dolor vel est donec odio justo sollicitudin', false),
(350, 62, 478.63, '2018-04-06', 'eros elementum pellentesque quisque porta volutpat erat quisque erat eros viverra eget congue eget semper rutrum nulla nunc purus phasellus', true),
(351, 6, 645.93, '2016-02-17', 'eu tincidunt in leo maecenas pulvinar lobortis est phasellus sit amet erat nulla tempus vivamus in felis eu sapien', false),
(352, 221, 186.98, '2022-02-14', 'in faucibus orci luctus et ultrices posuere cubilia curae donec pharetra', true),
(353, 306, 245.81, '2022-03-04', 'ut nulla sed accumsan felis ut at dolor quis odio consequat varius integer ac leo pellentesque ultrices', true),
(354, 386, 191.49, '2022-12-13', 'ullamcorper augue a suscipit nulla elit ac nulla sed vel enim sit amet nunc viverra dapibus nulla suscipit ligula', true),
(355, 380, 950.95, '2016-09-12', 'urna pretium nisl ut volutpat sapien arcu sed augue aliquam erat volutpat in', true),
(356, 265, 180.68, '2014-08-03', 'non velit nec nisi vulputate nonummy maecenas tincidunt lacus at velit vivamus vel nulla eget eros', false),
(357, 27, 749.1, '2016-11-01', 'posuere felis sed lacus morbi sem mauris laoreet ut rhoncus aliquet', true),
(358, 377, 420.88, '2018-04-26', 'velit id pretium iaculis diam erat fermentum justo nec condimentum neque', true),
(359, 292, 114.36, '2016-02-17', 'in quam fringilla rhoncus mauris enim leo rhoncus sed vestibulum sit amet cursus id turpis integer aliquet massa', false),
(360, 53, 525.45, '2023-05-25', 'ut massa quis augue luctus tincidunt nulla mollis molestie lorem quisque ut erat curabitur gravida', true),
(361, 134, 246.65, '2017-10-20', 'elementum pellentesque quisque porta volutpat erat quisque erat eros viverra eget congue eget semper rutrum nulla', false),
(362, 73, 774.29, '2014-10-05', 'euismod scelerisque quam turpis adipiscing lorem vitae mattis nibh ligula nec sem', true),
(363, 387, 173.41, '2020-11-18', 'porta volutpat quam pede lobortis ligula sit amet eleifend pede libero quis orci nullam molestie nibh in lectus pellentesque', false),
(364, 110, 496.03, '2021-07-28', 'nulla dapibus dolor vel est donec odio justo sollicitudin ut suscipit', true),
(365, 285, 524.86, '2015-12-02', 'nulla elit ac nulla sed vel enim sit amet nunc viverra dapibus nulla suscipit ligula in lacus curabitur at ipsum', true),
(366, 318, 481.28, '2020-12-01', 'aenean fermentum donec ut mauris eget massa tempor convallis nulla neque libero convallis eget', false),
(367, 332, 387.65, '2019-01-29', 'vel sem sed sagittis nam congue risus semper porta volutpat quam pede lobortis ligula sit amet eleifend', false),
(368, 144, 107.95, '2019-12-12', 'cum sociis natoque penatibus et magnis dis parturient montes nascetur ridiculus mus etiam vel augue vestibulum rutrum rutrum neque', false),
(369, 17, 595.93, '2023-03-24', 'viverra eget congue eget semper rutrum nulla nunc purus phasellus in felis donec', false),
(370, 322, 608.7, '2014-09-13', 'bibendum felis sed interdum venenatis turpis enim blandit mi in porttitor pede justo eu massa', false),
(371, 378, 232.15, '2018-03-20', 'sem fusce consequat nulla nisl nunc nisl duis bibendum felis sed interdum venenatis turpis enim blandit mi in', true),
(372, 95, 583.63, '2017-11-29', 'nulla tellus in sagittis dui vel nisl duis ac nibh fusce lacus purus aliquet at feugiat non', true),
(373, 256, 894.16, '2023-08-11', 'integer a nibh in quis justo maecenas rhoncus aliquam lacus morbi quis tortor', true),
(374, 122, 423.01, '2017-05-07', 'euismod scelerisque quam turpis adipiscing lorem vitae mattis nibh ligula nec sem duis aliquam', true),
(375, 48, 790.01, '2015-02-02', 'mi sit amet lobortis sapien sapien non mi integer ac', true),
(376, 195, 343.11, '2023-09-09', 'faucibus orci luctus et ultrices posuere cubilia curae nulla dapibus dolor vel est', true),
(377, 180, 186.23, '2022-12-14', 'nisl duis bibendum felis sed interdum venenatis turpis enim blandit mi in porttitor pede justo eu massa donec dapibus', true),
(378, 51, 114.75, '2015-09-03', 'volutpat eleifend donec ut dolor morbi vel lectus in quam', false),
(379, 97, 477.0, '2019-11-02', 'curabitur convallis duis consequat dui nec nisi volutpat eleifend donec ut dolor morbi', false),
(380, 366, 775.9, '2023-01-04', 'pharetra magna vestibulum aliquet ultrices erat tortor sollicitudin mi sit amet lobortis sapien sapien non mi integer ac', true),
(381, 214, 171.37, '2024-03-01', 'sed magna at nunc commodo placerat praesent blandit nam nulla integer pede justo lacinia', false),
(382, 137, 789.02, '2019-01-31', 'justo eu massa donec dapibus duis at velit eu est congue elementum in hac habitasse platea dictumst morbi vestibulum velit', false),
(383, 348, 487.25, '2020-02-28', 'eleifend luctus ultricies eu nibh quisque id justo sit amet sapien dignissim vestibulum vestibulum ante ipsum primis', true),
(384, 330, 712.87, '2018-09-15', 'volutpat erat quisque erat eros viverra eget congue eget semper rutrum', false),
(385, 194, 628.94, '2022-03-14', 'posuere felis sed lacus morbi sem mauris laoreet ut rhoncus aliquet pulvinar sed nisl', false),
(386, 115, 558.73, '2016-08-07', 'penatibus et magnis dis parturient montes nascetur ridiculus mus etiam vel augue vestibulum rutrum rutrum neque aenean', true),
(387, 22, 628.55, '2023-01-15', 'magna bibendum imperdiet nullam orci pede venenatis non sodales sed tincidunt eu felis fusce', true),
(388, 349, 318.11, '2022-03-12', 'vehicula consequat morbi a ipsum integer a nibh in quis justo maecenas rhoncus aliquam lacus morbi', true),
(389, 255, 983.93, '2018-07-17', 'ut rhoncus aliquet pulvinar sed nisl nunc rhoncus dui vel sem sed sagittis nam congue', false),
(390, 198, 486.47, '2021-11-06', 'aenean sit amet justo morbi ut odio cras mi pede', true),
(391, 280, 129.56, '2017-04-11', 'convallis tortor risus dapibus augue vel accumsan tellus nisi eu orci mauris', true),
(392, 7, 113.15, '2019-06-30', 'at vulputate vitae nisl aenean lectus pellentesque eget nunc donec quis orci eget orci vehicula condimentum curabitur in libero', true),
(393, 218, 777.15, '2016-11-23', 'tristique in tempus sit amet sem fusce consequat nulla nisl nunc nisl duis bibendum felis sed interdum venenatis turpis', true),
(394, 257, 183.43, '2023-09-30', 'vivamus vel nulla eget eros elementum pellentesque quisque porta volutpat erat', false),
(395, 191, 483.78, '2014-12-04', 'lacus at turpis donec posuere metus vitae ipsum aliquam non mauris morbi non lectus aliquam sit amet diam', false),
(396, 204, 695.45, '2018-08-20', 'morbi a ipsum integer a nibh in quis justo maecenas', false),
(397, 339, 580.24, '2017-05-18', 'dui luctus rutrum nulla tellus in sagittis dui vel nisl', false),
(398, 113, 168.47, '2015-11-25', 'ligula vehicula consequat morbi a ipsum integer a nibh in quis justo', false),
(399, 387, 330.99, '2023-06-10', 'commodo placerat praesent blandit nam nulla integer pede justo lacinia eget tincidunt eget', true),
(400, 222, 751.95, '2020-12-05', 'vel lectus in quam fringilla rhoncus mauris enim leo rhoncus sed vestibulum sit amet', true);

/*markdown
# Insert `COURSE`
*/

INSERT INTO
    COURSE (course_id,course_name,course_cost,professor_pay
    )
VALUES
    (1, 'Alchemy Basics', 138.6, 105.45),
    (2, 'Advanced Potions', 135.21, 139.69),
    (3, 'Introduction to Herbology', 180.13, 68.54),
    (4, 'Magical Creatures Studies', 196.56, 78.08),
    (5, 'Defense Against Dark Arts I', 197.62, 98.12),
    (6, 'Defense Against Dark Arts II', 147.14, 110.87),
    (7, 'Advanced Transfiguration', 177.22, 125.35),
    (8, 'Basic Transfiguration', 108.29, 102.69),
    (9, 'Charms and Enchantments I', 65.0, 41.65),
    (10, 'Charms and Enchantments II', 117.86, 53.7),
    (11, 'Magical History', 198.94, 140.25),
    (12, 'Magical Geography II', 158.99, 128.86),
    (13, 'Advanced Spell Casting', 77.77, 125.26),
    (14, 'Basic Spell Casting', 93.89, 117.59),
    (15, 'Magical Ethics', 167.69, 36.17),
    (16, 'Magical Law', 158.26, 107.2),
    (17, 'Magical Politics', 71.89, 124.21),
    (18, 'Magical Economy', 69.58, 30.72),
    (19, 'Magical Sociology', 172.39, 56.38),
    (20, 'Wizarding Literature', 146.29, 44.33),
    (21, 'Wizarding Art', 158.52, 48.45),
    (22, 'Wizarding Music', 84.04, 82.09),
    (23, 'Magical Theater', 130.85, 63.98),
    (24, 'Magical Dance', 193.62, 92.77),
    (25, 'Potions and Elixirs I', 164.09, 124.98),
    (26, 'Potions and Elixirs II', 101.07, 65.99),
    (27, 'Magical Herbology', 101.75, 107.95),
    (28, 'Magical Alchemy', 106.24, 55.29),
    (29, 'Magical Metallurgy', 120.38, 85.7),
    (30, 'Introduction to Divination', 85.4, 128.24),
    (31, 'Advanced Divination', 77.09, 121.71),
    (32, 'Magical Astrology', 55.94, 98.22),
    (33, 'Magical Astronomy', 197.78, 139.84),
    (34, 'Magical Numerology', 193.34, 114.28),
    (35, 'Magical Symbology', 160.9, 93.29),
    (36, 'Basic Curses and Hexes', 64.05, 88.31),
    (37, 'Advanced Curses and Hexes', 101.29, 121.69),
    (38, 'Magical Defense I', 71.31, 122.78),
    (39, 'Magical Defense II', 157.82, 76.99),
    (40, 'Magical Healing I', 187.67, 57.85),
    (41, 'Magical Healing II', 115.52, 148.94),
    (42, 'Basic Healing Spells', 181.26, 93.18),
    (43, 'Advanced Healing Spells', 177.77, 77.97),
    (44, 'Magical Botany', 183.83, 137.83),
    (45, 'Magical Zoology', 90.58, 81.89),
    (46, 'Magical Anthropology', 117.93, 142.52),
    (47, 'Magical Archaeology', 182.95, 118.65),
    (48, 'Magical Cryptozoology', 105.77, 112.89),
    (49, 'Magical Artifacts', 53.43, 85.85),
    (50,'Introduction to Spell Theory',146.99,117.38),
    (51, 'Advanced Spell Theory', 132.48, 139.85),
    (52, 'Basic Potion Brewing', 121.08, 77.88),
    (53, 'Advanced Potion Brewing', 139.92, 65.34),
    (54, 'Magical Genetics', 155.28, 107.39),
    (55, 'Magical Biotechnology', 156.15, 130.52),
    (56, 'Magical Engineering', 194.81, 47.05),
    (57,'Introduction to Magical Artifacts',61.06,108.31),
    (58, 'Advanced Magical Artifacts', 130.35, 145.17),
    (59, 'Magical Architecture', 67.29, 95.23),
    (60, 'Magical Urban Planning', 151.46, 30.9),
    (61, 'Magical Landscaping', 83.66, 117.54),
    (62, 'Basic Magical Languages', 150.1, 101.19),
    (63, 'Advanced Magical Languages', 127.13, 128.77),
    (64, 'Magical Rhetoric', 107.06, 92.08),
    (65, 'Magical Logic', 132.4, 145.86),
    (66, 'Magical Philosophy', 113.62, 44.31),
    (67, 'Magical Psychology', 153.03, 80.05),
    (68, 'Magical Therapy', 150.61, 122.44),
    (69, 'Magical Counselling', 94.97, 104.49),
    (70, 'Basic Magical History', 195.12, 116.9),
    (71, 'Advanced Magical History', 88.44, 107.25),
    (72, 'Magical Cartography', 188.18, 106.25),
    (73, 'Magical Geology', 76.22, 109.9),
    (74, 'Magical Ecology', 164.1, 144.41),
    (75, 'Magical Meteorology', 73.28, 134.75),
    (76, 'Basic Magical Physics', 129.04, 54.09),
    (77, 'Advanced Magical Physics', 127.48, 87.16),
    (78, 'Magical Chemistry', 72.01, 79.9),
    (79, 'Magical Biology', 77.19, 52.27),
    (80, 'Magical Mathematics', 156.96, 56.94),
    (81, 'Magical Computer Science', 53.64, 85.48),
    (82, 'Magical Information Systems', 150.26, 138.63),
    (83, 'Basic Magical Sports', 153.47, 44.58),
    (84, 'Advanced Magical Sports', 97.81, 121.1),
    (85, 'Magical Combat I', 164.32, 39.5),
    (86, 'Magical Combat II', 169.75, 142.38),
    (87, 'Magical Self-Defense', 122.05, 57.26),
    (88, 'Magical Survival Skills', 63.99, 116.27),
    (89, 'Basic Magical Cuisine', 114.52, 101.09),
    (90, 'Advanced Magical Cuisine', 97.93, 56.64),
    (91, 'Magical Nutrition', 132.24, 36.89),
    (92, 'Magical Dietetics', 123.1, 100.12),
    (93, 'Magical Food Science', 106.03, 34.07),
    (94, 'Introduction to Wizard Law', 139.34, 30.73),
    (95, 'Advanced Wizard Law', 165.44, 131.25),
    (96, 'Wizard Judiciary System', 76.71, 112.08),
    (97, 'Wizard Legal Ethics', 150.99, 119.35),
    (98, 'Basic Wizard Constitution', 106.67, 118.32),
    (99, 'Advanced Wizard Constitution', 173.57, 53.04),
    (100, 'Wizard Human Rights', 77.97, 125.18),
    (101, 'Magical Creature Rights', 120.66, 123.12),
    (102, 'Magical Environmental Law', 172.98, 114.14),
    (103, 'Magical Tax Law', 52.26, 41.92),
    (104, 'Wizard Business Law', 153.88, 71.13),
    (105, 'Wizard Criminal Law', 70.3, 139.34),
    (106, 'Wizard Civil Law', 158.58, 93.28),
    (107, 'Basic Wizard Economics', 123.83, 136.85),
    (108, 'Advanced Wizard Economics', 189.21, 110.45),
    (109, 'Wizard Microeconomics', 134.37, 61.24),
    (110, 'Wizard Macroeconomics', 157.35, 43.79),
    (111,'Wizard Development Economics',188.26,60.09),
    (112, 'Wizard Public Finance', 59.03, 34.17),
    (113,'Wizard International Economics',162.17,44.16),
    (114, 'Wizard Political Economy', 118.68, 52.82),
    (115, 'Wizard Monetary Policy', 136.39, 37.54),
    (116, 'Wizard Fiscal Policy', 180.32, 80.36),
    (117, 'Wizard Banking', 68.62, 62.44),
    (118, 'Wizard Financial Markets', 79.02, 63.2),
    (119, 'Wizard Investment', 195.27, 127.27),
    (120, 'Wizard Corporate Finance', 59.33, 52.13),
    (121, 'Wizard Accounting', 116.79, 135.82),
    (122, 'Wizard Auditing', 58.91, 47.16),
    (123, 'Wizard Financial Reporting', 74.57, 48.56),
    (124, 'Wizard Cost Accounting', 123.23, 68.76),
    (125, 'Wizard Management Accounting', 109.95, 99.0),
    (126, 'Wizard Budgeting', 181.09, 100.64),
    (127, 'Wizard Strategic Management', 165.62, 86.21),
    (128,'Wizard Operations Management',158.21,141.22),
    (129,'Wizard Human Resource Management',195.15,30.33),
    (130, 'Wizard Marketing', 67.7, 72.96),
    (131, 'Wizard Sales', 92.94, 112.19),
    (132, 'Wizard Public Relations', 187.37, 83.96),
    (133, 'Wizard Customer Service', 170.8, 148.63),
    (134, 'Wizard Retail Management', 73.0, 105.25),
    (135,'Wizard Supply Chain Management',188.52,53.07),
    (136, 'Wizard Logistics', 78.94, 45.95),
    (137, 'Wizard Entrepreneurship', 163.55, 83.01),
    (138,'Wizard Innovation Management',173.19,129.18),
    (139, 'Wizard Project Management', 199.43, 105.62),
    (140, 'Wizard Leadership', 150.26, 86.42),
    (141,'Wizard Organizational Behavior',92.66,83.06),
    (142, 'Wizard Negotiation Skills', 168.71, 48.23),
    (143, 'Wizard Conflict Management', 185.41, 50.75),
    (144, 'Wizard Change Management', 132.38, 61.08),
    (145,'Wizard Corporate Social Responsibility',92.75,79.25),
    (146, 'Wizard Business Ethics', 194.21, 104.37),
    (147, 'Wizard Strategic Planning', 103.29, 119.94),
    (148,'Wizard Performance Management',103.74,114.82),
    (149, 'Wizard Risk Management', 54.98, 74.78),
    (150, 'Wizard Decision Making', 126.81, 127.09),
    (151, 'Wizard Problem Solving', 178.44, 99.92),
    (152, 'Wizard Critical Thinking', 190.5, 107.85),
    (153, 'Wizard Creative Thinking', 193.98, 50.74),
    (154, 'Wizard Analytical Skills', 139.51, 36.24),
    (155,'Wizard Emotional Intelligence',51.98,93.93),
    (156, 'Wizard Time Management', 85.19, 84.01),
    (157, 'Wizard Stress Management', 108.65, 66.33),
    (158, 'Wizard Work-Life Balance', 184.66, 59.49),
    (159,'Wizard Personal Development',142.15,141.21),
    (160, 'Wizard Career Planning', 92.21, 139.1),
    (161,'Wizard Communication Skills',192.18,127.47),
    (162, 'Wizard Presentation Skills', 88.01, 133.0),
    (163, 'Wizard Writing Skills', 54.71, 95.59),
    (164, 'Wizard Reading Skills', 58.0, 148.27),
    (165, 'Wizard Listening Skills', 177.95, 65.24),
    (166, 'Wizard Research Skills', 65.92, 38.44),
    (167, 'Wizard Study Skills', 141.94, 37.99),
    (168, 'Wizard Teaching Skills', 106.72, 142.24),
    (169, 'Wizard Training Skills', 112.31, 32.02),
    (170, 'Wizard Coaching Skills', 78.46, 148.36),
    (171, 'Wizard Mentoring Skills', 165.63, 143.41),
    (172, 'Wizard Team Building', 76.83, 126.46),
    (173, 'Wizard Collaboration', 108.68, 68.51),
    (174, 'Wizard Networking', 137.38, 133.92),
    (175,'Wizard Diversity and Inclusion',69.75,83.74),
    (176, 'Wizard Workplace Wellbeing', 172.49, 105.79),
    (177, 'Wizard Job Satisfaction', 177.92, 62.75),
    (178, 'Wizard Employee Engagement', 158.12, 56.61),
    (179, 'Wizard Talent Management', 77.92, 80.19),
    (180,'Wizard Learning and Development',181.18,49.99),
    (181, 'Wizard Succession Planning', 157.98, 147.4),
    (182,'Wizard Performance Appraisal',165.89,76.86),
    (183, 'Wizard Employee Relations', 125.81, 75.7),
    (184,'Wizard Compensation and Benefits',161.06,73.41),
    (185,'Wizard Recruitment and Selection',55.47,79.81),
    (186, 'Wizard Onboarding', 93.72, 72.86),
    (187, 'Wizard Retention', 142.43, 134.62),
    (188, 'Wizard Termination', 168.24, 31.42),
    (189, 'Wizard Labor Law', 194.9, 130.74),
    (190, 'Wizard Health and Safety', 119.03, 121.39),
    (191, 'Wizard Workplace Violence', 116.22, 36.31),
    (192, 'Wizard Harassment', 133.1, 99.08),
    (193, 'Wizard Bullying', 182.79, 79.64),
    (194, 'Wizard Grievances', 66.29, 143.08),
    (195,'Wizard Disciplinary Procedures',98.77,42.14),
    (196, 'Wizard Ethical Leadership', 150.58, 30.99),
    (197,'Wizard Responsible Leadership',78.61,118.49),
    (198, 'Wizard Servant Leadership', 162.94, 80.92),
    (199,'Wizard Transformational Leadership',138.56,135.62),
    (200,'Wizard Transactional Leadership',159.89,46.47),
    (201,'Wizard Charismatic Leadership',117.7,36.86),
    (202,'Wizard Situational Leadership',97.64,63.06),
    (203, 'Wizard Team Leadership', 99.87, 97.9),
    (204, 'Wizard Strategic Leadership', 82.57, 45.13),
    (205, 'Wizard Visionary Leadership', 64.12, 46.25),
    (206, 'Wizard Coaching Leadership', 114.4, 63.43),
    (207,'Wizard Democratic Leadership',198.79,52.72),
    (208,'Wizard Autocratic Leadership',175.28,99.11),
    (209,'Wizard Laissez-faire Leadership',86.39,39.41),
    (210,'Wizard Paternalistic Leadership',139.37,143.0),
    (211,'Wizard Participative Leadership',65.25,145.51),
    (212, 'Wizard Directive Leadership', 135.0, 68.33),
    (213,'Wizard Supportive Leadership',176.34,110.63),
    (214,'Wizard Achievement-oriented Leadership',127.62,137.84),
    (215, 'Wizard Adaptive Leadership', 117.03, 54.16),
    (216,'Wizard Entrepreneurial Leadership',177.85,34.42),
    (217, 'Wizard Crisis Leadership', 134.7, 120.57),
    (218, 'Wizard Political Leadership', 168.68, 47.73),
    (219, 'Wizard Military Leadership', 177.08, 64.2),
    (220,'Wizard Educational Leadership',176.82,140.01),
    (221, 'Wizard Artistic Leadership', 70.0, 40.16),
    (222, 'Wizard Athletic Leadership', 97.55, 145.4),
    (223, 'Wizard Scientific Leadership', 88.6, 131.23),
    (224,'Wizard Technological Leadership',128.65,126.87),
    (225,'Wizard Environmental Leadership',88.05,88.98),
    (226, 'Wizard Medical Leadership', 162.72, 38.82),
    (227, 'Wizard Legal Leadership', 182.9, 75.1),
    (228, 'Wizard Financial Leadership', 155.04, 97.55),
    (229, 'Wizard Economic Leadership', 116.32, 82.83),
    (230, 'Wizard Social Leadership', 56.33, 77.46),
    (231, 'Wizard Cultural Leadership', 53.64, 83.0),
    (232, 'Wizard Religious Leadership', 184.6, 86.02),
    (233,'Wizard Philosophical Leadership',176.7,139.04),
    (234,'Wizard Psychological Leadership',88.15,54.87),
    (235,'Wizard Historical Leadership',139.75,88.86),
    (236, 'Wizard Literary Leadership', 101.37, 67.55),
    (237, 'Wizard Musical Leadership', 108.22, 109.85),
    (238, 'Wizard Theatrical Leadership', 189.45, 56.1),
    (239, 'Wizard Cinematic Leadership', 55.33, 94.45),
    (240, 'Wizard Dance Leadership', 86.81, 123.31),
    (241,'Wizard Visual Arts Leadership',124.84,128.23),
    (242,'Wizard Digital Arts Leadership',118.13,128.27),
    (243, 'Wizard Culinary Leadership', 135.79, 144.18),
    (244, 'Wizard Fashion Leadership', 183.55, 56.29),
    (245,'Wizard Architectural Leadership',150.47,37.78),
    (246,'Wizard Engineering Leadership',120.26,34.18),
    (247,'Wizard Astronomical Leadership',104.3,106.16),
    (248, 'Wizard Biological Leadership', 65.22, 83.18),
    (249, 'Wizard Chemical Leadership', 175.53, 115.5),
    (250, 'Wizard Physical Leadership', 61.67, 80.7),
    (251,'Wizard Mathematical Leadership',146.55,133.22),
    (252,'Wizard Computational Leadership',93.37,89.2),
    (253, 'Wizard Statistical Leadership', 61.93, 68.7),
    (254, 'Wizard Geological Leadership', 69.58, 64.3),
    (255,'Wizard Meteorological Leadership',152.37,148.39),
    (256,'Wizard Oceanographic Leadership',163.96,97.93),
    (257,'Wizard Ecological Leadership',188.47,37.03),
    (258,'Wizard Environmental Sciences Leadership',57.55,96.37),
    (259,'Wizard Planetary Sciences Leadership',161.87,145.4),
    (260,'Wizard Space Sciences Leadership',98.95,93.71),
    (261,'Wizard Health Sciences Leadership',105.77,64.68),
    (262,'Wizard Behavioral Sciences Leadership',172.3,77.38),
    (263,'Wizard Social Sciences Leadership',72.49,69.45),
    (264,'Wizard Humanities Leadership',82.44,104.78),
    (265, 'Wizard Arts Leadership', 125.0, 119.01),
    (266, 'Wizard Business Leadership', 70.53, 110.88),
    (267,'Wizard Communication Leadership',120.16,68.82),
    (268, 'Wizard Education Leadership', 76.61, 79.61),
    (269, 'Wizard Law Leadership', 114.29, 119.67),
    (270, 'Wizard Medicine Leadership', 80.39, 110.9),
    (271,'Wizard Military Sciences Leadership',124.37,103.3),
    (272,'Wizard Public Administration Leadership',66.03,136.31),
    (273, 'Wizard Recreation Leadership', 52.02, 89.48),
    (274, 'Wizard Theology Leadership', 194.97, 53.73),
    (275,'Wizard Philosophy Leadership',103.62,129.65),
    (276,'Wizard Linguistics Leadership',149.94,33.28),
    (277,'Wizard Literary Studies Leadership',189.54,47.15),
    (278,'Wizard Cultural Studies Leadership',96.54,73.27),
    (279,'Wizard Gender Studies Leadership',176.31,50.43),
    (280,'Wizard Ethnic Studies Leadership',149.13,113.98),
    (281,'Wizard Disability Studies Leadership',74.08,56.96),
    (282,'Wizard Postcolonial Studies Leadership',151.89,93.66),
    (283,'Wizard Urban Studies Leadership',67.57,105.46),
    (284,'Wizard Rural Studies Leadership',170.24,147.14),
    (285,'Wizard Regional Studies Leadership',74.37,37.65),
    (286,'Wizard Global Studies Leadership',119.99,86.56),
    (287,'Wizard International Studies Leadership',143.75,71.01),
    (288,'Wizard Area Studies Leadership',142.31,104.91),
    (289,'Wizard Media Studies Leadership',82.57,103.93),
    (290,'Wizard Film Studies Leadership',118.79,81.46),
    (291,'Wizard Art History Leadership',111.74,119.71),
    (292,'Wizard Musicology Leadership',130.02,83.32),
    (293,'Wizard Theatre Studies Leadership',127.34,130.24),
    (294,'Wizard Dance Studies Leadership',155.08,68.47),
    (295,'Wizard Fashion Studies Leadership',72.86,108.06),
    (296,'Wizard Food Studies Leadership',72.9,85.16),
    (297,'Wizard Sports Studies Leadership',113.31,118.96),
    (298,'Wizard Tourism Studies Leadership',197.45,47.68),
    (299,'Wizard Leisure Studies Leadership',90.17,36.69),
    (300,'Wizard Museum Studies Leadership',62.62,115.8),
    (301,'Wizard Heritage Studies Leadership',186.34,77.92),
    (302,'Wizard Library Studies Leadership',131.43,99.06),
    (303,'Wizard Information Studies Leadership',99.44,114.23),
    (304,'Wizard Archival Studies Leadership',172.99,144.85),
    (305,'Wizard Communication Studies Leadership',128.62,69.8),
    (306,'Wizard Journalism Leadership',76.08,104.33),
    (307,'Wizard Public Relations Leadership',58.24,113.67),
    (308,'Wizard Advertising Leadership',180.87,49.27),
    (309, 'Wizard Marketing Leadership', 111.06, 77.1),
    (310, 'Wizard Sales Leadership', 149.36, 70.86),
    (311, 'Wizard Hospitality Leadership', 61.91, 36.8),
    (312,'Wizard Event Management Leadership',130.86,33.59),
    (313,'Wizard Real Estate Leadership',184.05,124.24),
    (314,'Wizard Retail Management Leadership',125.2,87.33),
    (315,'Wizard Wholesale Management Leadership',156.61,135.88),
    (316,'Wizard Logistics Management Leadership',97.57,95.73),
    (317,'Wizard Supply Chain Management Leadership',83.93,83.38),
    (318,'Wizard Transportation Leadership',121.34,66.74),
    (319, 'Magical Energy Studies', 58.79, 116.29),
    (320, 'Advanced Magical Theory', 52.11, 98.22),
    (321, 'Basic Magical Ethics', 70.28, 98.52),
    (322, 'Enchanted Item Crafting', 140.85, 93.67),
    (323, 'Forbidden Magic', 183.26, 121.05),
    (324, 'Magical Negotiation Tactics', 193.99, 56.81),
    (325, 'Magical Diplomacy', 158.1, 146.38),
    (326, 'Wizarding Governance', 81.77, 49.89),
    (327, 'Magical Public Policy', 80.53, 37.69),
    (328, 'Enchanted Object Repair', 183.5, 54.23),
    (329, 'Advanced Herbology', 194.46, 78.08),
    (330, 'Introductory Wandlore', 65.54, 87.0),
    (331, 'Advanced Wandlore', 104.84, 71.93),
    (332, 'Magical Conflict Resolution', 64.68, 74.69),
    (333, 'Magical Disaster Management', 53.78, 101.64),
    (334, 'Basic Broomstick Handling', 72.72, 82.74),
    (335, 'Advanced Broomstick Handling', 78.95, 59.73),
    (336, 'Magical Geography', 117.02, 122.04),
    (337, 'Magical Topography', 59.17, 95.05),
    (338, 'Rune Reading', 93.51, 137.64),
    (339, 'Advanced Rune Reading', 136.57, 90.92),
    (340, 'Time-Turner Mechanics', 150.58, 58.19),
    (341, 'Magical Weaponry', 193.5, 39.65),
    (342, 'Advanced Magical Weaponry', 142.43, 83.49),
    (343, 'Magical Forensics', 121.58, 148.67),
    (344,'Magical Investigation Techniques',134.26,142.76),
    (345, 'Illusion Magic', 165.22, 125.6),
    (346, 'Advanced Illusion Magic', 192.87, 42.09),
    (347, 'Dark Arts Defense', 171.84, 111.18),
    (348,'Magical Intelligence Gathering',159.22,33.75),
    (349, 'Magical Camouflage', 197.38, 123.09),
    (350, 'Magical Surveillance', 148.82, 98.73),
    (351, 'Non-verbal Spells', 62.88, 81.68),
    (352, 'Advanced Non-verbal Spells', 53.83, 127.15),
    (353, 'Magical Encryption', 141.95, 116.23),
    (354,'Introduction to Magical Warfare',167.3,140.55),
    (355, 'Advanced Magical Warfare', 120.88, 83.38),
    (356, 'Healing Herbology', 74.26, 52.93),
    (357, 'Potions for Healing', 127.08, 127.71),
    (358, 'Spell Invention', 157.07, 113.38),
    (359, 'Magical Contract Law', 184.42, 118.34),
    (360,'Magical Intellectual Property',52.97,117.68),
    (361, 'Magical Urban Legends', 92.52, 77.81),
    (362, 'Comparative Magical Studies', 126.62, 45.33),
    (363, 'Magical Ethics and Society', 97.06, 63.21),
    (364,'History of Magical Rebellion',147.27,94.84),
    (365,'History of Wizard-Muggle Relations',60.65,113.35),
    (366, 'Advanced Charms', 80.64, 148.12),
    (367, 'Advanced Hexes', 71.9, 78.04),
    (368, 'Advanced Jinxes', 161.84, 39.16),
    (369, 'Wandless Magic', 174.76, 126.87),
    (370,'Introduction to Magical Creatures',142.22,116.42),
    (371, 'Advanced Magical Creatures', 142.29, 89.16),
    (372,'Dangerous Magical Creatures',101.98,127.57),
    (373,'Magical Creature Conservation',95.62,67.21),
    (374,'Magical Animal Communication',132.46,88.73),
    (375, 'Healing Spells for Animals', 179.83, 71.88),
    (376, 'Elemental Magic', 140.6, 32.35),
    (377, 'Advanced Elemental Magic', 199.82, 58.06),
    (378, 'Environmental Spellwork', 169.61, 146.55),
    (379, 'Climate Control Spells', 150.1, 117.92),
    (380, 'Magical Botany', 122.32, 65.95),
    (381, 'Herbological Medicine', 56.45, 40.5),
    (382, 'Advanced Enchantments', 175.94, 139.37),
    (383,'Ancient Magical Civilizations',193.57,50.37),
    (384, 'Ancient Wizarding Warfare', 181.05, 111.54),
    (385, 'Protective Charms', 87.78, 81.33),
    (386, 'Household Charms', 91.0, 42.89),
    (387,'Magical Artifacts Restoration',101.65,121.2),
    (388, 'Magical Languages', 152.91, 140.53),
    (389, 'Spell Linguistics', 72.12, 56.39),
    (390, 'Advanced Spell Linguistics', 135.25, 78.19),
    (391, 'Spellbook Creation', 140.3, 41.14),
    (392,'Magical Manuscript Preservation',180.44,63.61),
    (393,'Advanced Divination Techniques',63.32,145.94),
    (394, 'Magical Mind Reading', 151.22, 109.87),
    (395, 'Telepathy and Telekinesis', 188.14, 41.12),
    (396, 'Advanced Telekinesis', 99.9, 87.93),
    (397, 'Memory Charms', 151.54, 84.68),
    (398, 'Memory Restoration Spells', 98.42, 63.82),
    (399, 'Memory Charms II', 151.54, 84.68),
    (400, 'Memory Restoration Spells II', 98.42, 63.82);

/*markdown
# Insert `STUDENT`
*/

INSERT INTO STUDENT (person_id, enrollment_date, major) VALUES 
(138, '2021-08-16', 'Laws'),
(105, '2022-11-18', 'Nursing'),
(64, '2023-07-11', 'Medicine'),
(195, '2021-11-27', 'Engineering'),
(168, '2021-10-16', 'Business Administration'),
(257, '2023-01-18', 'Liberal Arts'),
(389, '2021-01-11', 'Music'),
(315, '2020-09-15', 'Medicine'),
(311, '2020-07-21', 'Science'),
(272, '2021-10-02', 'Nursing'),
(154, '2021-01-11', 'Education'),
(380, '2021-07-22', 'Data Science'),
(352, '2021-11-13', 'Nursing'),
(325, '2020-10-15', 'Sports Management'),
(159, '2023-07-22', 'Psychology'),
(234, '2020-11-16', 'Urban Planning'),
(304, '2023-03-04', 'Dental Surgery'),
(169, '2024-02-02', 'Liberal Arts'),
(362, '2023-10-23', 'Liberal Arts'),
(33, '2020-11-14', 'Psychology'),
(264, '2021-09-07', 'Communication'),
(19, '2022-08-25', 'Laws'),
(223, '2021-07-17', 'Liberal Arts'),
(347, '2021-03-11', 'Computer Science'),
(4, '2020-12-19', 'Fine Arts'),
(75, '2022-12-02', 'Environmental Science'),
(294, '2023-04-23', 'International Relations'),
(288, '2024-02-07', 'Education'),
(65, '2022-10-04', 'Data Science'),
(40, '2023-10-16', 'Arts'),
(93, '2024-01-16', 'Information Technology'),
(334, '2022-09-20', 'Computer Science'),
(215, '2022-05-24', 'Information Technology'),
(286, '2022-04-23', 'Data Science'),
(51, '2021-03-27', 'Psychology'),
(86, '2020-12-05', 'Arts'),
(191, '2020-11-18', 'Data Science'),
(10, '2022-07-20', 'Computer Science'),
(226, '2023-09-21', 'Social Work'),
(266, '2023-02-24', 'Business Administration'),
(6, '2021-04-15', 'Urban Planning'),
(54, '2021-04-10', 'Music'),
(230, '2021-12-30', 'Laws'),
(291, '2022-10-20', 'Fine Arts'),
(135, '2023-05-05', 'Engineering'),
(317, '2022-01-23', 'Education'),
(329, '2022-06-01', 'Communication'),
(205, '2021-03-01', 'Sports Management'),
(235, '2024-05-12', 'Psychology'),
(281, '2022-10-09', 'Biotechnology'),
(277, '2024-06-19', 'Information Technology'),
(211, '2023-07-18', 'Public Health'),
(5, '2022-07-14', 'Science'),
(149, '2020-12-03', 'Journalism'),
(112, '2021-05-20', 'Arts'),
(342, '2020-12-04', 'Music'),
(36, '2023-11-11', 'Social Work'),
(178, '2024-04-04', 'Information Technology'),
(382, '2021-01-16', 'Computer Science'),
(184, '2022-09-17', 'Biotechnology'),
(377, '2021-01-17', 'Data Science'),
(314, '2022-03-09', 'Data Science'),
(20, '2021-02-06', 'Fine Arts'),
(399, '2022-09-21', 'Biotechnology'),
(165, '2023-11-16', 'Engineering'),
(361, '2023-03-30', 'Communication'),
(133, '2023-06-11', 'Biotechnology'),
(336, '2021-02-28', 'Design'),
(57, '2023-02-04', 'Arts'),
(66, '2021-10-28', 'Education'),
(379, '2020-07-17', 'Environmental Science'),
(308, '2023-09-05', 'Veterinary Science'),
(270, '2021-07-06', 'Communication'),
(246, '2024-05-19', 'Social Work'),
(375, '2023-12-16', 'Communication'),
(89, '2022-02-24', 'Computer Science'),
(350, '2023-05-04', 'Medicine'),
(381, '2023-05-22', 'Public Health'),
(220, '2023-03-30', 'Liberal Arts'),
(49, '2024-05-03', 'Data Science'),
(48, '2022-09-10', 'Dental Surgery'),
(214, '2023-07-26', 'Science'),
(353, '2020-08-15', 'Liberal Arts'),
(77, '2023-04-24', 'Environmental Science'),
(392, '2022-02-25', 'Sports Management'),
(216, '2021-07-15', 'Urban Planning'),
(208, '2020-08-12', 'Liberal Arts'),
(348, '2022-08-18', 'Computer Science'),
(267, '2023-01-12', 'Dental Surgery'),
(262, '2023-01-29', 'Sports Management'),
(312, '2020-08-11', 'Design'),
(242, '2021-07-14', 'Design'),
(207, '2022-06-04', 'Design'),
(30, '2023-10-22', 'Arts'),
(85, '2020-07-27', 'Science'),
(285, '2024-04-02', 'Data Science'),
(22, '2023-02-06', 'Journalism'),
(309, '2021-04-17', 'Architecture'),
(120, '2023-02-09', 'Journalism'),
(310, '2022-11-11', 'Information Technology'),
(140, '2021-09-29', 'Hospitality Management'),
(161, '2020-10-16', 'Design'),
(71, '2022-03-17', 'Education'),
(303, '2020-08-17', 'Information Technology'),
(397, '2020-11-19', 'Arts'),
(16, '2024-05-24', 'Data Science'),
(218, '2022-05-20', 'Psychology'),
(146, '2021-11-16', 'Dental Surgery'),
(394, '2021-11-18', 'Pharmacy'),
(152, '2023-05-21', 'Hospitality Management'),
(335, '2023-01-19', 'Business Administration'),
(232, '2020-11-27', 'Sports Management'),
(367, '2021-08-06', 'Environmental Science'),
(283, '2023-03-29', 'Design'),
(383, '2024-01-21', 'Fine Arts'),
(261, '2021-04-02', 'Science'),
(113, '2024-03-07', 'Architecture'),
(141, '2023-12-02', 'Education'),
(301, '2022-02-24', 'Sports Management'),
(284, '2023-10-22', 'Data Science'),
(72, '2022-01-22', 'Dental Surgery'),
(15, '2021-02-10', 'Psychology'),
(94, '2023-08-22', 'Psychology'),
(290, '2023-02-01', 'Business Administration'),
(17, '2022-02-18', 'Education'),
(153, '2022-03-13', 'Medicine'),
(328, '2022-04-11', 'International Relations'),
(370, '2023-01-11', 'Architecture'),
(297, '2020-09-02', 'Social Work'),
(50, '2021-11-17', 'Social Work'),
(245, '2023-11-22', 'Communication'),
(1, '2020-09-02', 'Science'),
(180, '2022-09-13', 'Journalism'),
(29, '2021-11-12', 'Information Technology'),
(198, '2021-03-24', 'Laws'),
(79, '2021-04-30', 'Journalism'),
(271, '2023-05-18', 'Arts'),
(88, '2023-03-30', 'Environmental Science'),
(96, '2023-10-02', 'Music'),
(366, '2022-07-19', 'Fine Arts'),
(182, '2021-11-17', 'Biotechnology'),
(166, '2022-01-22', 'Liberal Arts'),
(204, '2023-03-12', 'Veterinary Science'),
(268, '2022-11-30', 'Laws'),
(163, '2022-07-03', 'Music'),
(341, '2022-07-10', 'Computer Science'),
(189, '2022-09-16', 'Psychology'),
(322, '2024-03-16', 'Engineering'),
(345, '2022-07-01', 'Medicine'),
(237, '2022-03-03', 'Pharmacy'),
(31, '2023-05-27', 'Nursing'),
(46, '2024-05-05', 'Education'),
(104, '2020-07-07', 'Laws'),
(384, '2020-08-02', 'Engineering'),
(331, '2024-05-11', 'Public Health'),
(127, '2021-05-06', 'Architecture'),
(247, '2023-02-11', 'Biotechnology'),
(356, '2022-06-09', 'Hospitality Management'),
(143, '2021-11-26', 'Social Work'),
(52, '2022-01-29', 'Liberal Arts'),
(359, '2022-09-01', 'Liberal Arts'),
(227, '2023-01-05', 'Urban Planning'),
(131, '2023-08-31', 'Environmental Science'),
(47, '2021-09-13', 'Engineering'),
(326, '2020-10-29', 'Music'),
(250, '2022-01-15', 'Nursing'),
(295, '2021-08-01', 'Dental Surgery'),
(278, '2023-06-25', 'Science'),
(63, '2023-01-04', 'Communication'),
(385, '2021-01-14', 'Dental Surgery'),
(316, '2021-11-21', 'Science'),
(170, '2023-03-08', 'Hospitality Management'),
(357, '2022-01-13', 'Social Work'),
(129, '2020-12-05', 'Environmental Science'),
(55, '2020-10-26', 'Business Administration'),
(355, '2021-04-22', 'Computer Science'),
(225, '2023-07-01', 'Environmental Science'),
(387, '2021-08-05', 'Architecture'),
(34, '2022-01-22', 'Biotechnology'),
(371, '2024-02-14', 'Business Administration'),
(251, '2023-01-25', 'Liberal Arts'),
(175, '2022-06-11', 'Education'),
(258, '2021-08-03', 'Dental Surgery'),
(100, '2020-12-27', 'Laws'),
(109, '2021-12-30', 'Business Administration'),
(293, '2024-05-21', 'Communication'),
(147, '2020-11-03', 'Pharmacy'),
(185, '2022-12-03', 'Medicine'),
(160, '2022-02-02', 'Engineering'),
(249, '2023-05-25', 'Communication'),
(164, '2021-12-03', 'Public Health'),
(296, '2020-09-10', 'International Relations'),
(62, '2022-10-14', 'Sports Management'),
(39, '2024-03-05', 'Arts'),
(187, '2022-06-10', 'Computer Science'),
(363, '2021-10-20', 'Biotechnology'),
(306, '2024-05-18', 'Sports Management'),
(73, '2023-10-23', 'Laws'),
(231, '2023-02-25', 'Liberal Arts'),
(53, '2023-05-13', 'Nursing'),
(190, '2022-09-26', 'Journalism'),
(32, '2020-12-12', 'International Relations'),
(263, '2021-12-31', 'Veterinary Science'),
(229, '2022-01-22', 'Journalism'),
(241, '2021-12-18', 'Dental Surgery'),
(60, '2023-01-16', 'Computer Science'),
(176, '2022-09-20', 'Journalism'),
(42, '2024-02-07', 'Science'),
(117, '2022-06-08', 'Pharmacy'),
(240, '2024-03-10', 'Music'),
(372, '2021-01-28', 'Architecture'),
(376, '2024-04-24', 'Data Science'),
(339, '2020-12-23', 'Hospitality Management'),
(68, '2021-03-24', 'Nursing'),
(103, '2022-03-24', 'Computer Science'),
(3, '2021-11-15', 'Biotechnology'),
(69, '2020-07-11', 'Environmental Science'),
(298, '2022-01-09', 'International Relations'),
(158, '2020-07-08', 'Design'),
(269, '2024-05-18', 'Arts'),
(300, '2023-09-25', 'Education'),
(174, '2020-10-14', 'Communication'),
(386, '2021-04-02', 'Liberal Arts'),
(156, '2020-11-28', 'Urban Planning'),
(43, '2022-10-12', 'Information Technology'),
(179, '2021-09-24', 'Arts'),
(365, '2022-10-10', 'Public Health'),
(118, '2021-01-23', 'Environmental Science'),
(130, '2020-11-12', 'Liberal Arts'),
(222, '2022-09-18', 'Engineering'),
(99, '2022-02-02', 'Medicine'),
(313, '2024-05-23', 'Pharmacy'),
(256, '2020-10-24', 'Medicine'),
(279, '2024-02-14', 'Environmental Science'),
(172, '2023-10-01', 'Science'),
(333, '2023-11-30', 'Arts'),
(202, '2024-03-01', 'Urban Planning'),
(273, '2024-05-29', 'Urban Planning'),
(84, '2021-04-29', 'Science'),
(144, '2023-10-22', 'Veterinary Science'),
(327, '2021-01-11', 'Nursing'),
(349, '2022-08-30', 'Data Science'),
(200, '2024-02-08', 'Public Health'),
(236, '2023-06-29', 'Engineering'),
(343, '2021-07-01', 'Nursing'),
(76, '2021-09-30', 'Arts'),
(378, '2022-12-16', 'Hospitality Management'),
(45, '2022-07-20', 'Hospitality Management'),
(26, '2020-10-26', 'Medicine'),
(194, '2023-09-01', 'Education'),
(107, '2024-03-31', 'Computer Science'),
(106, '2024-02-02', 'Information Technology'),
(101, '2022-10-13', 'Business Administration'),
(321, '2021-10-17', 'Dental Surgery'),
(132, '2022-11-26', 'Architecture'),
(233, '2023-03-15', 'Nursing'),
(83, '2021-07-25', 'Environmental Science'),
(221, '2020-11-10', 'Laws'),
(398, '2024-03-03', 'Hospitality Management'),
(318, '2024-03-29', 'Sports Management'),
(344, '2023-04-01', 'Urban Planning'),
(259, '2022-05-10', 'Medicine'),
(330, '2021-01-10', 'Engineering'),
(121, '2022-07-05', 'Information Technology'),
(244, '2024-01-20', 'Science'),
(393, '2022-09-06', 'Laws'),
(23, '2021-10-19', 'Urban Planning'),
(90, '2024-04-15', 'International Relations'),
(74, '2020-12-29', 'Laws'),
(108, '2023-05-31', 'Pharmacy'),
(373, '2022-04-21', 'Nursing'),
(148, '2021-05-25', 'Hospitality Management'),
(188, '2024-03-05', 'Sports Management'),
(337, '2021-01-22', 'Veterinary Science'),
(111, '2021-08-18', 'Music'),
(201, '2022-08-03', 'Sports Management'),
(7, '2023-06-26', 'Journalism'),
(186, '2022-12-17', 'Information Technology'),
(252, '2022-11-26', 'Computer Science'),
(155, '2023-04-25', 'Laws'),
(37, '2020-12-12', 'Architecture'),
(98, '2022-10-25', 'Science'),
(80, '2022-01-26', 'Laws'),
(177, '2022-12-18', 'Hospitality Management'),
(78, '2020-11-06', 'Science'),
(122, '2021-03-18', 'Education'),
(239, '2023-02-09', 'International Relations'),
(67, '2020-10-30', 'Engineering'),
(254, '2023-10-08', 'Data Science'),
(181, '2021-06-01', 'Music'),
(157, '2024-04-22', 'International Relations'),
(275, '2021-02-27', 'Liberal Arts'),
(97, '2021-03-25', 'Education'),
(27, '2022-04-19', 'Business Administration'),
(196, '2021-10-08', 'Science'),
(302, '2021-10-07', 'Medicine'),
(323, '2021-02-28', 'Environmental Science'),
(151, '2023-11-24', 'Medicine'),
(368, '2022-11-02', 'Music'),
(59, '2024-06-24', 'Data Science'),
(282, '2023-01-06', 'Science'),
(319, '2021-09-27', 'Data Science'),
(128, '2023-09-24', 'Dental Surgery'),
(92, '2024-01-12', 'Nursing'),
(24, '2024-05-09', 'Social Work'),
(193, '2024-05-03', 'Medicine'),
(354, '2020-12-06', 'Pharmacy'),
(340, '2021-08-31', 'Public Health'),
(82, '2021-08-29', 'Arts'),
(217, '2024-05-11', 'Communication'),
(114, '2022-01-04', 'Biotechnology'),
(199, '2023-06-12', 'Education'),
(374, '2022-01-05', 'Journalism'),
(41, '2023-04-12', 'Liberal Arts'),
(206, '2022-03-01', 'Public Health'),
(276, '2022-02-12', 'Biotechnology'),
(243, '2023-01-10', 'Education'),
(197, '2023-10-05', 'International Relations'),
(150, '2022-05-31', 'Business Administration');

/*markdown
# Insert `PROFESSOR`
*/

INSERT INTO PROFESSOR (person_id, hire_date, department) VALUES 
(2, '2017-06-23', 'Aerospace Engineering'),
(8, '2017-09-21', 'Toxicology'),
(9, '2016-07-27', 'Bioinformatics'),
(11, '2024-05-12', 'Public Health'),
(12, '2019-05-11', 'Medicine'),
(13, '2019-01-10', 'Data Science'),
(14, '2014-10-07', 'Sports Management'),
(18, '2021-12-18', 'Forestry'),
(21, '2020-01-22', 'Design'),
(25, '2016-04-27', 'Cultural Studies'),
(28, '2019-08-13', 'Linguistics'),
(35, '2019-08-04', 'Urban Planning'),
(38, '2022-01-24', 'International Relations'),
(44, '2022-10-20', 'Religious Studies'),
(56, '2020-05-29', 'Toxicology'),
(58, '2022-07-13', 'Economics'),
(61, '2024-04-28', 'Renewable Energy'),
(70, '2016-06-01', 'Computer Science'),
(81, '2017-08-26', 'Speech Pathology'),
(87, '2024-03-07', 'Biochemistry'),
(91, '2021-06-05', 'Urban Planning'),
(95, '2023-09-27', 'Film Studies'),
(102, '2016-09-13', 'Nutrition'),
(110, '2015-11-28', 'Meteorology'),
(115, '2017-04-23', 'Geography'),
(116, '2015-11-22', 'Statistics'),
(119, '2014-10-10', 'Human Resources'),
(123, '2021-10-08', 'Criminal Justice'),
(124, '2014-07-16', 'Systems Engineering'),
(125, '2015-11-21', 'Microbiology'),
(126, '2022-03-30', 'Pharmacy'),
(134, '2018-07-24', 'Linguistics'),
(136, '2020-08-17', 'Sociology'),
(137, '2024-02-21', 'Urban Planning'),
(139, '2015-03-10', 'Economics'),
(142, '2019-01-20', 'Human Resources'),
(145, '2015-02-12', 'Earth Sciences'),
(162, '2019-03-24', 'Sustainability Studies'),
(167, '2015-02-25', 'Chemistry'),
(171, '2017-01-31', 'Occupational Therapy'),
(173, '2015-08-25', 'Agriculture'),
(183, '2017-10-30', 'Data Science'),
(192, '2017-03-19', 'Agriculture'),
(203, '2020-09-21', 'Astronomy'),
(209, '2015-05-11', 'Visual Arts'),
(210, '2021-07-25', 'Philosophy'),
(212, '2021-07-18', 'Architecture'),
(213, '2019-02-12', 'Nursing'),
(219, '2022-07-18', 'Human Resources'),
(224, '2020-03-31', 'Electrical Engineering'),
(228, '2019-06-13', 'Religious Studies'),
(238, '2016-07-05', 'Horticulture'),
(248, '2019-05-14', 'Womens Studies'),
(253, '2021-02-13', 'Horticulture'),
(255, '2016-10-26', 'Environmental Science'),
(260, '2020-03-05', 'Gerontology'),
(265, '2016-10-15', 'Marketing'),
(274, '2018-02-16', 'Materials Science'),
(280, '2023-11-14', 'Supply Chain Management'),
(287, '2017-01-27', 'Toxicology'),
(289, '2015-04-06', 'Earth Sciences'),
(292, '2022-04-11', 'Meteorology'),
(299, '2019-04-07', 'Applied Mathematics'),
(305, '2022-08-27', 'Health Sciences'),
(307, '2019-07-26', 'Economics'),
(320, '2020-03-25', 'Sports Management'),
(324, '2015-10-04', 'Forensic Science'),
(332, '2024-03-16', 'Forensic Science'),
(338, '2017-05-21', 'Forestry'),
(346, '2017-09-29', 'Communication'),
(351, '2015-03-10', 'Systems Engineering'),
(358, '2021-05-19', 'Chemistry'),
(360, '2021-11-29', 'Medicine'),
(364, '2015-11-13', 'Ethnic Studies'),
(369, '2023-12-31', 'Information Technology'),
(388, '2021-01-08', 'Information Technology'),
(390, '2018-05-16', 'Forestry'),
(391, '2015-09-15', 'Film Studies'),
(395, '2016-03-21', 'Gerontology'),
(396, '2017-12-31', 'Theatre');

/*markdown
# Insert `STUDENT_COURSE`
*/

INSERT INTO STUDENT_COURSE (student_id, course_id, signup_date) VALUES
(138, 378, '2022-03-15'),
(138, 15, '2021-11-03'),
(138, 102, '2024-06-10'),
(138, 355, '2021-03-21'),
(138, 344, '2023-10-21'),
(105, 320, '2022-07-18'),
(105, 216, '2022-02-24'),
(105, 191, '2024-03-20'),
(105, 72, '2024-05-03'),
(64, 145, '2023-01-21'),
(64, 129, '2020-12-04'),
(64, 154, '2021-02-06'),
(64, 135, '2024-02-03'),
(64, 313, '2024-02-06'),
(195, 74, '2021-07-26'),
(195, 129, '2020-10-30'),
(195, 185, '2021-06-15'),
(195, 359, '2022-09-22'),
(195, 177, '2023-12-17'),
(168, 152, '2022-07-27'),
(168, 94, '2021-06-14'),
(168, 209, '2023-03-29'),
(168, 339, '2022-10-27'),
(168, 1, '2021-06-26'),
(257, 184, '2022-12-13'),
(257, 132, '2023-08-06'),
(257, 355, '2020-12-08'),
(257, 242, '2021-07-04'),
(389, 32, '2022-08-23'),
(389, 61, '2022-11-30'),
(315, 364, '2020-11-09'),
(315, 104, '2021-11-05'),
(311, 136, '2020-11-16'),
(311, 111, '2020-08-07'),
(311, 336, '2021-05-26'),
(272, 22, '2022-12-15'),
(154, 21, '2022-04-14'),
(154, 204, '2022-11-29'),
(154, 90, '2024-05-11'),
(154, 79, '2024-05-29'),
(380, 27, '2020-10-01'),
(352, 383, '2022-08-08'),
(352, 36, '2021-01-03'),
(352, 230, '2023-12-01'),
(352, 366, '2020-12-12'),
(325, 258, '2022-07-22'),
(159, 318, '2021-11-12'),
(159, 204, '2023-06-23'),
(159, 95, '2023-05-12'),
(159, 220, '2022-07-14'),
(234, 98, '2022-04-27'),
(234, 288, '2022-02-11'),
(234, 121, '2021-02-27'),
(304, 261, '2023-02-18'),
(304, 42, '2023-05-28'),
(304, 152, '2020-11-18'),
(304, 113, '2022-07-26'),
(169, 139, '2020-12-07'),
(169, 91, '2021-03-20'),
(362, 134, '2022-10-03'),
(33, 225, '2021-05-23'),
(33, 386, '2021-09-28'),
(264, 201, '2021-09-11'),
(19, 354, '2021-07-20'),
(223, 179, '2023-04-23'),
(223, 318, '2022-11-04'),
(223, 96, '2020-06-28'),
(347, 289, '2023-09-10'),
(347, 120, '2020-10-25'),
(347, 19, '2021-01-07'),
(347, 309, '2023-01-08'),
(347, 170, '2022-01-18'),
(4, 120, '2023-07-30'),
(75, 102, '2022-04-03'),
(75, 162, '2021-04-09'),
(294, 133, '2022-10-17'),
(294, 141, '2021-10-05'),
(294, 54, '2023-10-06'),
(288, 82, '2022-12-26'),
(288, 399, '2024-01-30'),
(288, 3, '2023-01-18'),
(288, 154, '2024-02-28'),
(288, 385, '2021-01-04'),
(65, 126, '2022-06-03'),
(65, 56, '2022-12-12'),
(65, 119, '2021-01-31'),
(40, 190, '2023-04-17'),
(40, 303, '2021-12-25'),
(93, 74, '2021-11-08'),
(93, 228, '2024-05-19'),
(93, 259, '2023-06-17'),
(93, 319, '2023-08-12'),
(334, 64, '2021-12-06'),
(215, 166, '2021-09-11'),
(215, 307, '2023-02-05'),
(215, 305, '2020-07-23'),
(215, 174, '2024-05-07'),
(215, 240, '2023-03-09'),
(286, 135, '2020-12-03'),
(286, 267, '2020-07-11'),
(286, 53, '2023-03-27'),
(51, 146, '2021-12-26'),
(51, 36, '2023-06-24'),
(51, 7, '2024-01-12'),
(51, 118, '2023-03-26'),
(51, 238, '2024-01-24'),
(86, 205, '2021-02-23'),
(86, 139, '2021-04-16'),
(86, 149, '2024-04-02'),
(86, 294, '2020-12-27'),
(191, 351, '2024-01-08'),
(10, 43, '2024-04-19'),
(10, 370, '2020-07-15'),
(10, 342, '2024-05-10'),
(226, 143, '2021-06-19'),
(226, 15, '2023-02-11'),
(226, 314, '2022-04-26'),
(226, 286, '2020-09-19'),
(266, 390, '2023-03-20'),
(6, 353, '2024-02-01'),
(6, 241, '2021-08-23'),
(6, 10, '2024-03-14'),
(6, 124, '2024-03-30'),
(6, 359, '2022-08-01'),
(54, 245, '2023-12-15'),
(54, 19, '2024-03-28'),
(54, 163, '2021-02-05'),
(230, 262, '2023-02-11'),
(230, 232, '2022-10-26'),
(291, 49, '2021-08-22'),
(291, 122, '2023-06-15'),
(135, 51, '2023-03-05'),
(317, 100, '2023-04-25'),
(317, 197, '2022-10-31'),
(317, 208, '2022-04-29'),
(329, 317, '2020-07-14'),
(205, 398, '2021-09-10'),
(205, 39, '2023-04-10'),
(235, 317, '2021-09-13'),
(235, 37, '2022-04-17'),
(235, 186, '2021-04-14'),
(235, 262, '2021-10-20'),
(235, 183, '2023-10-08'),
(281, 101, '2020-09-01'),
(281, 63, '2021-12-11'),
(281, 25, '2022-12-09'),
(277, 62, '2020-09-07'),
(211, 359, '2024-03-14'),
(211, 292, '2024-03-02'),
(211, 134, '2023-12-09'),
(211, 133, '2022-10-20'),
(211, 174, '2023-02-24'),
(5, 27, '2023-08-26'),
(5, 59, '2023-05-20'),
(5, 50, '2021-03-09'),
(149, 22, '2022-11-15'),
(149, 294, '2023-11-06'),
(112, 136, '2023-10-05'),
(112, 349, '2024-01-31'),
(112, 149, '2021-10-01'),
(112, 206, '2024-01-26'),
(342, 98, '2020-10-09'),
(342, 240, '2022-01-26'),
(36, 209, '2023-03-04'),
(36, 164, '2023-02-15'),
(36, 20, '2020-10-31'),
(36, 309, '2023-05-03'),
(36, 365, '2020-09-29'),
(178, 241, '2021-04-16'),
(178, 287, '2022-06-18'),
(382, 103, '2023-12-03'),
(382, 247, '2022-07-26'),
(382, 160, '2021-06-28'),
(184, 125, '2024-02-01'),
(184, 47, '2020-11-03'),
(377, 188, '2022-09-13'),
(314, 70, '2024-05-26'),
(20, 376, '2022-09-21'),
(399, 94, '2021-01-25'),
(399, 391, '2020-08-02'),
(399, 162, '2022-12-22'),
(399, 318, '2020-11-29'),
(165, 335, '2023-10-11'),
(165, 348, '2024-02-25'),
(165, 19, '2021-05-02'),
(361, 240, '2021-06-06'),
(361, 277, '2022-03-20'),
(361, 19, '2022-09-08'),
(361, 13, '2021-12-29'),
(133, 274, '2023-01-20'),
(133, 107, '2021-07-15'),
(133, 34, '2023-09-23'),
(133, 26, '2023-03-25'),
(133, 82, '2021-02-18'),
(336, 49, '2021-02-13'),
(336, 63, '2021-06-19'),
(57, 140, '2023-05-30'),
(57, 74, '2024-05-07'),
(57, 138, '2022-12-04'),
(57, 254, '2022-10-13'),
(66, 306, '2024-03-28'),
(66, 6, '2020-07-17'),
(66, 157, '2020-09-26'),
(66, 231, '2020-09-22'),
(66, 232, '2023-04-10'),
(379, 91, '2021-09-14'),
(379, 343, '2023-08-20'),
(308, 125, '2023-07-16'),
(308, 222, '2021-08-10'),
(308, 118, '2023-05-08'),
(270, 293, '2020-07-03'),
(270, 306, '2024-05-25'),
(246, 259, '2020-07-24'),
(246, 160, '2023-02-27'),
(375, 95, '2024-01-29'),
(375, 134, '2021-07-19'),
(375, 7, '2020-09-01'),
(375, 261, '2022-05-20'),
(375, 350, '2021-11-20'),
(89, 126, '2023-08-29'),
(350, 383, '2021-06-04'),
(350, 14, '2023-04-25'),
(381, 313, '2024-05-04'),
(381, 87, '2021-07-25'),
(220, 2, '2022-01-29'),
(220, 74, '2021-11-25'),
(220, 135, '2022-05-09'),
(49, 271, '2022-03-01'),
(49, 169, '2023-02-27'),
(49, 195, '2023-01-23'),
(49, 373, '2022-05-15'),
(48, 110, '2022-06-19'),
(48, 142, '2024-04-20'),
(48, 102, '2022-06-13'),
(48, 70, '2024-04-10'),
(48, 103, '2022-04-29'),
(214, 20, '2021-09-28'),
(353, 219, '2023-05-03'),
(353, 309, '2022-06-17'),
(77, 398, '2022-08-09'),
(77, 305, '2020-10-19'),
(77, 72, '2024-01-14'),
(392, 324, '2022-04-11'),
(392, 199, '2022-09-05'),
(216, 349, '2021-03-28'),
(216, 31, '2022-04-12'),
(216, 227, '2022-02-24'),
(216, 90, '2020-10-23'),
(208, 281, '2022-01-28'),
(208, 192, '2022-02-07'),
(208, 113, '2021-01-27'),
(348, 243, '2022-06-08'),
(348, 249, '2023-11-26'),
(348, 109, '2020-09-23'),
(348, 302, '2023-11-26'),
(267, 72, '2020-12-20'),
(267, 136, '2023-10-29'),
(267, 376, '2022-05-04'),
(267, 229, '2021-10-17'),
(267, 208, '2023-04-03'),
(262, 253, '2024-01-27'),
(262, 72, '2022-05-30'),
(262, 122, '2023-03-18'),
(312, 90, '2021-06-29'),
(242, 378, '2021-01-21'),
(242, 269, '2021-03-08'),
(207, 183, '2021-10-09'),
(207, 390, '2023-09-10'),
(207, 353, '2020-08-07'),
(207, 313, '2022-01-20'),
(207, 341, '2020-06-30'),
(30, 81, '2023-08-09'),
(30, 187, '2020-08-28'),
(30, 65, '2022-03-24'),
(30, 189, '2020-08-16'),
(85, 147, '2023-02-18'),
(85, 196, '2022-01-10'),
(285, 363, '2022-08-03'),
(22, 78, '2020-10-26'),
(309, 332, '2021-10-05'),
(309, 271, '2021-05-27'),
(309, 119, '2024-05-05'),
(309, 306, '2022-03-14'),
(309, 364, '2020-12-16'),
(120, 369, '2021-02-03'),
(310, 202, '2021-03-23'),
(310, 167, '2021-03-30'),
(310, 385, '2022-10-15'),
(310, 180, '2022-10-28'),
(310, 382, '2021-12-21'),
(140, 221, '2023-04-18'),
(140, 102, '2022-03-13'),
(140, 261, '2021-10-05'),
(161, 12, '2024-06-04'),
(161, 285, '2021-04-09'),
(71, 385, '2021-11-30'),
(71, 318, '2021-06-26'),
(71, 169, '2022-09-14'),
(71, 12, '2021-01-01'),
(71, 307, '2022-10-10'),
(303, 328, '2022-03-27'),
(303, 261, '2021-01-12'),
(303, 295, '2024-01-21'),
(397, 279, '2020-12-16'),
(397, 195, '2024-04-11'),
(397, 376, '2021-09-12'),
(16, 337, '2022-01-10'),
(16, 202, '2024-04-07'),
(218, 112, '2023-08-10'),
(218, 85, '2024-04-23'),
(146, 27, '2022-10-01'),
(146, 4, '2021-07-10'),
(146, 97, '2023-12-07'),
(394, 192, '2022-01-13'),
(394, 117, '2022-09-26'),
(394, 26, '2024-01-07'),
(394, 262, '2021-10-08'),
(394, 370, '2022-12-19'),
(152, 290, '2022-02-09'),
(152, 274, '2022-06-30'),
(152, 281, '2021-06-24'),
(152, 165, '2021-03-26'),
(152, 46, '2023-12-29'),
(335, 9, '2021-07-24'),
(335, 261, '2021-12-30'),
(335, 195, '2022-01-25'),
(232, 289, '2023-12-18'),
(232, 229, '2022-01-18'),
(232, 224, '2021-09-18'),
(232, 321, '2024-02-20'),
(232, 202, '2020-08-25'),
(367, 396, '2022-06-28'),
(367, 334, '2024-01-01'),
(367, 271, '2022-10-30'),
(283, 283, '2020-08-26'),
(283, 168, '2020-12-17'),
(383, 110, '2024-02-02'),
(261, 144, '2021-03-08'),
(261, 151, '2021-04-25'),
(261, 270, '2021-10-07'),
(113, 157, '2024-05-02'),
(113, 11, '2024-04-12'),
(141, 217, '2022-05-12'),
(141, 3, '2021-06-15'),
(141, 10, '2020-12-28'),
(141, 86, '2022-12-28'),
(301, 169, '2024-05-01'),
(301, 88, '2020-09-13'),
(301, 303, '2023-07-26'),
(284, 143, '2021-01-19'),
(284, 181, '2020-11-30'),
(284, 125, '2024-04-02'),
(284, 208, '2021-11-03'),
(284, 352, '2022-01-14'),
(72, 354, '2021-06-21'),
(72, 158, '2023-07-18'),
(72, 86, '2020-12-29'),
(72, 127, '2022-05-11'),
(15, 139, '2021-05-19'),
(15, 100, '2024-01-18'),
(15, 49, '2023-11-14'),
(15, 228, '2021-04-19'),
(94, 89, '2023-07-03'),
(94, 378, '2023-11-07'),
(94, 291, '2022-05-02'),
(94, 135, '2022-04-23'),
(94, 235, '2021-12-21'),
(290, 209, '2022-08-29'),
(290, 41, '2021-08-30'),
(290, 99, '2024-05-16'),
(290, 315, '2023-09-08'),
(17, 59, '2023-08-09'),
(17, 286, '2021-01-24'),
(17, 328, '2024-06-06'),
(153, 337, '2021-02-04'),
(328, 305, '2023-04-12'),
(328, 109, '2021-01-05'),
(328, 129, '2021-11-21'),
(370, 43, '2020-08-13'),
(370, 301, '2021-02-08'),
(370, 377, '2023-11-11'),
(370, 107, '2023-12-21'),
(297, 309, '2022-01-13'),
(297, 236, '2023-06-21'),
(297, 241, '2021-10-30'),
(297, 15, '2022-07-09'),
(50, 100, '2021-04-18'),
(50, 136, '2022-12-24'),
(50, 290, '2021-10-11'),
(245, 369, '2020-08-01'),
(245, 15, '2022-05-01'),
(245, 208, '2022-05-28'),
(245, 10, '2021-05-26'),
(1, 16, '2024-02-03'),
(1, 74, '2020-10-23'),
(1, 371, '2023-08-28'),
(180, 30, '2021-09-21'),
(180, 243, '2022-04-16'),
(180, 13, '2022-07-16'),
(180, 183, '2023-07-22'),
(29, 135, '2022-07-03'),
(198, 17, '2022-09-06'),
(79, 186, '2023-04-30'),
(79, 198, '2021-01-12'),
(79, 157, '2023-11-10'),
(271, 65, '2020-10-01'),
(271, 44, '2021-03-21'),
(271, 317, '2021-04-08'),
(88, 265, '2022-04-24'),
(96, 178, '2022-02-24'),
(96, 105, '2022-10-03'),
(96, 362, '2022-01-25'),
(366, 292, '2021-06-21'),
(366, 386, '2023-07-05'),
(366, 338, '2022-02-21'),
(182, 163, '2021-12-26'),
(182, 298, '2022-07-22'),
(182, 154, '2020-09-22'),
(182, 205, '2021-07-04'),
(182, 117, '2022-03-23'),
(166, 99, '2022-05-07'),
(166, 300, '2021-09-01'),
(166, 367, '2024-01-15'),
(166, 167, '2022-03-02'),
(204, 363, '2024-03-23'),
(204, 124, '2023-07-05'),
(204, 55, '2022-10-23'),
(204, 217, '2024-01-26'),
(204, 134, '2022-03-25'),
(268, 328, '2020-09-13'),
(163, 331, '2021-08-09'),
(163, 304, '2022-05-11'),
(163, 150, '2021-01-03'),
(163, 158, '2024-06-18'),
(163, 194, '2024-06-20'),
(341, 38, '2021-04-21'),
(341, 363, '2020-09-02'),
(341, 61, '2024-05-30'),
(341, 98, '2024-05-06'),
(341, 261, '2023-07-09'),
(189, 315, '2021-05-19'),
(322, 394, '2022-08-04'),
(345, 262, '2023-09-20'),
(345, 242, '2024-06-16'),
(345, 136, '2022-02-14'),
(345, 202, '2021-01-18'),
(345, 127, '2022-12-10'),
(237, 239, '2021-03-10'),
(237, 283, '2022-08-08'),
(237, 155, '2023-07-02'),
(237, 190, '2024-02-04'),
(237, 346, '2022-11-18'),
(31, 76, '2023-12-20'),
(31, 200, '2021-05-03'),
(46, 273, '2024-02-05'),
(46, 64, '2021-06-22'),
(46, 30, '2022-11-12'),
(46, 178, '2022-10-19'),
(46, 57, '2021-04-05'),
(104, 191, '2022-02-26'),
(104, 369, '2023-03-24'),
(384, 87, '2023-05-16'),
(384, 395, '2020-09-11'),
(384, 257, '2024-01-13'),
(384, 331, '2021-05-23'),
(384, 91, '2021-02-22'),
(331, 190, '2023-02-12'),
(331, 24, '2021-07-29'),
(331, 325, '2022-02-25'),
(331, 269, '2024-02-17'),
(331, 174, '2024-06-08'),
(127, 59, '2021-10-16'),
(127, 67, '2024-02-09'),
(127, 5, '2023-01-24'),
(127, 361, '2024-04-25'),
(127, 92, '2021-06-12'),
(247, 339, '2022-11-20'),
(247, 378, '2020-08-11'),
(247, 70, '2021-02-15'),
(356, 258, '2022-11-01'),
(356, 276, '2021-04-14'),
(143, 130, '2022-06-21'),
(143, 209, '2021-02-20'),
(143, 258, '2022-11-13'),
(52, 275, '2022-02-18'),
(52, 324, '2021-12-20'),
(52, 365, '2023-09-22'),
(52, 399, '2021-07-10'),
(359, 156, '2024-05-14'),
(359, 120, '2021-06-26'),
(227, 111, '2023-11-04'),
(227, 390, '2021-12-13'),
(227, 91, '2024-05-22'),
(227, 66, '2022-12-07'),
(131, 356, '2022-11-27'),
(131, 366, '2023-04-20'),
(131, 337, '2021-11-16'),
(131, 266, '2022-08-17'),
(131, 297, '2023-09-22'),
(47, 204, '2022-03-09'),
(47, 380, '2024-04-24'),
(47, 295, '2021-07-30'),
(47, 179, '2021-07-14'),
(47, 169, '2021-12-04'),
(326, 248, '2020-09-08'),
(326, 396, '2022-02-18'),
(326, 217, '2021-04-25'),
(326, 255, '2023-07-03'),
(250, 335, '2022-05-25'),
(250, 338, '2023-07-02'),
(295, 61, '2022-09-12'),
(295, 103, '2022-08-13'),
(278, 397, '2024-05-01'),
(278, 339, '2022-05-09'),
(63, 261, '2021-06-20'),
(63, 365, '2024-01-08'),
(63, 275, '2021-02-04'),
(63, 171, '2024-01-31'),
(385, 297, '2022-03-03'),
(385, 63, '2020-08-20'),
(385, 217, '2021-03-29'),
(316, 277, '2023-03-19'),
(316, 21, '2021-01-16'),
(316, 255, '2023-01-12'),
(316, 166, '2024-02-12'),
(316, 200, '2023-09-09'),
(170, 211, '2023-03-04'),
(170, 26, '2020-09-16'),
(170, 176, '2020-09-28'),
(170, 330, '2020-09-06'),
(170, 303, '2020-11-28'),
(357, 243, '2022-10-16'),
(129, 199, '2023-08-08'),
(129, 197, '2023-06-27'),
(55, 180, '2024-04-03'),
(55, 188, '2021-03-09'),
(355, 248, '2021-07-30'),
(355, 84, '2022-09-26'),
(355, 178, '2021-03-18'),
(355, 388, '2022-09-13'),
(225, 76, '2023-08-24'),
(225, 170, '2022-09-09'),
(225, 256, '2020-10-26'),
(225, 341, '2023-10-18'),
(225, 87, '2022-12-03'),
(387, 317, '2020-10-10'),
(387, 278, '2024-06-13'),
(387, 169, '2023-03-12'),
(387, 214, '2021-08-31'),
(34, 161, '2020-08-24'),
(371, 147, '2022-05-27'),
(371, 317, '2021-08-30'),
(371, 277, '2023-11-05'),
(251, 35, '2022-10-12'),
(251, 112, '2022-09-26'),
(251, 145, '2023-06-23'),
(251, 136, '2022-06-17'),
(251, 365, '2020-09-30'),
(175, 382, '2020-12-17'),
(258, 142, '2020-12-17'),
(258, 97, '2022-03-09'),
(258, 60, '2023-01-02'),
(258, 99, '2023-12-30'),
(258, 245, '2022-12-16'),
(100, 187, '2023-07-05'),
(100, 209, '2022-01-31'),
(100, 348, '2022-05-11'),
(100, 389, '2020-07-05'),
(100, 365, '2022-01-01'),
(109, 246, '2020-09-16'),
(109, 185, '2021-04-28'),
(109, 353, '2023-10-21'),
(293, 359, '2022-07-03'),
(293, 20, '2022-07-12'),
(293, 179, '2020-11-15'),
(293, 108, '2023-01-14'),
(147, 158, '2020-10-20'),
(147, 288, '2023-12-24'),
(147, 33, '2022-01-22'),
(185, 214, '2021-07-25'),
(185, 259, '2023-12-20'),
(185, 176, '2022-11-07'),
(185, 284, '2022-05-31'),
(185, 386, '2021-12-16'),
(160, 184, '2024-05-20'),
(160, 215, '2023-04-11'),
(160, 91, '2021-02-26'),
(160, 217, '2024-05-30'),
(160, 196, '2023-11-04'),
(249, 294, '2021-07-23'),
(249, 282, '2021-05-09'),
(249, 49, '2022-09-18'),
(164, 393, '2020-07-01'),
(164, 382, '2023-02-08'),
(164, 338, '2021-11-27'),
(164, 181, '2023-07-20'),
(296, 288, '2021-08-01'),
(296, 222, '2023-01-01'),
(62, 52, '2023-10-18'),
(62, 239, '2021-05-08'),
(62, 121, '2023-06-27'),
(62, 9, '2022-07-25'),
(62, 377, '2021-06-01'),
(39, 208, '2024-06-23'),
(39, 214, '2023-03-16'),
(187, 99, '2021-08-29'),
(187, 29, '2020-10-22'),
(187, 221, '2024-06-12'),
(363, 18, '2020-11-16'),
(363, 132, '2020-11-29'),
(363, 35, '2021-10-19'),
(306, 16, '2021-12-02'),
(306, 143, '2024-03-23'),
(306, 182, '2024-01-09'),
(306, 335, '2023-09-14'),
(73, 207, '2021-05-26'),
(73, 308, '2023-02-14'),
(231, 31, '2020-09-10'),
(53, 4, '2022-11-09'),
(53, 75, '2022-06-25'),
(53, 271, '2023-03-12'),
(53, 293, '2024-03-10'),
(53, 228, '2021-10-03'),
(190, 110, '2021-11-10'),
(32, 336, '2023-08-08'),
(32, 9, '2023-10-30'),
(32, 213, '2022-01-10'),
(32, 299, '2024-04-25'),
(263, 318, '2021-03-26'),
(263, 154, '2021-12-16'),
(263, 220, '2022-06-21'),
(229, 64, '2023-05-28'),
(229, 29, '2024-05-09'),
(229, 11, '2021-04-13'),
(229, 290, '2020-11-14'),
(229, 92, '2023-01-06'),
(241, 170, '2021-10-25'),
(241, 54, '2023-11-11'),
(241, 98, '2022-01-14'),
(241, 111, '2022-06-22'),
(241, 141, '2022-08-09'),
(60, 14, '2024-04-16'),
(176, 103, '2022-05-03'),
(176, 264, '2020-11-19'),
(42, 134, '2023-05-01'),
(42, 153, '2021-02-08'),
(117, 252, '2024-03-28'),
(117, 376, '2020-09-29'),
(117, 237, '2022-02-27'),
(117, 385, '2022-12-10'),
(117, 345, '2021-10-14'),
(240, 297, '2022-09-23'),
(240, 43, '2021-02-08'),
(240, 247, '2021-01-12'),
(240, 353, '2021-04-09'),
(372, 339, '2024-06-17'),
(372, 373, '2022-10-14'),
(372, 176, '2021-09-20'),
(372, 115, '2022-01-05'),
(372, 167, '2022-01-16'),
(376, 100, '2022-04-21'),
(376, 343, '2023-02-28'),
(339, 139, '2021-04-11'),
(68, 27, '2022-02-16'),
(68, 305, '2021-08-07'),
(68, 54, '2021-05-23'),
(103, 40, '2021-09-24'),
(103, 344, '2023-03-29'),
(103, 215, '2024-03-05'),
(103, 65, '2024-05-25'),
(3, 215, '2023-10-13'),
(3, 256, '2024-03-25'),
(3, 297, '2020-10-24'),
(69, 295, '2022-07-07'),
(298, 122, '2021-12-05'),
(158, 181, '2023-09-21'),
(158, 343, '2022-10-04'),
(158, 153, '2021-12-20'),
(158, 136, '2023-02-13'),
(269, 140, '2023-03-09'),
(300, 210, '2023-10-16'),
(300, 254, '2023-07-04'),
(300, 234, '2022-03-16'),
(300, 45, '2021-03-12'),
(174, 131, '2023-11-22'),
(174, 33, '2020-08-21'),
(174, 253, '2023-05-17'),
(386, 246, '2023-04-22'),
(156, 383, '2023-06-03'),
(156, 93, '2023-01-30'),
(43, 34, '2023-11-06'),
(43, 186, '2021-02-25'),
(179, 212, '2023-12-27'),
(179, 156, '2021-10-18'),
(179, 157, '2020-12-03'),
(179, 91, '2021-01-31'),
(365, 192, '2023-07-02'),
(365, 65, '2022-12-06'),
(118, 69, '2021-10-10'),
(118, 119, '2023-06-19'),
(118, 136, '2022-07-19'),
(118, 214, '2020-08-24'),
(118, 53, '2021-11-25'),
(130, 287, '2020-10-18'),
(130, 232, '2022-11-14'),
(130, 157, '2021-01-01'),
(222, 240, '2024-02-20'),
(222, 363, '2021-06-08'),
(222, 301, '2022-12-04'),
(222, 52, '2021-02-09'),
(99, 131, '2021-01-07'),
(99, 345, '2021-05-04'),
(313, 171, '2021-07-17'),
(313, 25, '2023-02-05'),
(256, 123, '2024-06-04'),
(279, 95, '2022-02-01'),
(279, 308, '2024-03-03'),
(279, 104, '2023-07-14'),
(279, 271, '2024-01-23'),
(172, 353, '2020-07-08'),
(172, 38, '2022-01-19'),
(172, 361, '2021-07-25'),
(333, 257, '2023-02-08'),
(333, 131, '2023-01-13'),
(202, 261, '2022-08-25'),
(202, 378, '2022-10-04'),
(202, 165, '2022-05-21'),
(202, 235, '2022-06-24'),
(273, 51, '2021-03-27'),
(273, 336, '2021-10-14'),
(273, 49, '2022-01-07'),
(273, 274, '2022-08-29'),
(273, 4, '2024-03-19'),
(84, 308, '2021-10-09'),
(144, 371, '2021-03-24'),
(144, 57, '2022-03-09'),
(144, 352, '2020-07-04'),
(327, 288, '2022-11-04'),
(327, 345, '2021-11-29'),
(349, 230, '2022-02-27'),
(349, 318, '2022-02-14'),
(349, 140, '2023-04-25'),
(349, 28, '2022-03-27'),
(349, 146, '2021-07-19'),
(200, 5, '2023-06-08'),
(200, 197, '2022-06-29'),
(200, 126, '2023-03-07'),
(200, 387, '2021-06-23'),
(200, 18, '2024-05-24'),
(236, 294, '2021-05-18'),
(236, 160, '2021-12-24'),
(236, 90, '2020-09-24'),
(236, 377, '2022-10-26'),
(343, 203, '2021-04-28'),
(343, 384, '2022-07-27'),
(343, 121, '2022-12-23'),
(343, 7, '2024-04-17'),
(343, 270, '2023-01-18'),
(76, 292, '2023-05-18'),
(76, 322, '2021-03-02'),
(76, 346, '2020-12-04'),
(76, 66, '2022-01-26'),
(76, 396, '2022-06-23'),
(378, 391, '2022-11-15'),
(378, 374, '2021-01-18'),
(378, 120, '2021-04-22'),
(378, 362, '2021-04-09'),
(378, 385, '2024-02-10'),
(45, 139, '2021-12-19'),
(45, 271, '2020-11-11'),
(45, 96, '2022-04-12'),
(45, 32, '2020-07-30'),
(45, 63, '2024-02-04'),
(26, 339, '2022-07-01'),
(26, 203, '2022-01-21'),
(26, 283, '2023-07-15'),
(26, 205, '2024-03-15'),
(26, 70, '2024-05-14'),
(194, 220, '2023-03-28'),
(194, 73, '2024-02-08'),
(194, 187, '2022-09-05'),
(107, 311, '2023-10-16'),
(106, 135, '2021-04-17'),
(106, 308, '2022-10-16'),
(106, 268, '2024-02-02'),
(106, 130, '2022-09-12'),
(101, 44, '2020-12-25'),
(101, 63, '2022-10-18'),
(101, 303, '2024-04-04'),
(101, 135, '2024-03-31'),
(101, 396, '2022-10-29'),
(321, 146, '2021-11-26'),
(321, 43, '2020-11-02'),
(321, 366, '2021-02-19'),
(132, 266, '2022-08-29'),
(132, 109, '2020-11-17'),
(132, 220, '2023-05-21'),
(132, 5, '2021-01-11'),
(233, 180, '2024-02-12'),
(233, 291, '2022-07-04'),
(233, 314, '2021-12-04'),
(233, 318, '2024-04-16'),
(83, 219, '2022-12-05'),
(83, 372, '2023-02-13'),
(83, 11, '2023-11-18'),
(221, 108, '2022-05-26'),
(398, 333, '2020-11-29'),
(398, 8, '2021-02-04'),
(398, 223, '2023-11-22'),
(318, 101, '2022-10-13'),
(318, 311, '2024-01-19'),
(344, 335, '2023-11-21'),
(344, 187, '2022-04-03'),
(344, 134, '2020-07-01'),
(344, 394, '2020-07-06'),
(344, 30, '2024-05-23'),
(259, 332, '2021-12-05'),
(330, 73, '2021-02-23'),
(330, 329, '2021-08-24'),
(330, 232, '2024-02-17'),
(330, 298, '2022-07-28'),
(330, 361, '2020-07-15'),
(121, 189, '2021-06-11'),
(244, 258, '2021-04-23'),
(393, 143, '2022-12-13'),
(393, 179, '2020-07-22'),
(393, 224, '2022-01-03'),
(393, 393, '2021-11-29'),
(23, 358, '2021-09-06'),
(23, 215, '2023-01-22'),
(23, 365, '2022-12-02'),
(23, 317, '2020-08-26'),
(23, 378, '2022-01-28'),
(90, 278, '2024-01-02'),
(74, 71, '2022-08-05'),
(74, 99, '2022-03-07'),
(74, 98, '2021-05-21'),
(74, 182, '2022-03-15'),
(74, 12, '2023-11-25'),
(108, 394, '2023-03-01'),
(373, 388, '2021-04-07'),
(148, 266, '2020-07-26'),
(148, 298, '2022-02-07'),
(148, 276, '2023-02-05'),
(148, 74, '2021-07-17'),
(148, 97, '2023-06-10'),
(188, 185, '2020-12-17'),
(188, 390, '2021-06-27'),
(337, 55, '2024-03-06'),
(337, 97, '2023-10-22'),
(337, 245, '2022-09-07'),
(337, 35, '2023-02-11'),
(111, 294, '2020-10-20'),
(111, 7, '2022-06-28'),
(111, 336, '2022-09-07'),
(111, 348, '2020-12-29'),
(111, 146, '2022-01-07'),
(201, 78, '2022-04-01'),
(201, 47, '2023-04-09'),
(7, 74, '2021-07-09'),
(7, 200, '2024-05-07'),
(7, 383, '2023-01-27'),
(186, 134, '2022-03-29'),
(252, 312, '2024-02-29'),
(252, 290, '2023-01-22'),
(252, 81, '2023-03-24'),
(252, 95, '2022-07-25'),
(252, 142, '2023-05-17'),
(155, 13, '2021-12-27'),
(155, 218, '2022-02-06'),
(155, 285, '2020-10-02'),
(155, 277, '2022-02-08'),
(155, 149, '2021-06-02'),
(37, 318, '2021-06-18'),
(37, 384, '2022-02-27'),
(37, 221, '2021-05-27'),
(37, 203, '2022-10-04'),
(98, 124, '2023-03-02'),
(98, 297, '2023-08-17'),
(98, 35, '2021-05-17'),
(98, 154, '2021-04-14'),
(80, 345, '2021-07-05'),
(80, 269, '2023-08-29'),
(177, 253, '2022-06-08'),
(177, 30, '2022-08-01'),
(177, 292, '2020-12-26'),
(177, 249, '2020-07-10'),
(78, 51, '2021-10-01'),
(78, 248, '2024-03-13'),
(78, 98, '2023-04-08'),
(78, 118, '2022-02-11'),
(122, 280, '2021-02-25'),
(239, 189, '2024-02-24'),
(239, 74, '2022-08-25'),
(239, 83, '2020-10-04'),
(67, 232, '2024-04-22'),
(67, 2, '2023-07-23'),
(254, 162, '2022-07-05'),
(181, 380, '2023-06-09'),
(181, 390, '2023-05-15'),
(181, 101, '2022-08-31'),
(181, 319, '2021-03-04'),
(181, 265, '2023-06-18'),
(157, 143, '2023-10-06'),
(157, 149, '2022-07-12'),
(157, 50, '2023-11-20'),
(275, 68, '2020-08-30'),
(275, 342, '2020-07-05'),
(275, 295, '2020-12-05'),
(275, 183, '2024-05-14'),
(97, 35, '2023-01-01'),
(97, 375, '2023-09-18'),
(97, 175, '2022-04-20'),
(97, 349, '2022-06-09'),
(97, 285, '2023-08-29'),
(27, 152, '2023-07-03'),
(27, 291, '2023-04-08'),
(27, 34, '2023-08-08'),
(27, 41, '2022-02-20'),
(27, 48, '2024-01-01'),
(196, 370, '2022-03-24'),
(196, 54, '2021-06-17'),
(196, 196, '2023-09-20'),
(302, 268, '2020-09-30'),
(302, 178, '2021-12-30'),
(302, 296, '2021-10-09'),
(302, 139, '2023-07-19'),
(323, 239, '2023-07-14'),
(323, 267, '2024-02-15'),
(151, 27, '2023-03-28'),
(151, 210, '2021-09-13'),
(151, 48, '2022-01-27'),
(368, 265, '2023-12-12'),
(368, 161, '2022-08-12'),
(368, 359, '2020-11-01'),
(59, 336, '2021-01-06'),
(59, 371, '2023-02-06'),
(59, 16, '2024-06-05'),
(282, 38, '2020-08-21'),
(282, 289, '2022-08-16'),
(282, 112, '2021-04-21'),
(319, 63, '2023-08-13'),
(319, 22, '2022-01-12'),
(319, 34, '2023-12-26'),
(319, 177, '2023-07-10'),
(128, 217, '2022-09-07'),
(128, 41, '2020-12-04'),
(128, 354, '2020-10-25'),
(128, 383, '2021-08-09'),
(92, 79, '2022-08-24'),
(92, 88, '2022-01-09'),
(92, 60, '2022-06-25'),
(24, 181, '2023-04-23'),
(24, 265, '2020-12-20'),
(24, 260, '2023-08-16'),
(24, 267, '2022-09-17'),
(193, 73, '2023-08-05'),
(354, 253, '2023-09-29'),
(354, 233, '2024-02-09'),
(354, 116, '2020-10-23'),
(340, 198, '2024-01-11'),
(340, 219, '2024-06-14'),
(340, 5, '2023-12-02'),
(340, 379, '2021-10-14'),
(82, 308, '2020-10-14'),
(82, 335, '2022-11-10'),
(217, 261, '2022-01-28'),
(217, 276, '2021-02-17'),
(217, 162, '2024-01-20'),
(217, 19, '2021-08-27'),
(114, 171, '2022-09-26'),
(114, 256, '2023-10-11'),
(199, 323, '2024-06-23'),
(199, 65, '2023-07-01'),
(374, 134, '2022-02-09'),
(374, 352, '2022-03-04'),
(374, 129, '2020-12-17'),
(41, 363, '2020-09-25'),
(41, 396, '2021-10-06'),
(41, 145, '2020-08-15'),
(206, 185, '2021-05-15'),
(206, 304, '2024-03-08'),
(206, 9, '2021-03-24'),
(276, 48, '2021-12-05'),
(276, 249, '2023-06-22'),
(276, 99, '2022-04-07'),
(276, 359, '2023-09-22'),
(276, 242, '2020-09-07'),
(243, 250, '2023-11-22'),
(243, 48, '2024-04-06'),
(243, 242, '2023-09-27'),
(197, 162, '2024-03-18'),
(197, 51, '2021-04-10'),
(197, 107, '2023-09-07'),
(197, 217, '2023-04-19'),
(150, 283, '2020-06-26'),
(150, 321, '2024-05-09');

/*markdown
# Insert `PROFESSOR_COURSE`
*/

 INSERT INTO PROFESSOR_COURSE (professor_id, course_id, weekly_hours) VALUES
 (2, 184, 7),
 (2, 171, 2),
 (2, 280, 6),
 (8, 101, 1),
 (8, 353, 7),
 (8, 76, 1),
 (9, 52, 3),
 (9, 393, 1),
 (11, 154, 8),
 (11, 380, 8),
 (11, 156, 6),
 (12, 245, 7),
 (13, 51, 6),
 (14, 18, 9),
 (18, 264, 2),
 (18, 352, 7),
 (21, 261, 2),
 (21, 115, 4),
 (21, 379, 4),
 (25, 157, 5),
 (28, 128, 10),
 (28, 212, 9),
 (35, 219, 4),
 (35, 284, 3),
 (35, 95, 6),
 (38, 192, 10),
 (44, 149, 1),
 (44, 366, 4),
 (44, 181, 1),
 (56, 50, 10),
 (56, 137, 10),
 (58, 335, 1),
 (58, 176, 10),
 (61, 318, 10),
 (61, 147, 10),
 (70, 226, 2),
 (81, 242, 3),
 (87, 209, 5),
 (87, 397, 1),
 (91, 163, 6),
 (95, 254, 2),
 (95, 69, 6),
 (102, 116, 2),
 (102, 334, 7),
 (110, 349, 5),
 (115, 218, 4),
 (115, 89, 9),
 (115, 250, 3),
 (116, 206, 5),
 (116, 116, 9),
 (119, 396, 8),
 (123, 352, 6),
 (123, 280, 4),
 (124, 363, 8),
 (125, 72, 2),
 (125, 355, 5),
 (125, 375, 8),
 (126, 163, 10),
 (134, 156, 10),
 (134, 358, 7),
 (136, 96, 2),
 (136, 142, 6),
 (137, 5, 7),
 (139, 50, 10),
 (139, 271, 4),
 (139, 327, 4),
 (142, 367, 2),
 (145, 220, 5),
 (162, 300, 1),
 (162, 9, 4),
 (162, 224, 10),
 (167, 313, 8),
 (171, 141, 9),
 (171, 281, 8),
 (171, 108, 3),
 (173, 92, 1),
 (183, 158, 5),
 (192, 332, 10),
 (192, 324, 5),
 (203, 213, 6),
 (203, 239, 4),
 (209, 109, 6),
 (209, 54, 3),
 (209, 383, 9),
 (210, 211, 1),
 (210, 335, 6),
 (212, 254, 3),
 (213, 300, 2),
 (219, 118, 10),
 (219, 129, 7),
 (224, 85, 6),
 (224, 59, 4),
 (228, 261, 3),
 (238, 118, 9),
 (238, 133, 7),
 (248, 25, 9),
 (253, 81, 8),
 (255, 263, 6),
 (260, 154, 9),
 (260, 178, 10),
 (260, 232, 10),
 (265, 99, 6),
 (265, 125, 9),
 (265, 218, 8),
 (274, 368, 1),
 (274, 338, 5),
 (274, 205, 8),
 (280, 172, 7),
 (280, 335, 8),
 (287, 289, 4),
 (287, 5, 1),
 (289, 206, 2),
 (289, 44, 9),
 (289, 208, 4),
 (292, 187, 8),
 (299, 382, 7),
 (299, 53, 8),
 (299, 210, 5),
 (305, 328, 3),
 (305, 65, 6),
 (307, 59, 10),
 (307, 383, 10),
 (307, 116, 5),
 (320, 142, 7),
 (324, 174, 8),
 (332, 13, 2),
 (338, 36, 3),
 (346, 20, 8),
 (346, 50, 10),
 (346, 225, 10),
 (351, 152, 8),
 (351, 255, 4),
 (358, 15, 7),
 (358, 63, 4),
 (360, 225, 9),
 (360, 98, 8),
 (360, 136, 7),
 (364, 320, 7),
 (364, 71, 5),
 (369, 91, 9),
 (388, 186, 8),
 (388, 393, 3),
 (388, 152, 3),
 (390, 382, 2),
 (390, 70, 4),
 (390, 387, 10),
 (391, 19, 4),
 (395, 260, 7),
 (396, 113, 9);