-- MySQL dump 10.13  Distrib 8.0.36, for Win64 (x86_64)
--
-- Host: 127.0.0.1    Database: lev_mpdb
-- ------------------------------------------------------
-- Server version	8.0.37

/*!40101 SET @OLD_CHARACTER_SET_CLIENT=@@CHARACTER_SET_CLIENT */;
/*!40101 SET @OLD_CHARACTER_SET_RESULTS=@@CHARACTER_SET_RESULTS */;
/*!40101 SET @OLD_COLLATION_CONNECTION=@@COLLATION_CONNECTION */;
/*!50503 SET NAMES utf8 */;
/*!40103 SET @OLD_TIME_ZONE=@@TIME_ZONE */;
/*!40103 SET TIME_ZONE='+00:00' */;
/*!40014 SET @OLD_UNIQUE_CHECKS=@@UNIQUE_CHECKS, UNIQUE_CHECKS=0 */;
/*!40014 SET @OLD_FOREIGN_KEY_CHECKS=@@FOREIGN_KEY_CHECKS, FOREIGN_KEY_CHECKS=0 */;
/*!40101 SET @OLD_SQL_MODE=@@SQL_MODE, SQL_MODE='NO_AUTO_VALUE_ON_ZERO' */;
/*!40111 SET @OLD_SQL_NOTES=@@SQL_NOTES, SQL_NOTES=0 */;

--
-- Table structure for table `building`
--

DROP TABLE IF EXISTS `building`;
/*!40101 SET @saved_cs_client     = @@character_set_client */;
/*!50503 SET character_set_client = utf8mb4 */;
CREATE TABLE `building` (
  `BuildingID` int NOT NULL,
  PRIMARY KEY (`BuildingID`)
) ENGINE=InnoDB DEFAULT CHARSET=utf8mb4 COLLATE=utf8mb4_0900_ai_ci;
/*!40101 SET character_set_client = @saved_cs_client */;

--
-- Dumping data for table `building`
--

LOCK TABLES `building` WRITE;
/*!40000 ALTER TABLE `building` DISABLE KEYS */;
INSERT INTO `building` VALUES (1),(2),(3),(4),(5),(6),(7),(8),(9),(10),(11),(12),(13),(14),(15),(16),(17),(18),(19),(20),(21),(22),(23),(24),(25),(26),(27),(28),(29),(30),(31),(32),(33),(34),(35),(36),(37),(38),(39),(40),(41),(42),(43),(44),(45),(46),(47),(48),(49),(50),(51),(52),(53),(54),(55),(56),(57),(58),(59),(60),(61),(62),(63),(64),(65),(66),(67),(68),(69),(70),(71),(72),(73),(74),(75),(76),(77),(78),(79),(80),(81),(82),(83),(84),(85),(86),(87),(88),(89),(90),(91),(92),(93),(94),(95),(96),(97),(98),(99),(100),(101),(102),(103),(104),(105),(106),(107),(108),(109),(110),(111),(112),(113),(114),(115),(116),(117),(118),(119),(120),(121),(122),(123),(124),(125),(126),(127),(128),(129),(130),(131),(132),(133),(134),(135),(136),(137),(138),(139),(140),(141),(142),(143),(144),(145),(146),(147),(148),(149),(150),(151),(152),(153),(154),(155),(156),(157),(158),(159),(160),(161),(162),(163),(164),(165),(166),(167),(168),(169),(170),(171),(172),(173),(174),(175),(176),(177),(178),(179),(180),(181),(182),(183),(184),(185),(186),(187),(188),(189),(190),(191),(192),(193),(194),(195),(196),(197),(198),(199),(200),(201),(202),(203),(204),(205),(206),(207),(208),(209),(210),(211),(212),(213),(214),(215),(216),(217),(218),(219),(220),(221),(222),(223),(224),(225),(226),(227),(228),(229),(230),(231),(232),(233),(234),(235),(236),(237),(238),(239),(240),(241),(242),(243),(244),(245),(246),(247),(248),(249),(250),(251),(252),(253),(254),(255),(256),(257),(258),(259),(260),(261),(262),(263),(264),(265),(266),(267),(268),(269),(270),(271),(272),(273),(274),(275),(276),(277),(278),(279),(280),(281),(282),(283),(284),(285),(286),(287),(288),(289),(290),(291),(292),(293),(294),(295),(296),(297),(298),(299),(300),(301),(302),(303),(304),(305),(306),(307),(308),(309),(310),(311),(312),(313),(314),(315),(316),(317),(318),(319),(320),(321),(322),(323),(324),(325),(326),(327),(328),(329),(330),(331),(332),(333),(334),(335),(336),(337),(338),(339),(340),(341),(342),(343),(344),(345),(346),(347),(348),(349),(350),(351),(352),(353),(354),(355),(356),(357),(358),(359),(360),(361),(362),(363),(364),(365),(366),(367),(368),(369),(370),(371),(372),(373),(374),(375),(376),(377),(378),(379),(380),(381),(382),(383),(384),(385),(386),(387),(388),(389),(390),(391),(392),(393),(394),(395),(396),(397),(398),(399),(400);
/*!40000 ALTER TABLE `building` ENABLE KEYS */;
UNLOCK TABLES;

--
-- Table structure for table `cleaner`
--

DROP TABLE IF EXISTS `cleaner`;
/*!40101 SET @saved_cs_client     = @@character_set_client */;
/*!50503 SET character_set_client = utf8mb4 */;
CREATE TABLE `cleaner` (
  `Shift` varchar(20) NOT NULL,
  `ID` int NOT NULL,
  PRIMARY KEY (`ID`),
  CONSTRAINT `cleaner_ibfk_1` FOREIGN KEY (`ID`) REFERENCES `worker` (`ID`)
) ENGINE=InnoDB DEFAULT CHARSET=utf8mb4 COLLATE=utf8mb4_0900_ai_ci;
/*!40101 SET character_set_client = @saved_cs_client */;

--
-- Dumping data for table `cleaner`
--

LOCK TABLES `cleaner` WRITE;
/*!40000 ALTER TABLE `cleaner` DISABLE KEYS */;
INSERT INTO `cleaner` VALUES ('morning',1),('morning',2),('evening',3),('morning',5),('evening',6),('noon',7),('noon',8),('evening',9),('morning',10),('evening',11),('noon',12),('noon',13),('morning',14),('evening',15),('noon',22),('noon',23),('noon',25),('evening',26),('evening',28),('evening',29),('noon',30),('evening',31),('morning',33),('morning',35),('noon',36),('morning',37),('noon',38),('evening',39),('noon',40),('evening',41),('evening',42),('evening',43),('evening',45),('morning',46),('noon',47),('noon',49),('evening',50),('morning',53),('noon',54),('evening',55),('noon',56),('evening',58),('noon',59),('morning',61),('evening',63),('morning',64),('noon',65),('morning',66),('morning',67),('evening',69),('morning',70),('noon',71),('evening',74),('noon',75),('morning',77),('evening',78),('evening',79),('evening',80),('noon',81),('morning',82),('morning',83),('evening',84),('noon',85),('morning',86),('morning',87),('evening',88),('morning',89),('morning',90),('morning',91),('morning',92),('morning',94),('noon',95),('evening',96),('morning',98),('evening',99),('noon',102),('noon',105),('evening',106),('evening',107),('evening',108),('evening',110),('noon',111),('morning',112),('noon',113),('morning',118),('morning',119),('noon',120),('morning',121),('evening',123),('evening',124),('noon',125),('morning',126),('evening',127),('evening',129),('evening',130),('evening',131),('evening',132),('morning',134),('morning',136),('noon',137),('morning',140),('noon',141),('evening',142),('morning',143),('morning',145),('noon',148),('noon',151),('noon',152),('noon',153),('evening',155),('evening',156),('evening',162),('evening',163),('morning',164),('evening',165),('noon',166),('morning',168),('morning',172),('noon',176),('evening',184),('evening',185),('morning',187),('morning',188),('evening',191),('morning',192),('morning',193),('morning',194),('noon',195),('evening',196),('noon',199),('noon',401),('evening',402),('morning',404),('noon',405),('morning',406),('evening',407),('evening',409),('noon',412),('evening',414),('morning',416),('morning',417),('morning',418),('noon',419),('evening',420),('noon',421),('noon',424),('noon',425),('noon',426),('evening',427),('noon',429),('noon',431),('evening',432),('morning',433),('noon',434),('evening',439),('evening',444),('evening',448),('morning',449),('evening',450),('evening',451),('evening',452),('noon',453),('evening',454),('evening',457),('morning',459),('evening',460),('noon',461),('evening',462),('noon',464),('morning',468),('evening',472),('evening',473),('evening',476),('noon',479),('noon',480),('morning',482),('noon',485),('morning',486),('evening',487),('morning',492),('morning',493),('morning',494),('evening',497),('noon',499),('morning',500),('morning',501),('noon',502),('evening',503),('morning',504),('noon',505),('evening',509),('noon',512),('noon',513),('morning',514),('noon',515),('morning',516),('noon',517),('noon',518),('morning',519),('evening',520),('noon',521),('morning',522),('morning',524),('noon',525),('evening',528),('noon',530),('noon',532),('morning',533),('morning',534),('morning',535),('evening',536),('morning',537),('noon',538),('evening',539),('evening',540),('noon',541),('morning',542),('morning',543),('evening',544),('morning',546),('noon',547),('evening',549),('evening',550),('morning',552),('morning',554),('morning',555),('noon',557),('morning',558),('evening',559),('noon',560),('noon',561),('evening',564),('noon',567),('morning',569),('evening',570),('morning',571),('evening',573),('evening',574),('noon',575),('evening',577),('evening',578),('noon',579),('evening',580),('evening',581),('noon',582),('noon',583),('morning',586),('morning',587),('noon',588),('noon',589),('morning',590),('morning',591),('noon',596),('morning',597),('morning',598),('morning',600),('morning',803),('evening',804),('evening',808),('morning',810),('morning',811),('morning',813),('noon',815),('noon',816),('noon',817),('morning',818),('noon',819),('morning',820),('noon',821),('evening',822),('noon',823),('morning',824),('noon',827),('evening',828),('noon',830),('noon',832),('evening',834),('noon',835),('evening',836),('evening',837),('noon',838),('noon',840),('noon',841),('evening',842),('noon',843),('evening',844),('morning',845),('morning',846),('evening',847),('noon',848),('noon',851),('noon',852),('morning',855),('noon',856),('evening',857),('noon',858),('evening',860),('noon',862),('evening',863),('evening',865),('morning',866),('morning',867),('noon',868),('evening',869),('noon',870),('noon',871),('noon',872),('noon',873),('evening',874),('evening',875),('evening',876),('noon',877),('morning',878),('noon',881),('evening',883),('morning',884),('noon',888),('morning',889),('evening',890),('morning',891),('evening',893),('noon',895),('evening',896),('morning',897),('noon',898),('morning',900),('evening',901),('evening',903),('morning',904),('noon',906),('morning',907),('evening',908),('morning',909),('morning',910),('evening',911),('noon',914),('noon',915),('evening',916),('evening',917),('noon',922),('noon',923),('evening',926),('noon',927),('morning',928),('morning',929),('noon',931),('noon',933),('noon',935),('evening',938),('evening',939),('morning',944),('noon',945),('evening',946),('morning',947),('evening',948),('morning',949),('noon',950),('morning',951),('evening',953),('noon',954),('noon',956),('evening',957),('evening',958),('noon',959),('evening',960),('morning',961),('noon',962),('noon',963),('morning',965),('morning',966),('evening',967),('evening',968),('noon',969),('evening',970),('morning',971),('noon',972),('evening',973),('morning',974),('evening',975),('noon',976),('noon',977),('noon',978),('morning',979),('noon',980),('noon',981),('evening',982),('morning',983),('morning',984),('evening',985),('noon',986),('morning',989),('morning',990),('morning',992),('noon',993),('morning',994),('evening',995),('noon',997),('morning',998),('morning',999),('noon',1000);
/*!40000 ALTER TABLE `cleaner` ENABLE KEYS */;
UNLOCK TABLES;

--
-- Table structure for table `manager`
--

DROP TABLE IF EXISTS `manager`;
/*!40101 SET @saved_cs_client     = @@character_set_client */;
/*!50503 SET character_set_client = utf8mb4 */;
CREATE TABLE `manager` (
  `Department` varchar(50) NOT NULL,
  `ID` int NOT NULL,
  PRIMARY KEY (`ID`),
  CONSTRAINT `manager_ibfk_1` FOREIGN KEY (`ID`) REFERENCES `worker` (`ID`)
) ENGINE=InnoDB DEFAULT CHARSET=utf8mb4 COLLATE=utf8mb4_0900_ai_ci;
/*!40101 SET character_set_client = @saved_cs_client */;

--
-- Dumping data for table `manager`
--

LOCK TABLES `manager` WRITE;
/*!40000 ALTER TABLE `manager` DISABLE KEYS */;
INSERT INTO `manager` VALUES ('Asset Management',202),('Legal Department',205),('Research and Development',206),('Finances',207),('Finances',209),('Legal Department',210),('Quality Assurance',211),('Finances',212),('Finances',213),('Customer Service',214),('Public Relations',215),('Public Relations',216),('Finances',217),('Legal Department',218),('Public Relations',219),('Asset Management',220),('Quality Assurance',223),('Asset Management',225),('Quality Assurance',226),('Quality Assurance',228),('Finances',231),('Legal Department',235),('Quality Assurance',236),('Legal Department',238),('Quality Assurance',239),('Quality Assurance',240),('Customer Service',242),('Finances',244),('Research and Development',245),('Customer Service',246),('Quality Assurance',247),('Quality Assurance',248),('Asset Management',249),('Research and Development',250),('Asset Management',251),('Legal Department',252),('Legal Department',254),('Customer Service',255),('Asset Management',257),('Customer Service',259),('Legal Department',261),('Public Relations',262),('Asset Management',265),('Finances',266),('Legal Department',271),('Public Relations',272),('Research and Development',273),('Finances',274),('Legal Department',275),('Customer Service',276),('Customer Service',277),('Legal Department',278),('Legal Department',280),('Finances',281),('Legal Department',282),('Asset Management',284),('Quality Assurance',285),('Legal Department',287),('Finances',288),('Public Relations',289),('Asset Management',291),('Quality Assurance',292),('Quality Assurance',293),('Public Relations',294),('Legal Department',295),('Quality Assurance',298),('Public Relations',299),('Finances',300),('Asset Management',301),('Legal Department',302),('Public Relations',303),('Public Relations',304),('Public Relations',305),('Legal Department',306),('Legal Department',307),('Legal Department',308),('Asset Management',310),('Public Relations',312),('Customer Service',313),('Finances',314),('Finances',315),('Quality Assurance',316),('Public Relations',318),('Legal Department',319),('Public Relations',320),('Finances',322),('Public Relations',323),('Legal Department',324),('Public Relations',325),('Legal Department',327),('Quality Assurance',329),('Finances',330),('Legal Department',331),('Public Relations',332),('Public Relations',334),('Asset Management',336),('Legal Department',338),('Research and Development',339),('Research and Development',340),('Quality Assurance',342),('Customer Service',343),('Asset Management',345),('Research and Development',346),('Legal Department',348),('Quality Assurance',349),('Asset Management',350),('Legal Department',351),('Asset Management',354),('Asset Management',358),('Asset Management',359),('Quality Assurance',360),('Customer Service',361),('Quality Assurance',362),('Finances',365),('Research and Development',368),('Finances',370),('Finances',374),('Finances',375),('Finances',376),('Customer Service',378),('Public Relations',379),('Legal Department',380),('Quality Assurance',381),('Finances',382),('Asset Management',383),('Finances',384),('Legal Department',385),('Asset Management',387),('Customer Service',389),('Quality Assurance',390),('Quality Assurance',392),('Legal Department',393),('Research and Development',394),('Asset Management',395),('Customer Service',396),('Asset Management',397),('Asset Management',398),('Finances',399),('Engineering',429),('Asset Management',601),('Asset Management',602),('Asset Management',603),('Public Relations',604),('Asset Management',607),('Public Relations',608),('Quality Assurance',609),('Public Relations',611),('Quality Assurance',612),('Legal Department',615),('Public Relations',618),('Asset Management',620),('Public Relations',621),('Quality Assurance',622),('Legal Department',624),('Research and Development',625),('Customer Service',627),('Asset Management',628),('Asset Management',629),('Finances',630),('Public Relations',631),('Legal Department',632),('Asset Management',633),('Finances',634),('Public Relations',635),('Legal Department',636),('Asset Management',637),('Customer Service',640),('Asset Management',641),('Legal Department',642),('Finances',643),('Legal Department',647),('Finances',648),('Legal Department',652),('Customer Service',653),('Legal Department',655),('Research and Development',656),('Public Relations',658),('Finances',659),('Quality Assurance',660),('Legal Department',663),('Quality Assurance',664),('Asset Management',667),('Research and Development',668),('Quality Assurance',669),('Quality Assurance',670),('Customer Service',671),('Customer Service',674),('Quality Assurance',675),('Legal Department',679),('Finances',680),('Finances',681),('Quality Assurance',682),('Customer Service',683),('Public Relations',684),('Finances',686),('Asset Management',689),('Finances',690),('Legal Department',691),('Legal Department',693),('Asset Management',694),('Asset Management',696),('Finances',697),('Legal Department',699),('Research and Development',702),('Finances',703),('Asset Management',707),('Finances',708),('Research and Development',709),('Finances',710),('Quality Assurance',711),('Legal Department',713),('Asset Management',716),('Quality Assurance',717),('Quality Assurance',718),('Asset Management',720),('Research and Development',721),('Research and Development',722),('Customer Service',724),('Finances',725),('Customer Service',726),('Finances',727),('Asset Management',728),('Quality Assurance',729),('Legal Department',731),('Customer Service',732),('Finances',733),('Public Relations',735),('Finances',737),('Finances',741),('Public Relations',742),('Asset Management',743),('Public Relations',744),('Research and Development',747),('Finances',748),('Finances',749),('Public Relations',752),('Quality Assurance',753),('Asset Management',755),('Legal Department',756),('Asset Management',757),('Finances',759),('Legal Department',761),('Finances',762),('Public Relations',763),('Finances',764),('Legal Department',766),('Research and Development',767),('Finances',768),('Quality Assurance',769),('Asset Management',770),('Finances',771),('Asset Management',772),('Asset Management',773),('Customer Service',777),('Finances',779),('Quality Assurance',780),('Legal Department',781),('Quality Assurance',782),('Legal Department',783),('Public Relations',786),('Quality Assurance',788),('Customer Service',789),('Legal Department',790),('Legal Department',791),('Research and Development',794),('Asset Management',796),('Legal Department',798),('Quality Assurance',799),('Customer Service',800),('Asset Management',1001),('Legal Department',1003),('Finances',1004),('Quality Assurance',1005),('Quality Assurance',1006),('Finances',1008),('Legal Department',1010),('Asset Management',1013),('Asset Management',1014),('Finances',1016),('Finances',1017),('Research and Development',1019),('Asset Management',1021),('Legal Department',1022),('Legal Department',1023),('Legal Department',1024),('Legal Department',1026),('Public Relations',1027),('Legal Department',1029),('Legal Department',1030),('Asset Management',1032),('Quality Assurance',1033),('Research and Development',1034),('Finances',1037),('Finances',1038),('Customer Service',1039),('Public Relations',1041),('Public Relations',1043),('Asset Management',1044),('Asset Management',1045),('Finances',1046),('Research and Development',1049),('Finances',1050),('Legal Department',1051),('Asset Management',1053),('Research and Development',1054),('Customer Service',1056),('Customer Service',1057),('Legal Department',1058),('Finances',1060),('Finances',1061),('Public Relations',1062),('Quality Assurance',1063),('Public Relations',1064),('Quality Assurance',1065),('Asset Management',1066),('Legal Department',1067),('Legal Department',1068),('Asset Management',1069),('Quality Assurance',1070),('Legal Department',1072),('Finances',1073),('Asset Management',1076),('Finances',1077),('Finances',1078),('Asset Management',1079),('Legal Department',1083),('Legal Department',1085),('Customer Service',1086),('Asset Management',1087),('Legal Department',1088),('Customer Service',1090),('Research and Development',1092),('Asset Management',1095),('Quality Assurance',1096),('Asset Management',1097),('Finances',1098),('Asset Management',1100),('Asset Management',1101),('Customer Service',1104),('Quality Assurance',1105),('Customer Service',1106),('Customer Service',1109),('Research and Development',1111),('Legal Department',1112),('Legal Department',1114),('Finances',1115),('Legal Department',1117),('Legal Department',1119),('Customer Service',1121),('Research and Development',1123),('Quality Assurance',1126),('Research and Development',1128),('Quality Assurance',1130),('Quality Assurance',1133),('Research and Development',1134),('Customer Service',1135),('Asset Management',1136),('Legal Department',1137),('Finances',1138),('Asset Management',1139),('Public Relations',1140),('Legal Department',1141),('Legal Department',1144),('Public Relations',1145),('Quality Assurance',1146),('Asset Management',1147),('Finances',1150),('Legal Department',1151),('Quality Assurance',1152),('Finances',1153),('Legal Department',1154),('Finances',1155),('Asset Management',1156),('Research and Development',1157),('Research and Development',1158),('Public Relations',1160),('Legal Department',1163),('Public Relations',1164),('Asset Management',1165),('Asset Management',1166),('Finances',1167),('Asset Management',1169),('Finances',1171),('Asset Management',1172),('Quality Assurance',1173),('Finances',1174),('Finances',1175),('Research and Development',1176),('Legal Department',1177),('Customer Service',1178),('Research and Development',1184),('Legal Department',1185),('Legal Department',1186),('Legal Department',1187),('Research and Development',1188),('Research and Development',1191),('Public Relations',1192),('Finances',1193),('Finances',1195),('Legal Department',1197),('Legal Department',1200);
/*!40000 ALTER TABLE `manager` ENABLE KEYS */;
UNLOCK TABLES;

--
-- Table structure for table `person`
--

DROP TABLE IF EXISTS `person`;
/*!40101 SET @saved_cs_client     = @@character_set_client */;
/*!50503 SET character_set_client = utf8mb4 */;
CREATE TABLE `person` (
  `Age` int NOT NULL,
  `PhoneNumber` varchar(20) DEFAULT NULL,
  `ID` int NOT NULL,
  `Name` varchar(50) NOT NULL,
  PRIMARY KEY (`ID`)
) ENGINE=InnoDB DEFAULT CHARSET=utf8mb4 COLLATE=utf8mb4_0900_ai_ci;
/*!40101 SET character_set_client = @saved_cs_client */;

--
-- Dumping data for table `person`
--

LOCK TABLES `person` WRITE;
/*!40000 ALTER TABLE `person` DISABLE KEYS */;
INSERT INTO `person` VALUES (35,'0551324810',1,'Makenna'),(26,'0538677451',2,'Angelina'),(44,'0554635286',3,'Cameron'),(29,'0546245936',4,'Sara'),(46,'0587488167',5,'Aaliyah'),(38,'0569674497',6,'Walter'),(26,'0564851184',7,'Michael'),(26,'0521343577',8,'Christopher'),(32,'0582528681',9,'Makenna'),(45,'0584787443',10,'Makayla'),(29,'0535714477',11,'Brandon'),(36,'0504292953',12,'Makayla'),(50,'0571167505',13,'Melissa'),(32,'0583657130',14,'Madison'),(33,'0537651377',15,'Landon'),(42,'0542464590',16,'Makenna'),(25,'0569286774',17,'Nathan'),(28,'0587598714',18,'Keith'),(28,'0535539597',19,'Rylee'),(49,'0565499031',20,'Mia'),(35,'0501383274',21,'Mariah'),(43,'0536410122',22,'Aaron'),(44,'0591060307',23,'Christopher'),(38,'0595204487',24,'Nicholas'),(30,'0535646024',25,'Wayne'),(35,'0574071073',26,'Daniel'),(30,'0501788109',27,'Maya'),(38,'0537976397',28,'Victoria'),(45,'0565865831',29,'Oscar'),(35,'0555264251',30,'Eric'),(38,'0535617790',31,'Brooke'),(50,'0546576437',32,'Sara'),(39,'0587785855',33,'Oscar'),(39,'0530724009',34,'Glenn'),(43,'0550096770',35,'Violet'),(30,'0507630680',36,'Norman'),(30,'0513963899',37,'Elise'),(50,'0506318545',38,'Lily'),(33,'0514566763',39,'Haley'),(33,'0502668341',40,'Caroline'),(43,'0565388192',41,'Brandon'),(33,'0599514780',42,'Isaac'),(39,'0516509546',43,'Max'),(29,'0567459780',44,'Rylee'),(40,'0596254747',45,'Gianna'),(47,'0556309483',46,'Isaac'),(41,'0594306942',47,'Charles'),(39,'0551897705',48,'Brandon'),(47,'0549042223',49,'George'),(41,'0551405507',50,'Rylee'),(35,'0553999221',51,'Roy'),(27,'0540923082',52,'Amanda'),(30,'0576182642',53,'Rylee'),(35,'0525740796',54,'Mckenzie'),(38,'0576761263',55,'Taylor'),(38,'0575352354',56,'Megan'),(36,'0567077594',57,'Joshua'),(30,'0550248460',58,'Katherine'),(38,'0524231592',59,'Nathan'),(29,'0504851843',60,'Roger'),(32,'0534264312',61,'Joel'),(36,'0513103153',62,'Sadie'),(47,'0510680101',63,'Louis'),(34,'0597598065',64,'Philip'),(34,'0505040708',65,'Peter'),(26,'0542450223',66,'Roy'),(40,'0517922070',67,'Derek'),(45,'0522138731',68,'Sophie'),(29,'0505712076',69,'Mark'),(31,'0591451765',70,'Landon'),(30,'0588211676',71,'Claire'),(45,'0517277794',72,'Kaitlyn'),(36,'0510302628',73,'Jonathan'),(30,'0542509296',74,'Ryan'),(44,'0537445992',75,'Sara'),(46,'0532976402',76,'Danielle'),(42,'0564422870',77,'Oscar'),(31,'0585244620',78,'Norman'),(34,'0563111985',79,'Lila'),(25,'0570139167',80,'Isabelle'),(26,'0526774415',81,'Isaac'),(41,'0507795674',82,'Ralph'),(39,'0592741070',83,'Lauren'),(45,'0516076368',84,'Makenna'),(37,'0577876781',85,'Calvin'),(25,'0513378045',86,'Sadie'),(38,'0573030929',87,'Roger'),(25,'0550586727',88,'Kenneth'),(39,'0556499563',89,'Mark'),(44,'0543884326',90,'Isaiah'),(50,'0577675911',91,'Rachel'),(26,'0580903427',92,'Kylie'),(49,'0541329312',93,'Danielle'),(32,'0568699562',94,'Lauren'),(45,'0598603543',95,'Morgan'),(40,'0521084951',96,'Roger'),(42,'0573416825',97,'Audrey'),(47,'0501594223',98,'Maya'),(44,'0589805294',99,'Paige'),(36,'0591869555',100,'Londyn'),(32,'0534426556',101,'Daniel'),(46,'0565487756',102,'Nicole'),(39,'0519331212',103,'Avery'),(44,'0541175724',104,'Eric'),(26,'0585650262',105,'Clarence'),(26,'0571698713',106,'Aria'),(49,'0527830776',107,'Lily'),(34,'0554963341',108,'Julia'),(47,'0560726555',109,'Cameron'),(32,'0597773473',110,'Landon'),(45,'0553171687',111,'Steven'),(25,'0517148057',112,'Kylie'),(50,'0540950866',113,'Kayla'),(30,'0542595604',114,'Mackenzie'),(48,'0533903335',115,'Benjamin'),(49,'0545281396',116,'Rachel'),(33,'0583301616',117,'Julianna'),(36,'0542180203',118,'Eddie'),(36,'0508967377',119,'Joseph'),(40,'0537802783',120,'Thomas'),(28,'0508043938',121,'Joshua'),(25,'0503352744',122,'Adalyn'),(44,'0543091452',123,'Kenneth'),(48,'0520010272',124,'Rylee'),(25,'0532251481',125,'Jessica'),(33,'0506990929',126,'Anna'),(33,'0569461009',127,'Martin'),(49,'0591599531',128,'Jonathan'),(26,'0546183217',129,'Francis'),(38,'0528215010',130,'Walter'),(39,'0539354222',131,'Kennedy'),(46,'0567617193',132,'Emma'),(35,'0579325544',133,'Miles'),(36,'0596501023',134,'Morgan'),(31,'0586167473',135,'Kenneth'),(37,'0599191016',136,'Roger'),(31,'0504919293',137,'Clarence'),(45,'0564028564',138,'Jocelyn'),(35,'0576686983',139,'Martin'),(44,'0504780469',140,'Alex'),(38,'0519609521',141,'Megan'),(30,'0521486797',142,'Walter'),(32,'0500324819',143,'Jacob'),(45,'0509649565',144,'Julianna'),(32,'0552032792',145,'Grace'),(31,'0570821592',146,'Joseph'),(47,'0584642316',147,'Londyn'),(27,'0513586424',148,'Alexis'),(29,'0545268922',149,'Leah'),(47,'0563845554',150,'Adalyn'),(49,'0587380430',151,'Nora'),(35,'0563240770',152,'Isaac'),(33,'0553590006',153,'Stephanie'),(38,'0570632892',154,'Levi'),(50,'0552517214',155,'Isabel'),(48,'0596833509',156,'Melissa'),(40,'0531683541',157,'Ellie'),(47,'0545398374',158,'Charles'),(26,'0567051354',159,'Oscar'),(32,'0545723413',160,'Delaney'),(36,'0598032157',161,'Angelina'),(35,'0507597738',162,'Isabella'),(41,'0568935972',163,'Caroline'),(43,'0565187570',164,'Mckenzie'),(36,'0589869592',165,'Amelia'),(46,'0507242988',166,'Isaiah'),(37,'0534738190',167,'Robert'),(45,'0576054719',168,'Isabel'),(48,'0599843272',169,'Anthony'),(41,'0529637169',170,'Nicholas'),(31,'0526407729',171,'Elise'),(35,'0561248030',172,'Martin'),(47,'0590954229',173,'Cameron'),(31,'0514354106',174,'Hannah'),(33,'0512318613',175,'Sara'),(45,'0574695184',176,'Gianna'),(38,'0525232457',177,'Kaitlyn'),(36,'0516287333',178,'Leonard'),(28,'0562566940',179,'Trevor'),(29,'0576861198',180,'Gerald'),(30,'0521517222',181,'Londyn'),(36,'0522016080',182,'Taylor'),(31,'0599233130',183,'Allison'),(42,'0539313825',184,'Madison'),(45,'0525777091',185,'Glenn'),(39,'0553422104',186,'Skylar'),(41,'0548572653',187,'Jonathan'),(36,'0534471792',188,'Rylee'),(36,'0515886489',189,'John'),(36,'0538498588',190,'Roland'),(41,'0505673889',191,'Matthew'),(29,'0553620444',192,'Olivia'),(41,'0537912469',193,'Aubrey'),(50,'0510040429',194,'Adriana'),(40,'0517404201',195,'Audrey'),(46,'0543578547',196,'Ryan'),(50,'0516479915',197,'Nora'),(47,'0576243325',198,'Jonathan'),(48,'0549898543',199,'Carl'),(48,'0543113008',200,'Charles'),(47,'0565634580',201,'Claire'),(50,'0578916576',202,'Mackenzie'),(41,'0500072784',203,'Hannah'),(35,'0594763047',204,'Jessica'),(50,'0566940226',205,'Megan'),(33,'0515662660',206,'Aaliyah'),(30,'0536855761',207,'Robert'),(31,'0548986593',208,'Joel'),(32,'0542011863',209,'Thomas'),(44,'0559226906',210,'Jonathan'),(30,'0565941524',211,'Isabel'),(34,'0588713661',212,'Francis'),(37,'0583967954',213,'Rylee'),(38,'0566646777',214,'Mackenzie'),(41,'0563947646',215,'Angelina'),(49,'0525529946',216,'Anthony'),(49,'0545306025',217,'Eugene'),(27,'0526533021',218,'Arthur'),(42,'0504341082',219,'Joseph'),(33,'0506487413',220,'Angelina'),(45,'0534290886',221,'Roland'),(30,'0589607258',222,'Michael'),(39,'0522436207',223,'David'),(30,'0577415068',224,'Wayne'),(32,'0580348707',225,'Hailey'),(40,'0543705236',226,'Norman'),(32,'0574923865',227,'Brian'),(41,'0569056411',228,'Samantha'),(30,'0571036420',229,'Riley'),(46,'0556543936',230,'Allison'),(32,'0524067955',231,'Ellie'),(35,'0570175839',232,'Sophie'),(45,'0517191699',233,'Madison'),(48,'0554175433',234,'Norman'),(41,'0598396799',235,'Clarence'),(28,'0570559173',236,'Richard'),(31,'0594826343',237,'Louis'),(38,'0595597843',238,'Angelina'),(44,'0578915054',239,'Roger'),(25,'0547513190',240,'Allison'),(43,'0540354698',241,'Howard'),(30,'0535848772',242,'Roger'),(33,'0556184467',243,'Samuel'),(44,'0556460666',244,'Gerald'),(36,'0581305429',245,'Oscar'),(43,'0540828378',246,'Lily'),(28,'0559346504',247,'Elizabeth'),(29,'0559864828',248,'Skylar'),(31,'0580969073',249,'Michael'),(49,'0586258397',250,'Alexandra'),(25,'0570943730',251,'Jessica'),(39,'0551448917',252,'Ralph'),(26,'0579682616',253,'Christopher'),(30,'0526004934',254,'Isabella'),(27,'0539271194',255,'Makayla'),(28,'0598181320',256,'Gerald'),(27,'0513210093',257,'Emma'),(41,'0514965008',258,'Adriana'),(29,'0598439542',259,'Anthony'),(42,'0528766894',260,'Albert'),(28,'0531286961',261,'Mia'),(47,'0528917189',262,'Bradley'),(50,'0506243152',263,'Katherine'),(39,'0543154215',264,'Gordon'),(27,'0558939882',265,'Roy'),(46,'0577193511',266,'Piper'),(29,'0533143297',267,'Mia'),(44,'0583818994',268,'Riley'),(30,'0546742114',269,'Michael'),(37,'0544446115',270,'Albert'),(31,'0544691014',271,'Isabella'),(48,'0548552048',272,'Caroline'),(43,'0524207452',273,'Jacob'),(44,'0589447323',274,'Faith'),(47,'0594028364',275,'Sophie'),(28,'0545409165',276,'Violet'),(36,'0526968174',277,'Amanda'),(34,'0563981151',278,'Walter'),(41,'0502305610',279,'Eugene'),(38,'0529438685',280,'Richard'),(40,'0517377559',281,'Sarah'),(42,'0560777664',282,'Harry'),(29,'0589026011',283,'Eric'),(30,'0540869120',284,'Bradley'),(47,'0569932016',285,'Amelia'),(27,'0513680432',286,'Katherine'),(28,'0593324566',287,'Delaney'),(36,'0527622343',288,'Joseph'),(50,'0534827302',289,'Calvin'),(30,'0576620668',290,'Bradley'),(49,'0581220979',291,'Nicole'),(35,'0587714762',292,'Landon'),(27,'0515491391',293,'Leah'),(35,'0575448373',294,'Joseph'),(44,'0510357603',295,'Kaitlyn'),(47,'0500946386',296,'Ariana'),(27,'0509980830',297,'Mckenzie'),(37,'0586345885',298,'Louis'),(45,'0544406668',299,'Bradley'),(43,'0508231119',300,'Lawrence'),(29,'0595368627',301,'Angelina'),(28,'0540522767',302,'Stephanie'),(33,'0580228936',303,'Adalyn'),(34,'0512895785',304,'Julianna'),(26,'0500269734',305,'Glenn'),(44,'0533728119',306,'Max'),(48,'0597737034',307,'Lawrence'),(48,'0591188841',308,'Dennis'),(28,'0585529402',309,'Robert'),(42,'0558613900',310,'Frederick'),(39,'0556731375',311,'Max'),(46,'0596126962',312,'Andrew'),(29,'0586115601',313,'Rylee'),(26,'0555119527',314,'Sadie'),(33,'0585902060',315,'Haley'),(34,'0586449510',316,'Francis'),(32,'0503497764',317,'Rylee'),(47,'0580876662',318,'Emily'),(36,'0585889206',319,'Mia'),(47,'0502628884',320,'Sadie'),(50,'0532582623',321,'Landon'),(36,'0550488092',322,'Avery'),(30,'0511714296',323,'Martin'),(32,'0527795245',324,'Julia'),(43,'0572191590',325,'Madison'),(28,'0533894842',326,'Jonathan'),(40,'0509730859',327,'Sadie'),(41,'0512767564',328,'Leonard'),(28,'0582539392',329,'Isaiah'),(28,'0550032386',330,'Isaac'),(29,'0523672691',331,'Joseph'),(26,'0569551632',332,'Kayla'),(40,'0510741473',333,'Anthony'),(25,'0542211441',334,'Glenn'),(40,'0599888387',335,'Daniel'),(40,'0559027381',336,'Eric'),(43,'0551902348',337,'Harry'),(40,'0594670916',338,'Sadie'),(28,'0581716760',339,'Victoria'),(30,'0597719981',340,'Jennifer'),(28,'0548762414',341,'David'),(29,'0529245675',342,'Rylee'),(45,'0598341611',343,'Victor'),(50,'0563343312',344,'Robert'),(34,'0555396561',345,'Peyton'),(46,'0583598874',346,'Kenneth'),(31,'0589415829',347,'Joel'),(34,'0555449335',348,'Claire'),(43,'0538257381',349,'Matthew'),(49,'0556780959',350,'Makenna'),(31,'0511021507',351,'Layla'),(34,'0580787756',352,'Keith'),(40,'0546133106',353,'Christopher'),(28,'0515808659',354,'Andrew'),(29,'0550739911',355,'Trevor'),(25,'0544769071',356,'Glenn'),(34,'0585003694',357,'Robert'),(50,'0566511931',358,'Matthew'),(30,'0509381402',359,'Calvin'),(46,'0528516748',360,'Maya'),(33,'0554639146',361,'Anna'),(33,'0520164690',362,'Harry'),(38,'0566562610',363,'Brandon'),(40,'0589672658',364,'Kennedy'),(26,'0507112681',365,'Joseph'),(25,'0530431670',366,'Violet'),(28,'0553619566',367,'Matthew'),(47,'0505911681',368,'Jordyn'),(29,'0585774310',369,'Lester'),(36,'0588138929',370,'Lester'),(39,'0525546455',371,'Gabrielle'),(35,'0518192209',372,'Megan'),(34,'0501405617',373,'Joshua'),(32,'0574893783',374,'Madison'),(42,'0573247394',375,'Nathan'),(32,'0560247949',376,'Natalie'),(27,'0552274058',377,'Lily'),(32,'0547384765',378,'Jacob'),(33,'0564162679',379,'Ryan'),(30,'0519407813',380,'Kennedy'),(35,'0521070338',381,'Trevor'),(38,'0530521727',382,'Paige'),(44,'0578618600',383,'Amanda'),(47,'0505226039',384,'Norman'),(40,'0526668963',385,'Avery'),(36,'0505393066',386,'Lauren'),(31,'0503559084',387,'Aubrey'),(47,'0533257353',388,'Francis'),(43,'0554888434',389,'Amanda'),(33,'0517248670',390,'Hannah'),(46,'0566847823',391,'Norman'),(27,'0556003940',392,'Eddie'),(46,'0543516959',393,'Alexis'),(31,'0561888650',394,'Victoria'),(44,'0555499270',395,'Rylee'),(32,'0582654725',396,'Mariah'),(47,'0520308786',397,'Alyssa'),(30,'0594409364',398,'Robert'),(40,'0512295117',399,'Gregory'),(26,'0510404499',400,'John'),(48,'0530006554',401,'Piper'),(49,'0586463936',402,'Philip'),(42,'0565420702',403,'John'),(25,'0526901796',404,'Riley'),(38,'0526246844',405,'Faith'),(28,'0537198330',406,'Haley'),(44,'0525454898',407,'Lila'),(25,'0568706119',408,'Ariana'),(44,'0579459739',409,'Gregory'),(28,'0590302138',410,'Joel'),(36,'0537497577',411,'Avery'),(46,'0568687174',412,'Mariah'),(41,'0558942553',413,'Kennedy'),(30,'0573241379',414,'Ashley'),(30,'0505284893',415,'Madison'),(37,'0579336559',416,'Paige'),(35,'0592914319',417,'Alexis'),(30,'0587041904',418,'Evelyn'),(32,'0561252991',419,'Violet'),(46,'0540637106',420,'Arthur'),(41,'0582560795',421,'Lawrence'),(25,'0534747556',422,'Lawrence'),(25,'0586754467',423,'Jerome'),(39,'0589387706',424,'Stephanie'),(47,'0551716082',425,'Makenna'),(33,'0518532503',426,'Kenneth'),(38,'0567040296',427,'Aria'),(27,'0516367691',428,'Ariana'),(44,'0505901786',429,'Thomas'),(43,'0579535452',430,'Riley'),(49,'0552310273',431,'Lila'),(40,'0556278845',432,'Morgan'),(33,'0577320392',433,'Evelyn'),(41,'0526547919',434,'Gerald'),(40,'0556838959',435,'Chloe'),(36,'0530015164',436,'Robert'),(40,'0543870311',437,'Cameron'),(30,'0519582934',438,'Alexis'),(27,'0588349646',439,'Keith'),(29,'0583716931',440,'Stephanie'),(35,'0578281446',441,'Samuel'),(50,'0561198046',442,'Hannah'),(29,'0542586575',443,'Jasmine'),(34,'0591804700',444,'Lawrence'),(38,'0577125413',445,'Brian'),(37,'0532616673',446,'Leah'),(27,'0512489787',447,'Rachel'),(50,'0514009561',448,'Edward'),(26,'0599949980',449,'Taylor'),(38,'0523890623',450,'Scott'),(47,'0539745614',451,'Cameron'),(38,'0578424762',452,'Roger'),(50,'0542657953',453,'Isabelle'),(46,'0518083018',454,'Roland'),(49,'0511073142',455,'Oscar'),(38,'0586911222',456,'Adriana'),(34,'0570195016',457,'Avery'),(25,'0517217806',458,'Howard'),(27,'0502989366',459,'Sara'),(31,'0554019255',460,'Paige'),(46,'0508754109',461,'Adriana'),(36,'0587185130',462,'Kevin'),(44,'0556289235',463,'Howard'),(46,'0555426257',464,'Alexis'),(50,'0527395859',465,'Gabrielle'),(38,'0528937316',466,'Daniel'),(41,'0577517627',467,'Gabriella'),(25,'0561601004',468,'Audrey'),(25,'0580230050',469,'Louis'),(47,'0504203960',470,'Timothy'),(30,'0517543358',471,'Hannah'),(49,'0564068754',472,'Harold'),(42,'0576502578',473,'Rachel'),(28,'0554631076',474,'Eddie'),(30,'0568851069',475,'Angelina'),(45,'0598189460',476,'Brooke'),(31,'0568639906',477,'Lila'),(42,'0557073120',478,'Frederick'),(34,'0532463211',479,'Ryan'),(44,'0564121303',480,'Allison'),(32,'0581800628',481,'Ariana'),(41,'0536998601',482,'Gabrielle'),(40,'0527870884',483,'Megan'),(35,'0597038224',484,'Stephanie'),(46,'0556689057',485,'Taylor'),(48,'0588615470',486,'Calvin'),(49,'0524086077',487,'Skylar'),(33,'0548548254',488,'Taylor'),(34,'0529239451',489,'Dennis'),(45,'0551917808',490,'Aubrey'),(45,'0537830720',491,'Isabella'),(25,'0597576146',492,'Arthur'),(42,'0580677595',493,'Miles'),(40,'0555164299',494,'Frank'),(32,'0519140126',495,'Lila'),(42,'0563510363',496,'Kaitlyn'),(48,'0547281068',497,'Henry'),(42,'0521429299',498,'Olivia'),(36,'0504261999',499,'Joseph'),(26,'0572476921',500,'Isaiah'),(48,'0509074086',501,'Isabel'),(28,'0564948944',502,'Nathan'),(25,'0534957758',503,'Faith'),(27,'0563581730',504,'Nicholas'),(26,'0509119029',505,'Arthur'),(39,'0592116784',506,'Megan'),(33,'0515699229',507,'Walter'),(40,'0552262341',508,'Miles'),(47,'0524498131',509,'Albert'),(38,'0550124326',510,'Evelyn'),(39,'0531481504',511,'Hailey'),(40,'0515984193',512,'Danielle'),(31,'0537728345',513,'Maya'),(38,'0529297064',514,'Makayla'),(30,'0537229528',515,'Gordon'),(29,'0548533127',516,'Maya'),(32,'0592774362',517,'Tyler'),(49,'0559989083',518,'Benjamin'),(30,'0558283376',519,'Roger'),(45,'0566657887',520,'Olivia'),(38,'0577895256',521,'Nora'),(26,'0507478115',522,'Bradley'),(35,'0543790216',523,'Claire'),(48,'0529915409',524,'Skylar'),(37,'0550846072',525,'Jonathan'),(37,'0521660559',526,'Leonard'),(29,'0502567429',527,'Ariana'),(48,'0510076790',528,'Donald'),(30,'0508382458',529,'Gregory'),(35,'0530926907',530,'Nora'),(49,'0515820440',531,'Caroline'),(39,'0568502136',532,'Adalyn'),(27,'0501397599',533,'Sarah'),(49,'0530933312',534,'Trevor'),(50,'0522777203',535,'Daniel'),(36,'0520921309',536,'Kennedy'),(38,'0532858777',537,'Lawrence'),(27,'0569610841',538,'Benjamin'),(40,'0548332174',539,'Alexis'),(31,'0538776743',540,'Victor'),(33,'0521513023',541,'Stephanie'),(29,'0593176178',542,'Eddie'),(31,'0537398408',543,'Nathan'),(30,'0533135841',544,'Landon'),(38,'0552404475',545,'Paige'),(35,'0550753645',546,'Paige'),(49,'0599762091',547,'Julia'),(50,'0518499792',548,'Elise'),(26,'0545631117',549,'Roger'),(26,'0517883564',550,'Maya'),(38,'0577509149',551,'Delaney'),(49,'0576674209',552,'Donald'),(40,'0560830045',553,'Allison'),(25,'0500714733',554,'Haley'),(50,'0569977883',555,'Mackenzie'),(37,'0577382400',556,'Sydney'),(33,'0596364244',557,'Madison'),(29,'0500584071',558,'Robert'),(27,'0511562690',559,'Jessica'),(28,'0504563229',560,'Stephen'),(35,'0553905471',561,'Alexandra'),(25,'0542561532',562,'Isaiah'),(31,'0566894752',563,'Peyton'),(31,'0517241359',564,'Madison'),(27,'0534418176',565,'Roger'),(46,'0540379636',566,'Gerald'),(35,'0540390240',567,'Amanda'),(38,'0508910889',568,'Peter'),(47,'0519122772',569,'Terry'),(46,'0533166472',570,'Lester'),(35,'0501764961',571,'Kennedy'),(45,'0563120222',572,'Scott'),(27,'0545325604',573,'Kevin'),(47,'0573267252',574,'Leah'),(44,'0505427170',575,'Kenneth'),(32,'0529381103',576,'Trevor'),(25,'0578506631',577,'Anthony'),(33,'0516257910',578,'Eddie'),(46,'0519250489',579,'Chloe'),(29,'0536186018',580,'Piper'),(37,'0562738249',581,'Amanda'),(25,'0563388439',582,'Matthew'),(36,'0562023050',583,'Rylee'),(39,'0507690005',584,'Walter'),(28,'0562139648',585,'Sarah'),(50,'0504844971',586,'Madeline'),(42,'0502876706',587,'Louis'),(25,'0567230285',588,'Richard'),(49,'0514909796',589,'Rachel'),(26,'0528973999',590,'Isaac'),(31,'0583170723',591,'Gabriella'),(39,'0592492070',592,'Dennis'),(27,'0592890560',593,'Roger'),(43,'0559139339',594,'Max'),(26,'0585190984',595,'Carl'),(42,'0567480883',596,'Claire'),(49,'0564233263',597,'Andrew'),(45,'0582078275',598,'Daniel'),(41,'0526747347',599,'Kaitlyn'),(49,'0506722720',600,'Avery'),(37,'0547006205',601,'Calvin'),(26,'0534000686',602,'Henry'),(41,'0568524045',603,'Aria'),(41,'0506888774',604,'Jordyn'),(36,'0535423682',605,'Derek'),(42,'0560177087',606,'Lila'),(50,'0598410430',607,'Landon'),(47,'0594328521',608,'Ellie'),(31,'0552375892',609,'Jeffrey'),(34,'0582504730',610,'Makayla'),(40,'0547662896',611,'Emma'),(46,'0551520734',612,'Sarah'),(43,'0590466677',613,'Caroline'),(50,'0538459607',614,'Andrew'),(33,'0521074155',615,'Trevor'),(37,'0569056327',616,'Riley'),(48,'0558804239',617,'Donald'),(48,'0513170993',618,'Londyn'),(43,'0569145169',619,'Stephanie'),(29,'0554545702',620,'Skylar'),(47,'0562100462',621,'Riley'),(42,'0511383787',622,'Mariah'),(45,'0507142895',623,'Alexandra'),(43,'0577814189',624,'Henry'),(26,'0594688364',625,'Adriana'),(47,'0541217659',626,'Patrick'),(34,'0560486894',627,'Olivia'),(45,'0505700434',628,'Hannah'),(42,'0530948673',629,'Ryan'),(50,'0546591335',630,'Allison'),(28,'0520687692',631,'Londyn'),(45,'0570830250',632,'Madison'),(39,'0571034076',633,'Lester'),(45,'0598599578',634,'Andrew'),(45,'0536291215',635,'Patrick'),(34,'0526813321',636,'Timothy'),(28,'0570528034',637,'Jerome'),(46,'0590602619',638,'Aaliyah'),(49,'0513624392',639,'Stephen'),(41,'0527563503',640,'Emma'),(46,'0519504724',641,'Brandon'),(50,'0505342881',642,'Riley'),(38,'0520128558',643,'Londyn'),(38,'0548540597',644,'Sydney'),(26,'0562725209',645,'Christopher'),(30,'0558252641',646,'Frank'),(35,'0592629956',647,'Patrick'),(40,'0580020092',648,'Andrew'),(40,'0567246904',649,'Glenn'),(46,'0571249276',650,'Jordyn'),(50,'0551959194',651,'Miles'),(33,'0546090452',652,'Stephen'),(26,'0512582131',653,'Claire'),(27,'0517624310',654,'Ralph'),(46,'0583366000',655,'Emma'),(46,'0555375502',656,'Caroline'),(44,'0546184295',657,'Haley'),(25,'0573142803',658,'Harold'),(26,'0530307906',659,'Haley'),(39,'0591565192',660,'Bella'),(27,'0541582176',661,'Keith'),(39,'0589619432',662,'Scott'),(32,'0547877793',663,'Natalie'),(29,'0571904931',664,'Landon'),(33,'0522436477',665,'Olivia'),(32,'0589297069',666,'William'),(32,'0513271948',667,'Calvin'),(34,'0514034684',668,'Lester'),(46,'0520719460',669,'Landon'),(27,'0518084256',670,'Paige'),(49,'0539677021',671,'Delaney'),(41,'0544509139',672,'Timothy'),(30,'0551791593',673,'Albert'),(42,'0589025767',674,'Aria'),(49,'0556008656',675,'Walter'),(38,'0593802818',676,'John'),(45,'0515367797',677,'Nicholas'),(34,'0516583803',678,'Adalyn'),(49,'0579506748',679,'Madison'),(37,'0548917835',680,'Aria'),(49,'0504095484',681,'Piper'),(46,'0565957491',682,'Lauren'),(42,'0526046446',683,'Sydney'),(43,'0555517075',684,'Christopher'),(35,'0528331365',685,'Mia'),(29,'0549589713',686,'Alexandra'),(44,'0559817643',687,'Landon'),(49,'0540894358',688,'Sara'),(40,'0506276151',689,'Sydney'),(32,'0568692192',690,'Brooke'),(42,'0569141301',691,'Nicole'),(47,'0595512238',692,'Jordyn'),(30,'0554079551',693,'Hannah'),(29,'0568916953',694,'Raymond'),(42,'0553601872',695,'Mackenzie'),(44,'0531245962',696,'Lila'),(26,'0556487277',697,'Norman'),(34,'0536602811',698,'Anthony'),(38,'0568424408',699,'Richard'),(38,'0579426659',700,'Melissa'),(33,'0594782086',701,'Anthony'),(40,'0526074298',702,'Amanda'),(49,'0587954031',703,'Roger'),(44,'0520967746',704,'Audrey'),(28,'0507050192',705,'Allison'),(47,'0510473755',706,'Makayla'),(50,'0571116561',707,'Mariah'),(29,'0505637585',708,'Matthew'),(31,'0596622079',709,'Jocelyn'),(31,'0532219825',710,'Gerald'),(50,'0519362150',711,'Kennedy'),(43,'0589820185',712,'Sara'),(44,'0569802608',713,'Layla'),(30,'0532349153',714,'Delaney'),(29,'0544084700',715,'Aaliyah'),(38,'0507479821',716,'Kaitlyn'),(42,'0530813479',717,'Amelia'),(34,'0571308789',718,'Olivia'),(38,'0530301743',719,'Claire'),(31,'0525000961',720,'Violet'),(47,'0517290215',721,'Lauren'),(38,'0566395070',722,'Jennifer'),(44,'0554416576',723,'Albert'),(33,'0597906075',724,'Derek'),(37,'0540600866',725,'Stephen'),(32,'0549308167',726,'Rylee'),(33,'0591175502',727,'Jonathan'),(36,'0538076582',728,'Grace'),(45,'0592343301',729,'Joel'),(43,'0563744576',730,'Timothy'),(49,'0596246938',731,'Philip'),(40,'0568747545',732,'Makenna'),(48,'0501178465',733,'Avery'),(35,'0508402643',734,'Kaitlyn'),(38,'0552904763',735,'Jennifer'),(38,'0556817366',736,'Eddie'),(43,'0528659949',737,'Caroline'),(42,'0540006184',738,'Lily'),(44,'0526230423',739,'Gerald'),(49,'0561016492',740,'Lily'),(30,'0558476934',741,'Kylie'),(39,'0582309853',742,'Kevin'),(29,'0572455705',743,'Frank'),(46,'0598073954',744,'Aubrey'),(39,'0590734150',745,'Londyn'),(30,'0543315802',746,'Terry'),(38,'0572717689',747,'Angelina'),(35,'0517006255',748,'Gianna'),(45,'0522820472',749,'Stephen'),(33,'0578975301',750,'Adalyn'),(44,'0501229295',751,'Jasmine'),(27,'0550712534',752,'Paige'),(26,'0514367700',753,'Grace'),(40,'0515246622',754,'Jerome'),(29,'0512134052',755,'Kennedy'),(42,'0501393058',756,'Frederick'),(40,'0582263153',757,'Frederick'),(39,'0523565523',758,'Isabel'),(40,'0515575549',759,'Jacob'),(40,'0529022249',760,'Faith'),(30,'0547610107',761,'Eugene'),(38,'0552069512',762,'Evelyn'),(29,'0557452831',763,'Nicole'),(40,'0546899098',764,'Clarence'),(40,'0584230771',765,'Richard'),(41,'0519587417',766,'Landon'),(29,'0543737616',767,'Henry'),(41,'0543304367',768,'Madison'),(39,'0546499012',769,'Joseph'),(39,'0577699828',770,'Isabella'),(32,'0599644766',771,'Brian'),(49,'0507273174',772,'Isabel'),(27,'0522991561',773,'Eugene'),(33,'0527514004',774,'Harold'),(30,'0585309855',775,'Lawrence'),(36,'0576951592',776,'Jocelyn'),(32,'0517663756',777,'Gregory'),(42,'0503199217',778,'Terry'),(40,'0595252093',779,'Mckenzie'),(47,'0533128819',780,'Skylar'),(49,'0573515386',781,'Daniel'),(27,'0547883107',782,'Martin'),(32,'0516272674',783,'Gabriella'),(27,'0535654573',784,'Howard'),(42,'0599471180',785,'Bella'),(28,'0558476193',786,'Isaiah'),(28,'0574681825',787,'Elise'),(42,'0535471125',788,'Sadie'),(46,'0573001609',789,'Terry'),(50,'0527293209',790,'Matthew'),(48,'0561451335',791,'George'),(36,'0538037389',792,'Michael'),(37,'0544115381',793,'Alexis'),(28,'0595897098',794,'Leah'),(29,'0528859473',795,'Sophie'),(28,'0511934152',796,'Clarence'),(43,'0594884946',797,'Aubrey'),(28,'0536692708',798,'Melissa'),(40,'0577904062',799,'Avery'),(33,'0513714919',800,'Gregory'),(33,'0512070949',801,'Lester'),(38,'0510154959',802,'Robert'),(31,'0579750603',803,'Audrey'),(26,'0529181695',804,'Joshua'),(34,'0538517148',805,'Max'),(25,'0503034141',806,'Alexandra'),(35,'0504178362',807,'Dennis'),(38,'0510643483',808,'Michael'),(44,'0516135861',809,'Glenn'),(50,'0582206447',810,'Leonard'),(36,'0549566394',811,'Miles'),(32,'0501950580',812,'Norman'),(41,'0535782244',813,'Sara'),(43,'0554584324',814,'Martin'),(27,'0537320484',815,'Elise'),(46,'0528630881',816,'Donald'),(40,'0550897846',817,'Joseph'),(35,'0547393084',818,'Jeffrey'),(31,'0542783845',819,'Brooke'),(29,'0596318685',820,'Kylie'),(49,'0502029158',821,'Ariana'),(40,'0591925286',822,'Adriana'),(38,'0527496441',823,'Audrey'),(45,'0514567986',824,'Calvin'),(44,'0581146652',825,'Terry'),(36,'0519553971',826,'Lila'),(31,'0537395378',827,'Morgan'),(40,'0554276535',828,'Daniel'),(35,'0570909700',829,'Roger'),(35,'0538522925',830,'Andrew'),(41,'0563986689',831,'Oscar'),(27,'0587862337',832,'Clarence'),(31,'0531127399',833,'Mckenzie'),(31,'0519415150',834,'Carl'),(28,'0584693612',835,'Samuel'),(32,'0512823379',836,'Bella'),(28,'0546166449',837,'Steven'),(37,'0582346797',838,'Carl'),(44,'0564563695',839,'Stephanie'),(35,'0598921563',840,'Bella'),(35,'0547066996',841,'Gabrielle'),(46,'0524542996',842,'Morgan'),(49,'0528983303',843,'Rachel'),(41,'0531959307',844,'Keith'),(41,'0566128884',845,'Lauren'),(32,'0509098380',846,'Harry'),(39,'0582859498',847,'Henry'),(49,'0516764003',848,'Amanda'),(45,'0542448664',849,'Oscar'),(25,'0586171742',850,'Piper'),(39,'0547217958',851,'Michael'),(45,'0569743848',852,'Delaney'),(47,'0530830239',853,'Roland'),(32,'0549126263',854,'Mackenzie'),(43,'0565212070',855,'Nicholas'),(36,'0577528134',856,'Evelyn'),(25,'0562860875',857,'Clarence'),(25,'0597894952',858,'Ronald'),(27,'0589985162',859,'Adriana'),(33,'0576594828',860,'Gerald'),(39,'0518848058',861,'Mariah'),(36,'0581322018',862,'Hailey'),(38,'0560933708',863,'Eric'),(47,'0586564724',864,'Brianna'),(34,'0527982566',865,'Kylie'),(33,'0511247370',866,'Bradley'),(32,'0563565381',867,'Brian'),(26,'0567033709',868,'Adriana'),(28,'0575580478',869,'Natalie'),(27,'0514066091',870,'Richard'),(36,'0539328994',871,'Megan'),(41,'0534911768',872,'Audrey'),(35,'0579179936',873,'Harold'),(27,'0510254489',874,'Amanda'),(43,'0518142259',875,'Joshua'),(50,'0524856915',876,'Maya'),(50,'0597302821',877,'Kylie'),(37,'0564799173',878,'Emily'),(38,'0591303786',879,'Paige'),(49,'0540730174',880,'Hailey'),(43,'0564584872',881,'Edward'),(34,'0549168118',882,'Terry'),(38,'0574564163',883,'Lawrence'),(47,'0554951517',884,'Elise'),(29,'0564252831',885,'Richard'),(32,'0585993005',886,'Adalyn'),(44,'0527140078',887,'Audrey'),(25,'0516493698',888,'Rylee'),(45,'0541185633',889,'Anthony'),(27,'0518072132',890,'Andrew'),(40,'0556105112',891,'Nathan'),(46,'0559691942',892,'Mariah'),(44,'0599178210',893,'Scott'),(27,'0558341907',894,'Sydney'),(46,'0543773315',895,'Adalyn'),(30,'0532667576',896,'Haley'),(37,'0550060891',897,'Kayla'),(50,'0540246802',898,'Anthony'),(30,'0509836010',899,'Howard'),(31,'0539056545',900,'Adalyn'),(49,'0517137034',901,'Nora'),(30,'0518948053',902,'Joseph'),(37,'0519902915',903,'Peter'),(30,'0557545457',904,'Skylar'),(34,'0501466142',905,'Ellie'),(40,'0550717235',906,'Lawrence'),(26,'0560946345',907,'Kevin'),(34,'0571075857',908,'Chloe'),(27,'0535157058',909,'Bradley'),(36,'0585141679',910,'Stephanie'),(25,'0538969721',911,'Evelyn'),(29,'0500550345',912,'Brooke'),(41,'0571888255',913,'Roger'),(43,'0574073463',914,'Harry'),(26,'0525040010',915,'Stephanie'),(40,'0594962651',916,'Allison'),(41,'0581414380',917,'Roland'),(27,'0594492173',918,'Jacob'),(27,'0549328518',919,'Clarence'),(30,'0594414890',920,'Roland'),(34,'0540162848',921,'Brian'),(48,'0583347817',922,'Claire'),(38,'0527034793',923,'Makayla'),(48,'0563299993',924,'Leah'),(28,'0582265957',925,'Hailey'),(46,'0584998012',926,'Gianna'),(32,'0503029405',927,'Melissa'),(37,'0584548290',928,'Samantha'),(45,'0543754870',929,'Ralph'),(46,'0551731172',930,'Alyssa'),(29,'0583468785',931,'Glenn'),(26,'0566483085',932,'Aubrey'),(27,'0508951182',933,'Evelyn'),(49,'0582982105',934,'Jerome'),(34,'0556865540',935,'Brianna'),(29,'0548297570',936,'Keith'),(30,'0529382319',937,'Raymond'),(25,'0504534973',938,'Victor'),(29,'0544319991',939,'Mia'),(37,'0580439425',940,'Jacob'),(39,'0537615307',941,'Roger'),(43,'0561202404',942,'Samantha'),(49,'0588672402',943,'Hailey'),(29,'0592554847',944,'Isabella'),(48,'0561295284',945,'Jasmine'),(36,'0534461709',946,'Elise'),(36,'0539688602',947,'Madison'),(50,'0520311229',948,'Gregory'),(25,'0582723048',949,'Grace'),(45,'0558316658',950,'Raymond'),(49,'0535139096',951,'Gordon'),(34,'0556875535',952,'Makayla'),(33,'0520267680',953,'Jordyn'),(26,'0577205163',954,'Trevor'),(42,'0505064529',955,'Aria'),(50,'0575234790',956,'Jeffrey'),(49,'0510242766',957,'Ralph'),(50,'0560753547',958,'Mia'),(49,'0518160017',959,'Joshua'),(27,'0574395068',960,'Lila'),(43,'0599211050',961,'Adalyn'),(37,'0541968213',962,'Jerome'),(31,'0569826238',963,'Riley'),(39,'0512042935',964,'Trevor'),(33,'0573922928',965,'Layla'),(28,'0506306963',966,'Roland'),(38,'0576059848',967,'Aubrey'),(44,'0599989091',968,'Hailey'),(36,'0564000591',969,'Ellie'),(39,'0509681117',970,'Steven'),(35,'0575779048',971,'Ronald'),(34,'0573150005',972,'Dennis'),(35,'0580328317',973,'Brandon'),(41,'0565750778',974,'Grace'),(32,'0580440310',975,'Roland'),(27,'0540985362',976,'Faith'),(40,'0589600211',977,'Sophie'),(44,'0552719407',978,'Faith'),(40,'0589955458',979,'Layla'),(44,'0503698855',980,'Kevin'),(28,'0544696103',981,'Ashley'),(40,'0595678828',982,'Frederick'),(43,'0593248309',983,'Levi'),(31,'0531913333',984,'Angelina'),(38,'0518664162',985,'Victoria'),(38,'0552412411',986,'Alyssa'),(29,'0595486949',987,'Audrey'),(28,'0582391149',988,'Ronald'),(33,'0578040725',989,'Haley'),(43,'0547599640',990,'Jared'),(45,'0515856482',991,'Sydney'),(40,'0598653536',992,'William'),(29,'0558448257',993,'Jacob'),(44,'0539580833',994,'Philip'),(50,'0515131527',995,'Howard'),(44,'0505353886',996,'Jerome'),(31,'0592566169',997,'Timothy'),(49,'0540480887',998,'Robert'),(28,'0524274724',999,'Lawrence'),(36,'0590043127',1000,'Nora'),(42,'0535808813',1001,'Henry'),(37,'0534108549',1002,'Kevin'),(37,'0545330350',1003,'Ariana'),(28,'0504343779',1004,'Max'),(28,'0537659284',1005,'William'),(30,'0587648026',1006,'Kenneth'),(34,'0507538398',1007,'Jonathan'),(47,'0597137746',1008,'Landon'),(34,'0582110729',1009,'Andrew'),(43,'0539895963',1010,'Ralph'),(34,'0521902976',1011,'Harry'),(28,'0596165293',1012,'Sydney'),(29,'0539791973',1013,'Francis'),(30,'0502861631',1014,'Scott'),(38,'0569775255',1015,'Benjamin'),(49,'0539651696',1016,'Ronald'),(40,'0581887304',1017,'Megan'),(30,'0530730549',1018,'Harry'),(42,'0576823086',1019,'Morgan'),(33,'0557520167',1020,'Edward'),(30,'0587378160',1021,'Claire'),(36,'0551146907',1022,'Ronald'),(31,'0545599126',1023,'Thomas'),(38,'0547799205',1024,'Caroline'),(40,'0528366054',1025,'Victoria'),(27,'0573053983',1026,'Gordon'),(34,'0586996583',1027,'Stephen'),(45,'0516989219',1028,'William'),(28,'0514040909',1029,'Roger'),(36,'0545728596',1030,'Arthur'),(26,'0568934017',1031,'Sydney'),(39,'0557678167',1032,'Gregory'),(35,'0519052581',1033,'Aaliyah'),(34,'0597988769',1034,'Albert'),(49,'0522999184',1035,'Katherine'),(42,'0533070811',1036,'Jonathan'),(43,'0522567013',1037,'Richard'),(43,'0580410831',1038,'Tyler'),(41,'0501224505',1039,'Chloe'),(25,'0533830536',1040,'Glenn'),(34,'0534608765',1041,'Aria'),(39,'0579263030',1042,'Brian'),(50,'0533402037',1043,'Kennedy'),(43,'0555170351',1044,'Londyn'),(45,'0573815233',1045,'Matthew'),(47,'0502825271',1046,'Tyler'),(47,'0505329531',1047,'Victoria'),(45,'0538194669',1048,'Amelia'),(49,'0552850079',1049,'Samantha'),(36,'0501570974',1050,'Gianna'),(36,'0517689047',1051,'Faith'),(26,'0557052364',1052,'Jennifer'),(40,'0584757737',1053,'Philip'),(46,'0553965260',1054,'Claire'),(29,'0504936893',1055,'Rachel'),(49,'0525439934',1056,'Sadie'),(37,'0583226112',1057,'Jessica'),(26,'0567668051',1058,'Tyler'),(29,'0561055167',1059,'Layla'),(25,'0566878840',1060,'Peter'),(40,'0505210685',1061,'Max'),(37,'0595167457',1062,'Max'),(49,'0591029554',1063,'Grace'),(26,'0507924471',1064,'Timothy'),(30,'0565170792',1065,'Isabella'),(33,'0516151996',1066,'Benjamin'),(38,'0547349125',1067,'Timothy'),(44,'0503294967',1068,'Calvin'),(27,'0596677988',1069,'Makayla'),(42,'0567840301',1070,'Derek'),(49,'0525043368',1071,'Victoria'),(29,'0532281783',1072,'Ronald'),(36,'0536951712',1073,'Natalie'),(47,'0588103687',1074,'Wayne'),(27,'0548627144',1075,'Robert'),(35,'0506094741',1076,'Frederick'),(28,'0531648428',1077,'Brandon'),(48,'0513071084',1078,'Wayne'),(34,'0521610819',1079,'Timothy'),(33,'0507594316',1080,'Jocelyn'),(41,'0512714845',1081,'Albert'),(27,'0516602130',1082,'Gregory'),(28,'0585562322',1083,'Kenneth'),(48,'0533899466',1084,'Delaney'),(38,'0529861201',1085,'Peyton'),(25,'0595518439',1086,'Dennis'),(30,'0580333700',1087,'Olivia'),(46,'0524550490',1088,'Stephanie'),(45,'0505876216',1089,'Isabella'),(31,'0517420858',1090,'Samantha'),(38,'0526434948',1091,'Robert'),(32,'0540185558',1092,'Anthony'),(50,'0546935956',1093,'Frederick'),(32,'0510442137',1094,'Ralph'),(50,'0551705138',1095,'Gabriella'),(25,'0514976991',1096,'Walter'),(25,'0552895888',1097,'Riley'),(47,'0572381116',1098,'Morgan'),(49,'0553124515',1099,'Bradley'),(28,'0555269638',1100,'Morgan'),(32,'0577757342',1101,'Brooke'),(26,'0536306076',1102,'Oscar'),(47,'0567501752',1103,'Riley'),(26,'0510268532',1104,'Trevor'),(43,'0542760613',1105,'Henry'),(48,'0530664783',1106,'Daniel'),(45,'0589224669',1107,'Thomas'),(45,'0585243014',1108,'Tyler'),(37,'0501044476',1109,'Kaitlyn'),(30,'0574794117',1110,'Robert'),(49,'0586687683',1111,'Frank'),(47,'0514787633',1112,'Olivia'),(50,'0554504439',1113,'Hailey'),(39,'0543422342',1114,'Nora'),(50,'0534297857',1115,'Morgan'),(43,'0583226944',1116,'Oscar'),(32,'0568737224',1117,'Rachel'),(47,'0575609940',1118,'Rachel'),(40,'0541160641',1119,'Norman'),(39,'0503538845',1120,'Skylar'),(47,'0503240759',1121,'Sarah'),(48,'0527150395',1122,'Howard'),(25,'0575157258',1123,'Samantha'),(50,'0542206792',1124,'Rachel'),(27,'0523530583',1125,'Isabelle'),(37,'0510344121',1126,'Faith'),(25,'0541364682',1127,'Robert'),(49,'0575879244',1128,'Leonard'),(46,'0531887501',1129,'Gabrielle'),(36,'0527591850',1130,'Sarah'),(34,'0526131407',1131,'Glenn'),(31,'0505444840',1132,'Victor'),(43,'0584265006',1133,'Michael'),(49,'0573928033',1134,'Eric'),(46,'0584358998',1135,'Claire'),(25,'0558151435',1136,'Aaliyah'),(49,'0560584899',1137,'Gianna'),(48,'0589030089',1138,'Landon'),(33,'0591468773',1139,'Benjamin'),(47,'0545394381',1140,'Stephanie'),(45,'0503348771',1141,'Natalie'),(39,'0558603151',1142,'Ryan'),(40,'0566321584',1143,'George'),(48,'0568172577',1144,'Julia'),(28,'0552822158',1145,'Derek'),(32,'0523897657',1146,'Charles'),(26,'0559161892',1147,'Kylie'),(45,'0509717077',1148,'Michael'),(26,'0559876304',1149,'Stephen'),(26,'0585123191',1150,'Sophie'),(45,'0534730307',1151,'Jasmine'),(26,'0595926283',1152,'Emma'),(45,'0504392267',1153,'Nicholas'),(44,'0593334737',1154,'Victoria'),(47,'0586766045',1155,'Jacob'),(38,'0556270551',1156,'Gabriella'),(49,'0587504956',1157,'Brandon'),(41,'0559449684',1158,'John'),(36,'0557361864',1159,'Jordyn'),(31,'0521211833',1160,'Walter'),(26,'0586131973',1161,'Stephen'),(40,'0569044889',1162,'Nicole'),(36,'0576635059',1163,'Samuel'),(29,'0502999890',1164,'Bradley'),(38,'0569858378',1165,'Audrey'),(27,'0527714163',1166,'Christopher'),(25,'0599911621',1167,'Oscar'),(48,'0584841436',1168,'Samuel'),(37,'0590351613',1169,'Cameron'),(33,'0587710614',1170,'Peyton'),(46,'0541257482',1171,'Timothy'),(43,'0521610107',1172,'Victoria'),(48,'0532545629',1173,'John'),(35,'0554970897',1174,'Makayla'),(49,'0528615803',1175,'Levi'),(37,'0568200334',1176,'Norman'),(28,'0579868385',1177,'Eddie'),(49,'0509434675',1178,'Madison'),(41,'0517630856',1179,'Maya'),(32,'0509443501',1180,'Jennifer'),(39,'0551893569',1181,'Norman'),(46,'0540237274',1182,'Kennedy'),(37,'0594179403',1183,'Ariana'),(46,'0503303645',1184,'Peyton'),(43,'0535894285',1185,'Nathan'),(27,'0504419210',1186,'Mckenzie'),(30,'0598106603',1187,'Ellie'),(46,'0561852694',1188,'Lily'),(50,'0537453498',1189,'Carl'),(50,'0509642785',1190,'Claire'),(44,'0535598631',1191,'Brianna'),(35,'0597162389',1192,'Kaitlyn'),(43,'0538251450',1193,'Francis'),(44,'0594591067',1194,'Sara'),(40,'0534776565',1195,'Isabel'),(25,'0565882923',1196,'Brooke'),(36,'0579707243',1197,'Samuel'),(50,'0593572410',1198,'Frederick'),(31,'0581860255',1199,'Edward'),(47,'0539156260',1200,'Dennis');
/*!40000 ALTER TABLE `person` ENABLE KEYS */;
UNLOCK TABLES;

--
-- Table structure for table `room`
--

DROP TABLE IF EXISTS `room`;
/*!40101 SET @saved_cs_client     = @@character_set_client */;
/*!50503 SET character_set_client = utf8mb4 */;
CREATE TABLE `room` (
  `RoomID` int NOT NULL,
  `MaxCapacity` int NOT NULL,
  `BuildingID` int NOT NULL,
  PRIMARY KEY (`RoomID`,`BuildingID`),
  KEY `BuildingID` (`BuildingID`),
  CONSTRAINT `room_ibfk_1` FOREIGN KEY (`BuildingID`) REFERENCES `building` (`BuildingID`)
) ENGINE=InnoDB DEFAULT CHARSET=utf8mb4 COLLATE=utf8mb4_0900_ai_ci;
/*!40101 SET character_set_client = @saved_cs_client */;

--
-- Dumping data for table `room`
--

LOCK TABLES `room` WRITE;
/*!40000 ALTER TABLE `room` DISABLE KEYS */;
INSERT INTO `room` VALUES (1,5,1),(1,5,2),(1,5,3),(1,4,4),(1,4,5),(1,5,6),(1,5,7),(1,5,8),(1,8,9),(1,7,10),(1,7,11),(1,4,12),(1,5,13),(1,8,14),(1,8,15),(1,7,16),(1,8,17),(1,7,18),(1,5,19),(1,4,20),(1,7,21),(1,4,22),(1,7,23),(1,8,24),(1,5,25),(1,8,26),(1,8,27),(1,8,28),(1,7,29),(1,6,30),(1,7,31),(1,4,32),(1,6,33),(1,8,34),(1,8,35),(1,4,36),(1,7,37),(1,4,38),(1,5,39),(1,4,40),(1,5,41),(1,4,42),(1,8,43),(1,8,44),(1,5,45),(1,6,46),(1,6,47),(1,4,48),(1,8,49),(1,8,50),(1,8,51),(1,4,52),(1,8,53),(1,6,54),(1,7,55),(1,8,56),(1,4,57),(1,8,58),(1,6,59),(1,5,60),(1,8,61),(1,4,62),(1,4,63),(1,7,64),(1,7,65),(1,7,66),(1,8,67),(1,7,68),(1,6,69),(1,8,70),(1,4,71),(1,6,72),(1,8,73),(1,8,74),(1,4,75),(1,5,76),(1,7,77),(1,8,78),(1,4,79),(1,7,80),(1,5,81),(1,7,82),(1,4,83),(1,8,84),(1,6,85),(1,7,86),(1,5,87),(1,5,88),(1,7,89),(1,4,90),(1,5,91),(1,5,92),(1,4,93),(1,5,94),(1,8,95),(1,6,96),(1,6,97),(1,8,98),(1,4,99),(1,4,100),(1,8,101),(1,4,102),(1,6,103),(1,4,104),(1,6,105),(1,7,106),(1,5,107),(1,8,108),(1,5,109),(1,7,110),(1,4,111),(1,7,112),(1,8,113),(1,7,114),(1,8,115),(1,4,116),(1,6,117),(1,7,118),(1,7,119),(1,8,120),(1,5,121),(1,4,122),(1,8,123),(1,5,124),(1,7,125),(1,5,126),(1,6,127),(1,6,128),(1,7,129),(1,7,130),(1,5,131),(1,5,132),(1,8,133),(1,6,134),(1,5,135),(1,6,136),(1,4,137),(1,7,138),(1,6,139),(1,8,140),(1,8,141),(1,8,142),(1,4,143),(1,6,144),(1,4,145),(1,7,146),(1,8,147),(1,8,148),(1,7,149),(1,7,150),(1,6,151),(1,4,152),(1,5,153),(1,6,154),(1,4,155),(1,6,156),(1,5,157),(1,6,158),(1,4,159),(1,5,160),(1,7,161),(1,8,162),(1,8,163),(1,8,164),(1,7,165),(1,8,166),(1,5,167),(1,4,168),(1,8,169),(1,8,170),(1,8,171),(1,6,172),(1,6,173),(1,6,174),(1,8,175),(1,6,176),(1,4,177),(1,5,178),(1,4,179),(1,7,180),(1,8,181),(1,5,182),(1,7,183),(1,8,184),(1,7,185),(1,6,186),(1,8,187),(1,6,188),(1,5,189),(1,8,190),(1,5,191),(1,7,192),(1,7,193),(1,4,194),(1,6,195),(1,8,196),(1,5,197),(1,5,198),(1,8,199),(1,8,200),(1,8,201),(1,5,202),(1,5,203),(1,7,204),(1,4,205),(1,7,206),(1,6,207),(1,5,208),(1,6,209),(1,7,210),(1,8,211),(1,5,212),(1,6,213),(1,8,214),(1,6,215),(1,5,216),(1,4,217),(1,8,218),(1,7,219),(1,6,220),(1,7,221),(1,5,222),(1,7,223),(1,4,224),(1,6,225),(1,6,226),(1,5,227),(1,6,228),(1,4,229),(1,7,230),(1,8,231),(1,5,232),(1,7,233),(1,5,234),(1,4,235),(1,5,236),(1,7,237),(1,7,238),(1,6,239),(1,8,240),(1,8,241),(1,8,242),(1,8,243),(1,7,244),(1,7,245),(1,5,246),(1,5,247),(1,6,248),(1,4,249),(1,7,250),(1,4,251),(1,5,252),(1,5,253),(1,7,254),(1,6,255),(1,4,256),(1,6,257),(1,4,258),(1,6,259),(1,5,260),(1,8,261),(1,7,262),(1,6,263),(1,4,264),(1,4,265),(1,8,266),(1,5,267),(1,8,268),(1,4,269),(1,4,270),(1,8,271),(1,6,272),(1,5,273),(1,5,274),(1,4,275),(1,5,276),(1,6,277),(1,4,278),(1,8,279),(1,5,280),(1,6,281),(1,5,282),(1,4,283),(1,6,284),(1,6,285),(1,6,286),(1,7,287),(1,6,288),(1,8,289),(1,7,290),(1,6,291),(1,5,292),(1,6,293),(1,6,294),(1,8,295),(1,7,296),(1,6,297),(1,7,298),(1,8,299),(1,8,300),(1,4,301),(1,5,302),(1,8,303),(1,7,304),(1,7,305),(1,5,306),(1,4,307),(1,6,308),(1,5,309),(1,5,310),(1,7,311),(1,6,312),(1,5,313),(1,6,314),(1,8,315),(1,7,316),(1,8,317),(1,5,318),(1,7,319),(1,4,320),(1,4,321),(1,5,322),(1,4,323),(1,4,324),(1,7,325),(1,8,326),(1,4,327),(1,5,328),(1,4,329),(1,5,330),(1,4,331),(1,4,332),(1,6,333),(1,8,334),(1,4,335),(1,5,336),(1,8,337),(1,6,338),(1,6,339),(1,8,340),(1,8,341),(1,4,342),(1,5,343),(1,6,344),(1,8,345),(1,8,346),(1,7,347),(1,7,348),(1,8,349),(1,8,350),(1,8,351),(1,6,352),(1,5,353),(1,7,354),(1,8,355),(1,6,356),(1,5,357),(1,7,358),(1,6,359),(1,8,360),(1,5,361),(1,8,362),(1,4,363),(1,4,364),(1,4,365),(1,8,366),(1,7,367),(1,5,368),(1,5,369),(1,4,370),(1,4,371),(1,6,372),(1,5,373),(1,4,374),(1,4,375),(1,5,376),(1,8,377),(1,6,378),(1,6,379),(1,5,380),(1,8,381),(1,5,382),(1,7,383),(1,4,384),(1,7,385),(1,5,386),(1,6,387),(1,6,388),(1,5,389),(1,5,390),(1,5,391),(1,8,392),(1,4,393),(1,5,394),(1,5,395),(1,7,396),(1,4,397),(1,5,398),(1,7,399),(1,8,400),(2,7,1),(2,7,2),(2,5,3),(2,5,4),(2,8,5),(2,6,6),(2,6,7),(2,6,8),(2,6,9),(2,5,10),(2,5,11),(2,6,12),(2,7,13),(2,7,14),(2,5,15),(2,4,16),(2,5,17),(2,8,18),(2,5,19),(2,5,20),(2,8,21),(2,7,22),(2,8,23),(2,6,24),(2,4,25),(2,7,26),(2,5,27),(2,4,28),(2,5,29),(2,7,30),(2,8,31),(2,7,32),(2,5,33),(2,8,34),(2,4,35),(2,8,36),(2,6,37),(2,6,38),(2,6,39),(2,8,40),(2,6,41),(2,4,42),(2,8,43),(2,5,44),(2,7,45),(2,8,46),(2,4,47),(2,7,48),(2,5,49),(2,7,50),(2,4,51),(2,4,52),(2,7,53),(2,6,54),(2,8,55),(2,7,56),(2,8,57),(2,5,58),(2,4,59),(2,6,60),(2,7,61),(2,5,62),(2,8,63),(2,4,64),(2,8,65),(2,6,66),(2,8,67),(2,8,68),(2,5,69),(2,4,70),(2,4,71),(2,6,72),(2,5,73),(2,6,74),(2,7,75),(2,7,76),(2,5,77),(2,4,78),(2,5,79),(2,4,80),(2,7,81),(2,7,82),(2,6,83),(2,8,84),(2,8,85),(2,8,86),(2,7,87),(2,4,88),(2,6,89),(2,5,90),(2,5,91),(2,7,92),(2,4,93),(2,7,94),(2,4,95),(2,5,96),(2,5,97),(2,4,98),(2,4,99),(2,6,100),(2,5,101),(2,8,102),(2,5,103),(2,8,104),(2,4,105),(2,4,106),(2,5,107),(2,4,108),(2,7,109),(2,8,110),(2,8,111),(2,7,112),(2,8,113),(2,8,114),(2,6,115),(2,6,116),(2,6,117),(2,6,118),(2,4,119),(2,5,120),(2,7,121),(2,8,122),(2,7,123),(2,8,124),(2,4,125),(2,8,126),(2,5,127),(2,4,128),(2,6,129),(2,8,130),(2,7,131),(2,8,132),(2,5,133),(2,8,134),(2,7,135),(2,5,136),(2,6,137),(2,6,138),(2,6,139),(2,5,140),(2,8,141),(2,8,142),(2,6,143),(2,6,144),(2,4,145),(2,8,146),(2,4,147),(2,5,148),(2,8,149),(2,4,150),(2,5,151),(2,8,152),(2,4,153),(2,4,154),(2,7,155),(2,4,156),(2,6,157),(2,8,158),(2,6,159),(2,5,160),(2,8,161),(2,6,162),(2,6,163),(2,7,164),(2,5,165),(2,4,166),(2,6,167),(2,7,168),(2,5,169),(2,6,170),(2,6,171),(2,6,172),(2,4,173),(2,5,174),(2,8,175),(2,4,176),(2,5,177),(2,5,178),(2,4,179),(2,5,180),(2,4,181),(2,5,182),(2,4,183),(2,7,184),(2,5,185),(2,5,186),(2,7,187),(2,4,188),(2,6,189),(2,5,190),(2,5,191),(2,4,192),(2,8,193),(2,8,194),(2,7,195),(2,8,196),(2,7,197),(2,6,198),(2,8,199),(2,6,200),(2,7,201),(2,7,202),(2,4,203),(2,7,204),(2,4,205),(2,5,206),(2,5,207),(2,7,208),(2,4,209),(2,6,210),(2,5,211),(2,4,212),(2,7,213),(2,5,214),(2,6,215),(2,7,216),(2,7,217),(2,7,218),(2,6,219),(2,5,220),(2,7,221),(2,4,222),(2,5,223),(2,7,224),(2,7,225),(2,4,226),(2,6,227),(2,4,228),(2,5,229),(2,8,230),(2,6,231),(2,8,232),(2,8,233),(2,5,234),(2,6,235),(2,4,236),(2,8,237),(2,8,238),(2,7,239),(2,8,240),(2,5,241),(2,6,242),(2,6,243),(2,4,244),(2,4,245),(2,5,246),(2,4,247),(2,6,248),(2,4,249),(2,5,250),(2,4,251),(2,7,252),(2,4,253),(2,8,254),(2,4,255),(2,4,256),(2,6,257),(2,6,258),(2,5,259),(2,8,260),(2,4,261),(2,5,262),(2,5,263),(2,7,264),(2,7,265),(2,8,266),(2,5,267),(2,7,268),(2,8,269),(2,5,270),(2,8,271),(2,5,272),(2,8,273),(2,4,274),(2,7,275),(2,4,276),(2,5,277),(2,8,278),(2,4,279),(2,4,280),(2,4,281),(2,7,282),(2,8,283),(2,4,284),(2,6,285),(2,6,286),(2,5,287),(2,6,288),(2,4,289),(2,8,290),(2,6,291),(2,7,292),(2,8,293),(2,7,294),(2,8,295),(2,8,296),(2,7,297),(2,5,298),(2,8,299),(2,8,300),(2,8,301),(2,8,302),(2,7,303),(2,8,304),(2,4,305),(2,7,306),(2,6,307),(2,5,308),(2,6,309),(2,4,310),(2,6,311),(2,7,312),(2,5,313),(2,7,314),(2,8,315),(2,6,316),(2,7,317),(2,7,318),(2,7,319),(2,8,320),(2,7,321),(2,5,322),(2,8,323),(2,7,324),(2,8,325),(2,7,326),(2,7,327),(2,5,328),(2,8,329),(2,4,330),(2,7,331),(2,6,332),(2,6,333),(2,5,334),(2,7,335),(2,4,336),(2,5,337),(2,7,338),(2,7,339),(2,8,340),(2,5,341),(2,5,342),(2,7,343),(2,4,344),(2,5,345),(2,4,346),(2,5,347),(2,8,348),(2,8,349),(2,6,350),(2,7,351),(2,5,352),(2,5,353),(2,8,354),(2,6,355),(2,6,356),(2,8,357),(2,4,358),(2,7,359),(2,7,360),(2,7,361),(2,4,362),(2,8,363),(2,6,364),(2,4,365),(2,6,366),(2,5,367),(2,5,368),(2,5,369),(2,5,370),(2,6,371),(2,7,372),(2,8,373),(2,6,374),(2,8,375),(2,5,376),(2,6,377),(2,7,378),(2,6,379),(2,7,380),(2,5,381),(2,5,382),(2,8,383),(2,7,384),(2,6,385),(2,8,386),(2,8,387),(2,7,388),(2,6,389),(2,5,390),(2,4,391),(2,8,392),(2,5,393),(2,5,394),(2,4,395),(2,4,396),(2,6,397),(2,7,398),(2,4,399),(2,4,400);
/*!40000 ALTER TABLE `room` ENABLE KEYS */;
UNLOCK TABLES;

--
-- Table structure for table `student`
--

DROP TABLE IF EXISTS `student`;
/*!40101 SET @saved_cs_client     = @@character_set_client */;
/*!50503 SET character_set_client = utf8mb4 */;
CREATE TABLE `student` (
  `EnrollmentDate` date NOT NULL,
  `Major` varchar(50) NOT NULL,
  `ID` int NOT NULL,
  `RoomID` int DEFAULT NULL,
  `BuildingID` int DEFAULT NULL,
  PRIMARY KEY (`ID`),
  KEY `RoomID` (`RoomID`,`BuildingID`),
  CONSTRAINT `student_ibfk_1` FOREIGN KEY (`ID`) REFERENCES `person` (`ID`),
  CONSTRAINT `student_ibfk_2` FOREIGN KEY (`RoomID`, `BuildingID`) REFERENCES `room` (`RoomID`, `BuildingID`)
) ENGINE=InnoDB DEFAULT CHARSET=utf8mb4 COLLATE=utf8mb4_0900_ai_ci;
/*!40101 SET character_set_client = @saved_cs_client */;

--
-- Dumping data for table `student`
--

LOCK TABLES `student` WRITE;
/*!40000 ALTER TABLE `student` DISABLE KEYS */;
INSERT INTO `student` VALUES ('2009-05-17','English Literature',4,2,318),('2015-12-25','Environmental Science',16,2,308),('2022-08-17','Mechanical Engineering',17,1,227),('2015-11-18','Nursing',18,1,337),('2012-07-29','History',19,2,137),('2013-06-21','English Literature',20,2,392),('2018-02-14','Nursing',21,2,301),('2020-03-05','Physics',24,2,81),('2015-09-16','Mechanical Engineering',27,2,232),('2018-11-28','Business Administration',32,2,175),('2008-09-09','History',34,1,218),('2004-05-20','Accounting',44,1,270),('2013-03-06','Biology',48,1,113),('2023-04-01','Economics',51,1,80),('2003-09-22','Graphic Design',52,1,266),('2013-04-09','History',57,2,160),('2017-04-19','Accounting',60,1,25),('2023-10-21','English Literature',62,1,119),('2015-01-12','Sociology',68,2,50),('2000-09-18','Business Administration',72,2,338),('2005-10-16','Political Science',73,1,332),('2018-03-24','Accounting',76,2,387),('2000-01-08','Physics',93,1,28),('2014-01-16','Economics',97,1,73),('2020-01-29','Physics',100,1,44),('2013-03-24','Environmental Science',101,2,312),('2013-06-15','Environmental Science',103,2,276),('2019-04-10','History',104,2,271),('2002-12-27','Political Science',109,2,329),('2014-08-25','Graphic Design',114,1,51),('2023-03-31','Graphic Design',115,1,80),('2018-07-10','Business Administration',116,1,169),('2004-05-03','Political Science',117,2,14),('2023-03-29','Economics',122,1,128),('2009-12-19','English Literature',128,1,135),('2006-03-07','Economics',133,1,259),('2015-06-06','Political Science',135,1,114),('2020-10-07','Nursing',138,1,147),('2016-10-06','Computer Science',139,2,364),('2003-11-20','Psychology',144,1,89),('2016-06-04','Environmental Science',146,1,245),('2012-02-28','Computer Science',147,2,269),('2008-05-09','Environmental Science',149,1,28),('2017-04-10','Computer Science',150,2,25),('2016-09-04','Environmental Science',154,1,21),('2023-02-26','Economics',157,2,58),('2015-06-28','Mechanical Engineering',158,1,239),('2021-02-27','Economics',159,1,270),('2021-10-07','Sociology',160,1,298),('2011-12-10','Economics',161,2,227),('2015-03-11','Biology',167,1,50),('2018-03-28','Mechanical Engineering',169,1,70),('2020-05-28','Mechanical Engineering',170,2,304),('2001-10-10','Environmental Science',171,2,139),('2014-09-15','Graphic Design',173,2,188),('2011-11-06','Sociology',174,2,14),('2014-11-10','Psychology',175,1,377),('2010-11-13','Environmental Science',177,1,184),('2002-10-13','Accounting',178,1,44),('2005-02-08','Mechanical Engineering',179,1,367),('2002-08-24','Physics',180,1,331),('2023-09-29','Biology',181,2,128),('2004-11-12','Environmental Science',182,2,329),('2014-01-15','Biology',183,1,37),('2000-04-21','Environmental Science',186,2,84),('2006-07-13','Biology',189,1,361),('2015-05-04','Environmental Science',190,2,165),('2000-02-29','English Literature',197,1,23),('2010-12-16','Nursing',198,2,241),('2010-01-30','Computer Science',200,2,236),('2004-07-22','History',201,1,81),('2011-03-03','Environmental Science',203,1,135),('2015-05-17','Mechanical Engineering',204,2,305),('2003-06-01','Graphic Design',208,2,131),('2017-04-11','Environmental Science',221,1,38),('2012-06-25','Sociology',222,2,146),('2008-01-17','Business Administration',224,1,105),('2016-09-02','Political Science',227,2,124),('2022-05-14','English Literature',229,1,207),('2003-10-28','Environmental Science',230,1,104),('2020-06-21','Graphic Design',232,1,388),('2002-12-20','Political Science',233,2,298),('2005-11-24','Biology',234,1,310),('2008-02-23','Economics',237,1,38),('2005-08-21','Political Science',241,1,34),('2000-01-13','Economics',243,2,163),('2020-01-30','Physics',253,2,185),('2019-02-02','Graphic Design',256,2,390),('2023-06-09','Graphic Design',258,2,215),('2003-02-12','Mechanical Engineering',260,2,148),('2012-06-13','Biology',263,2,183),('2000-01-27','Psychology',264,2,62),('2015-03-06','Graphic Design',267,2,322),('2012-01-13','Political Science',268,2,246),('2016-11-01','English Literature',269,1,389),('2010-01-19','Mechanical Engineering',270,1,66),('2002-07-01','Physics',279,2,313),('2008-12-25','English Literature',283,2,2),('2009-10-09','Sociology',286,2,116),('2000-01-31','Accounting',290,1,114),('2011-07-03','Political Science',296,2,235),('2002-07-17','Political Science',297,1,231),('2017-04-17','Mechanical Engineering',309,2,199),('2003-07-05','Nursing',311,1,62),('2006-05-21','Business Administration',317,1,316),('2020-03-20','Psychology',321,2,38),('2006-03-07','Graphic Design',326,1,147),('2015-11-29','Graphic Design',328,2,29),('2021-12-26','Political Science',333,1,90),('2008-02-04','Nursing',335,1,288),('2023-06-13','Business Administration',337,1,335),('2019-07-18','Biology',341,1,243),('2000-03-08','Computer Science',344,2,317),('2015-08-02','Computer Science',347,2,297),('2011-10-10','Psychology',352,2,72),('2014-12-03','Mechanical Engineering',353,2,63),('2019-08-16','History',355,1,346),('2004-05-24','Graphic Design',356,1,218),('2007-09-13','Business Administration',357,1,147),('2003-09-13','History',363,2,326),('2000-09-23','Political Science',364,1,242),('2010-05-26','Business Administration',366,2,16),('2020-08-10','Economics',367,1,350),('2019-09-02','Environmental Science',369,2,121),('2011-05-02','Business Administration',371,2,395),('2012-07-29','Graphic Design',372,1,106),('2008-06-19','Graphic Design',373,1,260),('2017-05-26','Sociology',377,1,213),('2023-11-09','Psychology',386,1,20),('2020-12-02','Sociology',388,1,305),('2012-05-29','Graphic Design',391,1,190),('2003-01-10','Economics',400,2,195),('2013-12-15','Physics',403,2,231),('2017-05-08','Psychology',408,1,340),('2003-04-01','Physics',410,1,238),('2021-12-03','Nursing',411,2,201),('2003-10-30','Sociology',413,1,48),('2010-06-04','Graphic Design',415,2,107),('2008-03-15','Sociology',422,1,277),('2016-08-13','Biology',423,2,15),('2004-11-04','Mechanical Engineering',428,2,16),('2012-08-06','Economics',430,2,112),('2015-08-13','Psychology',435,1,303),('2017-07-31','English Literature',436,1,136),('2020-08-07','Psychology',437,2,249),('2004-01-26','Economics',438,2,210),('2012-05-11','Accounting',440,2,285),('2004-02-24','English Literature',441,2,282),('2020-08-26','Nursing',442,2,348),('2008-11-20','Biology',443,1,394),('2008-08-12','Psychology',445,2,232),('2007-03-27','Psychology',446,1,202),('2018-09-09','Psychology',447,1,145),('2014-03-23','Psychology',455,1,365),('2021-01-23','Business Administration',456,2,60),('2017-09-14','Sociology',458,2,213),('2011-09-24','Graphic Design',463,1,356),('2010-05-05','Environmental Science',465,1,197),('2005-12-29','Mechanical Engineering',466,2,126),('2001-01-20','Nursing',467,1,267),('2014-10-26','Political Science',469,1,26),('2006-06-02','Economics',470,2,25),('2022-08-28','Graphic Design',471,1,397),('2002-01-15','Psychology',474,1,18),('2019-07-27','Physics',475,2,174),('2015-10-15','English Literature',477,2,32),('2023-01-25','Mechanical Engineering',478,2,99),('2012-04-26','Environmental Science',481,1,193),('2021-02-07','Mechanical Engineering',483,2,34),('2013-05-04','Economics',484,1,255),('2020-04-14','Business Administration',488,2,149),('2003-04-03','Economics',489,1,242),('2019-03-16','History',490,1,208),('2001-06-09','English Literature',491,2,58),('2019-06-15','Nursing',495,1,254),('2019-10-29','Graphic Design',496,1,207),('2019-03-15','Computer Science',498,1,82),('2013-05-03','English Literature',506,2,173),('2011-08-24','English Literature',507,1,334),('2008-04-01','Physics',508,2,198),('2017-04-02','Accounting',510,1,174),('2016-01-27','Psychology',511,2,147),('2006-10-25','Economics',523,1,57),('2014-12-17','History',526,1,68),('2003-07-27','Sociology',527,2,227),('2009-10-24','Biology',529,1,314),('2000-10-10','History',531,2,70),('2012-04-01','Biology',545,2,43),('2004-12-26','Computer Science',548,2,308),('2003-03-19','English Literature',551,1,30),('2020-07-05','Computer Science',553,1,385),('2015-08-31','Psychology',556,1,49),('2022-07-14','History',562,2,387),('2012-01-30','Environmental Science',563,1,327),('2017-11-15','Nursing',565,1,274),('2018-03-15','Graphic Design',566,1,126),('2023-07-25','Political Science',568,1,126),('2020-02-29','Graphic Design',572,2,291),('2021-08-07','Nursing',576,2,141),('2006-11-04','Biology',584,2,124),('2003-01-28','Sociology',585,2,400),('2000-03-13','Computer Science',592,2,386),('2000-07-07','Graphic Design',593,2,231),('2021-07-11','Biology',594,2,39),('2008-01-19','Business Administration',595,2,341),('2017-05-04','Political Science',599,2,129),('2011-03-20','English Literature',605,2,103),('2016-12-31','Computer Science',606,1,90),('2004-10-08','Psychology',610,1,321),('2022-01-13','Psychology',613,2,231),('2021-06-07','Accounting',614,2,343),('2010-10-12','History',616,2,246),('2005-07-28','Computer Science',617,1,190),('2003-04-22','Physics',619,1,174),('2018-11-14','Accounting',623,1,143),('2021-08-28','Economics',626,1,320),('2004-09-21','Accounting',638,1,356),('2011-05-02','Biology',639,1,4),('2000-03-25','Environmental Science',644,1,49),('2007-01-22','Accounting',645,2,370),('2014-07-29','Environmental Science',646,1,242),('2012-02-23','Biology',649,2,92),('2020-04-23','English Literature',650,1,305),('2020-10-02','Computer Science',651,1,127),('2021-11-16','Political Science',654,1,249),('2017-04-19','Environmental Science',657,1,188),('2012-05-18','Accounting',661,1,197),('2008-09-03','Psychology',662,1,4),('2004-04-21','Physics',665,2,366),('2012-08-15','Political Science',666,2,46),('2009-06-07','Accounting',672,2,383),('2020-06-23','Nursing',673,2,147),('2019-09-03','Political Science',676,2,13),('2003-10-15','Biology',677,1,328),('2012-08-05','Mechanical Engineering',678,1,182),('2004-05-01','Economics',685,2,295),('2019-03-10','Accounting',687,2,187),('2010-12-05','Nursing',688,2,170),('2005-01-27','Sociology',692,1,382),('2004-11-12','Physics',695,2,38),('2023-05-28','Mechanical Engineering',698,2,268),('2013-11-05','Environmental Science',700,2,195),('2000-03-02','Mechanical Engineering',701,1,196),('2010-07-01','Physics',704,1,191),('2006-08-26','Political Science',705,2,108),('2003-10-25','Economics',706,2,116),('2011-12-26','Graphic Design',712,2,384),('2006-08-24','Biology',714,1,28),('2015-03-09','Economics',715,1,193),('2002-02-11','Psychology',719,1,10),('2000-04-23','Computer Science',723,2,145),('2003-09-21','Accounting',730,1,325),('2020-06-27','Environmental Science',734,1,87),('2020-05-21','Mechanical Engineering',736,2,253),('2002-11-22','Business Administration',738,2,165),('2004-02-29','Business Administration',739,2,365),('2010-01-27','Graphic Design',740,1,28),('2015-04-16','Accounting',745,2,167),('2022-08-16','Economics',746,2,282),('2016-06-04','Economics',750,1,148),('2010-03-08','Biology',751,2,206),('2019-10-12','Physics',754,1,355),('2021-10-07','Accounting',758,1,39),('2023-08-09','Accounting',760,1,351),('2000-04-09','Biology',765,2,287),('2023-06-26','Sociology',774,2,264),('2015-02-09','Psychology',775,1,247),('2008-01-05','Psychology',776,2,339),('2001-05-10','Computer Science',778,2,251),('2013-09-24','Business Administration',784,1,250),('2005-03-04','English Literature',785,1,124),('2005-02-02','Business Administration',787,2,394),('2019-06-16','Mechanical Engineering',792,2,182),('2002-12-24','Business Administration',793,2,174),('2012-04-30','Biology',795,2,149),('2014-05-31','Computer Science',797,2,169),('2016-08-06','Environmental Science',801,1,326),('2009-07-06','Business Administration',802,1,125),('2007-06-29','Biology',805,1,84),('2007-12-27','Economics',806,2,342),('2001-01-25','Graphic Design',807,2,378),('2000-02-17','Political Science',809,2,361),('2012-09-11','Computer Science',812,2,186),('2018-04-22','Business Administration',814,1,233),('2005-04-10','Sociology',825,1,136),('2005-05-05','Sociology',826,1,37),('2012-12-12','Business Administration',829,1,38),('2018-07-18','Sociology',831,2,280),('2008-03-18','Political Science',833,2,158),('2015-01-03','Sociology',839,2,141),('2016-11-30','Graphic Design',849,2,83),('2013-04-01','Economics',850,1,311),('2001-12-25','Graphic Design',853,1,266),('2006-08-31','Mechanical Engineering',854,1,149),('2020-02-10','Political Science',859,2,231),('2004-08-21','Psychology',861,2,341),('2016-10-28','Nursing',864,2,176),('2009-05-09','Computer Science',879,2,375),('2019-08-05','Mechanical Engineering',880,2,194),('2017-01-14','Physics',882,1,210),('2022-07-30','Environmental Science',885,2,152),('2005-01-19','Nursing',886,1,135),('2007-06-11','Sociology',887,2,386),('2020-12-09','Biology',892,2,207),('2016-06-09','Mechanical Engineering',894,1,77),('2018-09-12','Political Science',899,1,42),('2021-06-01','Business Administration',902,1,16),('2013-03-16','Environmental Science',905,1,131),('2019-04-25','Economics',912,2,386),('2005-05-12','Sociology',913,1,138),('2010-09-27','Environmental Science',918,1,116),('2013-05-26','Accounting',919,1,50),('2006-02-05','Physics',920,1,57),('2020-04-10','Sociology',921,2,7),('2004-08-18','Environmental Science',924,1,54),('2000-11-06','Psychology',925,2,50),('2021-12-03','Environmental Science',930,2,387),('2013-11-23','Environmental Science',932,2,122),('2002-09-11','Environmental Science',934,1,370),('2003-04-10','Nursing',936,1,93),('2019-04-15','Sociology',937,1,98),('2009-01-27','Physics',940,2,138),('2022-02-01','Business Administration',941,1,130),('2023-05-03','Political Science',942,1,90),('2000-06-03','Psychology',943,2,94),('2021-05-08','Psychology',952,1,183),('2020-12-27','Biology',955,2,47),('2022-07-11','Accounting',964,1,360),('2007-11-24','Mechanical Engineering',987,2,183),('2011-10-31','Psychology',988,1,166),('2007-05-03','Psychology',991,1,198),('2002-03-14','Graphic Design',996,2,118),('2004-11-19','Computer Science',1002,2,114),('2009-02-16','English Literature',1007,1,144),('2005-03-04','Graphic Design',1009,2,78),('2019-02-11','Sociology',1011,2,238),('2006-06-12','Economics',1012,1,36),('2009-04-14','Environmental Science',1015,2,200),('2010-04-13','Computer Science',1018,2,338),('2017-06-15','English Literature',1020,1,215),('2001-05-14','Graphic Design',1025,2,328),('2018-06-21','English Literature',1028,2,219),('2004-02-06','Psychology',1031,2,255),('2004-02-27','Psychology',1035,2,87),('2008-07-18','Computer Science',1036,2,271),('2016-08-08','English Literature',1040,2,75),('2002-02-13','Physics',1042,1,272),('2001-11-08','Political Science',1047,1,382),('2006-12-10','Economics',1048,1,337),('2005-02-17','Nursing',1052,2,145),('2005-06-09','Mechanical Engineering',1055,1,391),('2021-12-02','Graphic Design',1059,2,231),('2017-08-15','Mechanical Engineering',1071,2,9),('2019-12-28','Psychology',1074,1,204),('2000-08-05','Psychology',1075,1,191),('2021-03-21','Political Science',1080,2,275),('2008-03-07','History',1081,1,288),('2019-08-05','Mechanical Engineering',1082,2,150),('2005-08-04','Graphic Design',1084,1,302),('2017-03-06','Sociology',1089,2,72),('2002-12-02','Nursing',1091,2,57),('2000-06-27','Physics',1093,1,323),('2016-06-18','Psychology',1094,2,349),('2010-01-11','History',1099,1,330),('2009-05-26','Nursing',1102,1,105),('2006-10-21','English Literature',1103,1,321),('2017-01-03','Computer Science',1107,1,256),('2016-10-22','Economics',1108,1,9),('2003-01-11','Nursing',1110,2,234),('2016-02-08','Physics',1113,1,68),('2022-04-18','Graphic Design',1116,1,2),('2013-09-05','Psychology',1118,2,295),('2005-12-25','Computer Science',1120,2,111),('2021-02-07','Physics',1122,1,208),('2008-01-23','Economics',1124,2,149),('2007-11-18','Economics',1125,1,183),('2012-08-10','History',1127,1,208),('2017-08-28','English Literature',1129,2,110),('2011-08-31','Physics',1131,2,27),('2008-07-04','Sociology',1132,2,320),('2010-11-13','Mechanical Engineering',1142,2,113),('2016-04-20','History',1143,2,116),('2023-06-29','Economics',1148,1,323),('2010-12-12','Graphic Design',1149,1,282),('2002-08-14','Environmental Science',1159,2,397),('2023-05-21','Nursing',1161,2,304),('2008-03-16','Sociology',1162,1,248),('2002-09-24','Political Science',1168,2,143),('2017-10-01','Nursing',1170,1,315),('2017-12-14','English Literature',1179,2,349),('2012-12-06','Computer Science',1180,2,348),('2021-09-16','Physics',1181,2,185),('2004-12-22','Physics',1182,1,83),('2021-03-02','Physics',1183,2,94),('2004-03-30','Nursing',1189,2,191),('2000-07-13','Graphic Design',1190,2,191),('2003-06-12','Biology',1194,1,58),('2008-10-08','Graphic Design',1196,1,101),('2007-05-20','Nursing',1198,2,290),('2009-04-06','English Literature',1199,2,68);
/*!40000 ALTER TABLE `student` ENABLE KEYS */;
UNLOCK TABLES;

--
-- Table structure for table `worker`
--

DROP TABLE IF EXISTS `worker`;
/*!40101 SET @saved_cs_client     = @@character_set_client */;
/*!50503 SET character_set_client = utf8mb4 */;
CREATE TABLE `worker` (
  `HireDate` date NOT NULL,
  `ID` int NOT NULL,
  PRIMARY KEY (`ID`),
  CONSTRAINT `worker_ibfk_1` FOREIGN KEY (`ID`) REFERENCES `person` (`ID`)
) ENGINE=InnoDB DEFAULT CHARSET=utf8mb4 COLLATE=utf8mb4_0900_ai_ci;
/*!40101 SET character_set_client = @saved_cs_client */;

--
-- Dumping data for table `worker`
--

LOCK TABLES `worker` WRITE;
/*!40000 ALTER TABLE `worker` DISABLE KEYS */;
INSERT INTO `worker` VALUES ('2007-05-20',1),('2004-05-13',2),('2000-04-07',3),('2016-08-29',5),('2007-07-25',6),('2012-01-12',7),('2019-08-10',8),('2003-12-17',9),('2005-06-27',10),('2021-04-13',11),('2008-01-18',12),('2006-07-31',13),('2019-07-08',14),('2014-02-10',15),('2020-06-02',22),('2001-11-16',23),('2016-03-20',25),('2016-01-25',26),('2016-07-12',28),('2016-11-21',29),('2019-09-27',30),('2015-03-21',31),('2001-09-22',33),('2019-12-06',35),('2014-04-27',36),('2000-03-08',37),('2016-01-27',38),('2007-02-14',39),('2015-11-12',40),('2020-02-13',41),('2022-01-06',42),('2007-09-02',43),('2022-09-25',45),('2015-06-27',46),('2021-07-27',47),('2017-01-21',49),('2009-04-16',50),('2000-08-16',53),('2018-11-21',54),('2001-08-18',55),('2021-12-29',56),('2006-03-23',58),('2018-10-29',59),('2023-06-01',61),('2016-07-27',63),('2013-04-19',64),('2013-04-29',65),('2013-02-27',66),('2004-02-03',67),('2013-01-24',69),('2023-08-25',70),('2016-02-04',71),('2015-10-01',74),('2015-06-14',75),('2013-12-28',77),('2007-12-03',78),('2012-10-13',79),('2000-11-29',80),('2003-07-21',81),('2007-02-07',82),('2019-03-26',83),('2001-07-19',84),('2005-11-17',85),('2012-05-03',86),('2004-11-27',87),('2012-03-04',88),('2023-05-15',89),('2010-06-10',90),('2002-01-21',91),('2020-05-17',92),('2010-05-03',94),('2022-12-05',95),('2007-08-19',96),('2001-03-06',98),('2010-05-30',99),('2004-04-24',102),('2003-07-29',105),('2012-06-07',106),('2013-11-09',107),('2023-03-04',108),('2020-11-25',110),('2012-05-15',111),('2008-02-10',112),('2005-08-06',113),('2021-05-29',118),('2019-11-18',119),('2015-11-21',120),('2013-09-09',121),('2002-11-05',123),('2001-09-18',124),('2007-08-31',125),('2007-10-18',126),('2020-10-16',127),('2014-09-30',129),('2002-12-25',130),('2009-11-12',131),('2001-10-24',132),('2003-12-11',134),('2011-01-25',136),('2023-01-26',137),('2001-09-28',140),('2010-05-09',141),('2021-05-22',142),('2012-04-18',143),('2023-02-11',145),('2008-04-12',148),('2014-04-16',151),('2023-05-08',152),('2006-05-19',153),('2016-04-28',155),('2009-01-15',156),('2014-07-27',162),('2001-05-16',163),('2011-02-21',164),('2014-01-26',165),('2010-09-12',166),('2010-10-26',168),('2010-02-01',172),('2006-04-03',176),('2013-10-20',184),('2002-02-26',185),('2008-05-25',187),('2000-12-20',188),('2015-08-03',191),('2012-03-31',192),('2006-09-10',193),('2006-10-19',194),('2002-04-28',195),('2013-02-27',196),('2011-03-01',199),('2004-09-03',202),('2013-03-04',205),('2021-06-07',206),('2008-06-29',207),('2010-09-08',209),('2016-09-01',210),('2020-04-30',211),('2002-09-29',212),('2008-08-09',213),('2004-01-05',214),('2005-10-01',215),('2012-01-23',216),('2014-08-28',217),('2000-03-04',218),('2021-02-27',219),('2015-07-18',220),('2014-07-26',223),('2000-01-24',225),('2009-07-23',226),('2016-06-18',228),('2004-01-21',231),('2022-06-02',235),('2010-11-30',236),('2009-10-05',238),('2006-01-02',239),('2009-06-17',240),('2019-10-30',242),('2010-09-18',244),('2015-10-14',245),('2012-01-24',246),('2015-02-11',247),('2001-04-10',248),('2020-11-29',249),('2009-07-11',250),('2014-07-22',251),('2016-03-02',252),('2002-08-04',254),('2006-03-03',255),('2004-08-17',257),('2006-04-18',259),('2009-10-20',261),('2000-04-13',262),('2018-02-09',265),('2015-08-15',266),('2014-12-01',271),('2019-05-03',272),('2008-04-09',273),('2022-09-26',274),('2000-09-01',275),('2017-05-27',276),('2007-01-01',277),('2000-03-01',278),('2002-04-09',280),('2011-07-20',281),('2021-02-19',282),('2019-08-11',284),('2014-03-30',285),('2018-03-25',287),('2008-05-26',288),('2020-01-29',289),('2015-07-07',291),('2021-12-15',292),('2001-06-22',293),('2007-04-05',294),('2018-11-19',295),('2017-02-28',298),('2012-02-28',299),('2006-07-22',300),('2023-08-10',301),('2008-10-21',302),('2004-03-20',303),('2017-10-21',304),('2014-04-03',305),('2021-12-09',306),('2008-09-02',307),('2023-02-07',308),('2018-02-02',310),('2016-03-14',312),('2012-03-12',313),('2014-06-12',314),('2003-06-06',315),('2023-07-02',316),('2008-07-13',318),('2012-07-27',319),('2016-10-16',320),('2008-06-25',322),('2018-07-22',323),('2015-12-13',324),('2010-07-23',325),('2008-12-14',327),('2006-09-01',329),('2023-11-11',330),('2018-06-21',331),('2007-08-16',332),('2016-01-31',334),('2010-04-30',336),('2005-03-25',338),('2011-11-03',339),('2014-11-30',340),('2017-09-23',342),('2004-05-28',343),('2009-11-09',345),('2014-11-15',346),('2010-06-18',348),('2013-10-26',349),('2012-10-28',350),('2012-06-16',351),('2021-04-18',354),('2011-10-07',358),('2000-07-02',359),('2005-01-16',360),('2005-03-15',361),('2018-09-14',362),('2019-07-19',365),('2003-08-13',368),('2011-03-10',370),('2001-11-23',374),('2021-11-29',375),('2014-09-11',376),('2006-04-06',378),('2016-08-17',379),('2013-05-04',380),('2018-03-19',381),('2012-02-28',382),('2007-05-07',383),('2014-10-10',384),('2019-04-04',385),('2008-08-25',387),('2003-03-31',389),('2003-12-23',390),('2005-12-04',392),('2021-05-08',393),('2008-05-16',394),('2004-06-08',395),('2018-04-25',396),('2022-11-13',397),('2022-09-14',398),('2014-02-12',399),('2014-08-18',401),('2004-10-29',402),('2009-12-17',404),('2020-08-17',405),('2005-06-09',406),('2001-09-28',407),('2011-12-23',409),('2014-03-20',412),('2020-11-30',414),('2022-04-06',416),('2010-04-03',417),('2006-09-05',418),('2014-04-03',419),('2016-02-14',420),('2014-06-02',421),('2003-10-14',424),('2020-02-18',425),('2008-11-06',426),('2014-01-31',427),('2023-11-06',429),('2005-02-19',431),('2020-06-21',432),('2017-05-09',433),('2013-09-18',434),('2004-07-08',439),('2018-11-04',444),('2004-03-07',448),('2008-11-09',449),('2018-04-28',450),('2005-02-02',451),('2015-03-02',452),('2008-01-14',453),('2015-09-17',454),('2009-11-11',457),('2022-04-01',459),('2009-09-06',460),('2012-06-06',461),('2018-12-21',462),('2009-08-20',464),('2004-08-13',468),('2010-02-03',472),('2003-05-17',473),('2011-03-14',476),('2002-10-24',479),('2018-10-28',480),('2013-11-07',482),('2006-11-02',485),('2014-01-01',486),('2009-03-14',487),('2011-08-04',492),('2007-11-14',493),('2018-08-16',494),('2023-07-31',497),('2018-09-26',499),('2012-09-05',500),('2000-04-05',501),('2016-11-03',502),('2018-06-04',503),('2011-09-21',504),('2014-09-05',505),('2005-04-25',509),('2002-04-25',512),('2022-09-05',513),('2021-03-01',514),('2002-08-07',515),('2023-12-01',516),('2002-04-01',517),('2012-05-29',518),('2002-03-01',519),('2008-04-27',520),('2018-02-27',521),('2015-03-12',522),('2022-12-05',524),('2020-07-29',525),('2018-09-18',528),('2001-08-15',530),('2011-08-28',532),('2005-05-15',533),('2018-03-16',534),('2017-12-06',535),('2020-11-12',536),('2017-11-06',537),('2021-05-31',538),('2002-09-06',539),('2000-09-02',540),('2018-10-01',541),('2009-08-04',542),('2010-02-26',543),('2018-09-13',544),('2009-06-03',546),('2011-07-14',547),('2002-12-05',549),('2001-02-28',550),('2001-03-10',552),('2014-07-04',554),('2009-10-26',555),('2019-01-23',557),('2014-01-04',558),('2005-11-19',559),('2001-12-22',560),('2021-12-18',561),('2023-01-06',564),('2023-09-22',567),('2020-06-30',569),('2007-08-24',570),('2021-05-07',571),('2015-02-16',573),('2001-03-17',574),('2014-05-18',575),('2004-11-10',577),('2011-02-18',578),('2006-08-01',579),('2022-09-12',580),('2019-01-09',581),('2005-07-08',582),('2012-03-18',583),('2010-07-03',586),('2001-02-28',587),('2020-12-16',588),('2023-09-21',589),('2002-01-03',590),('2019-02-15',591),('2018-03-28',596),('2016-04-06',597),('2017-01-03',598),('2014-03-27',600),('2002-10-02',601),('2002-07-08',602),('2001-09-23',603),('2023-11-02',604),('2015-12-29',607),('2008-09-06',608),('2012-06-26',609),('2004-05-28',611),('2002-03-04',612),('2012-10-28',615),('2006-10-22',618),('2007-12-16',620),('2018-09-26',621),('2020-04-11',622),('2020-10-23',624),('2002-01-05',625),('2000-05-31',627),('2004-01-02',628),('2009-03-04',629),('2015-12-15',630),('2014-05-18',631),('2003-07-07',632),('2018-02-15',633),('2021-04-05',634),('2005-02-27',635),('2007-06-01',636),('2011-08-31',637),('2021-10-26',640),('2016-04-10',641),('2022-11-28',642),('2022-10-16',643),('2023-11-03',647),('2009-11-28',648),('2015-01-20',652),('2012-05-02',653),('2018-10-04',655),('2007-02-28',656),('2007-07-18',658),('2006-07-24',659),('2014-06-25',660),('2000-08-05',663),('2022-01-07',664),('2008-07-08',667),('2012-09-14',668),('2001-04-27',669),('2023-02-24',670),('2007-10-12',671),('2018-08-14',674),('2017-01-14',675),('2020-04-04',679),('2010-11-06',680),('2017-05-06',681),('2020-08-29',682),('2013-02-11',683),('2004-10-12',684),('2018-08-12',686),('2019-04-28',689),('2005-06-12',690),('2021-03-01',691),('2021-12-15',693),('2012-09-12',694),('2022-09-16',696),('2015-06-26',697),('2015-02-28',699),('2017-08-28',702),('2012-12-14',703),('2005-11-15',707),('2002-06-07',708),('2001-12-14',709),('2003-04-13',710),('2002-07-26',711),('2001-07-04',713),('2011-11-24',716),('2002-11-13',717),('2018-03-31',718),('2006-04-08',720),('2013-02-17',721),('2010-03-23',722),('2020-03-05',724),('2023-08-07',725),('2002-08-27',726),('2022-05-12',727),('2010-03-25',728),('2007-03-11',729),('2005-07-03',731),('2019-08-08',732),('2003-12-26',733),('2012-08-28',735),('2002-07-29',737),('2002-01-08',741),('2018-10-07',742),('2007-03-26',743),('2007-08-06',744),('2000-01-10',747),('2002-10-27',748),('2001-10-22',749),('2002-06-01',752),('2012-08-20',753),('2002-09-18',755),('2020-10-01',756),('2013-12-15',757),('2020-03-18',759),('2021-05-20',761),('2000-10-23',762),('2011-08-17',763),('2015-03-19',764),('2012-01-19',766),('2000-03-22',767),('2001-09-13',768),('2020-06-05',769),('2010-03-13',770),('2006-06-26',771),('2005-02-17',772),('2003-03-22',773),('2011-03-07',777),('2015-09-26',779),('2020-03-18',780),('2015-04-03',781),('2003-12-10',782),('2012-10-13',783),('2015-08-15',786),('2023-04-19',788),('2017-09-15',789),('2014-05-18',790),('2011-10-14',791),('2011-09-07',794),('2001-11-01',796),('2006-04-30',798),('2020-02-04',799),('2008-04-28',800),('2023-10-19',803),('2002-01-28',804),('2014-12-29',808),('2022-04-12',810),('2020-04-18',811),('2003-11-26',813),('2000-09-08',815),('2018-01-09',816),('2001-10-08',817),('2019-12-31',818),('2020-02-27',819),('2006-12-12',820),('2022-11-03',821),('2013-12-09',822),('2018-09-04',823),('2016-10-04',824),('2017-06-25',827),('2018-06-22',828),('2003-02-02',830),('2001-06-02',832),('2004-09-14',834),('2012-09-22',835),('2013-04-07',836),('2001-12-09',837),('2000-12-16',838),('2002-06-15',840),('2020-03-23',841),('2001-05-12',842),('2014-02-24',843),('2012-12-31',844),('2006-01-09',845),('2009-12-29',846),('2018-01-29',847),('2020-01-16',848),('2015-09-16',851),('2017-04-23',852),('2006-06-29',855),('2023-03-02',856),('2003-06-01',857),('2008-04-01',858),('2004-02-03',860),('2010-07-23',862),('2008-02-26',863),('2000-07-14',865),('2019-07-28',866),('2018-01-31',867),('2021-03-06',868),('2020-10-30',869),('2004-03-12',870),('2005-08-08',871),('2005-11-07',872),('2005-08-08',873),('2014-03-02',874),('2014-04-17',875),('2002-07-26',876),('2017-04-14',877),('2020-06-08',878),('2008-02-01',881),('2023-10-04',883),('2007-06-08',884),('2009-11-15',888),('2000-06-02',889),('2005-02-04',890),('2009-01-11',891),('2001-10-07',893),('2008-01-22',895),('2007-04-21',896),('2018-12-06',897),('2012-10-24',898),('2009-06-15',900),('2008-12-04',901),('2002-09-16',903),('2021-08-29',904),('2000-12-23',906),('2002-03-26',907),('2008-10-07',908),('2011-02-24',909),('2009-03-05',910),('2019-05-07',911),('2020-05-07',914),('2007-01-08',915),('2008-05-29',916),('2017-12-07',917),('2018-08-14',922),('2004-02-18',923),('2023-11-11',926),('2005-08-09',927),('2017-09-02',928),('2015-12-28',929),('2013-10-29',931),('2011-05-01',933),('2008-01-09',935),('2003-04-03',938),('2001-02-21',939),('2002-07-20',944),('2003-07-25',945),('2019-12-17',946),('2017-06-11',947),('2008-11-07',948),('2015-10-29',949),('2018-03-15',950),('2014-11-14',951),('2021-05-23',953),('2008-03-01',954),('2021-09-18',956),('2004-06-17',957),('2012-07-26',958),('2018-08-26',959),('2017-12-05',960),('2009-10-17',961),('2001-01-10',962),('2006-12-04',963),('2006-07-16',965),('2011-01-30',966),('2003-04-23',967),('2012-11-22',968),('2013-12-25',969),('2000-01-08',970),('2023-08-24',971),('2011-07-22',972),('2006-02-23',973),('2020-09-03',974),('2016-05-28',975),('2008-03-30',976),('2012-11-18',977),('2021-01-30',978),('2003-03-05',979),('2016-04-10',980),('2015-03-30',981),('2007-11-29',982),('2001-05-14',983),('2019-11-07',984),('2005-09-26',985),('2011-02-06',986),('2014-06-04',989),('2000-04-27',990),('2004-08-23',992),('2004-06-21',993),('2008-03-29',994),('2010-06-24',995),('2017-08-03',997),('2001-05-24',998),('2021-03-09',999),('2007-09-22',1000),('2020-06-01',1001),('2017-01-19',1003),('2022-03-09',1004),('2005-12-09',1005),('2012-05-30',1006),('2013-10-10',1008),('2003-12-22',1010),('2011-02-01',1013),('2006-06-30',1014),('2013-04-15',1016),('2009-02-20',1017),('2013-02-07',1019),('2007-09-23',1021),('2023-04-30',1022),('2004-04-29',1023),('2012-12-05',1024),('2021-04-15',1026),('2019-12-17',1027),('2018-09-03',1029),('2007-01-31',1030),('2004-10-02',1032),('2018-10-25',1033),('2011-06-25',1034),('2018-06-24',1037),('2016-04-14',1038),('2014-08-22',1039),('2005-08-22',1041),('2003-05-17',1043),('2010-02-11',1044),('2017-02-23',1045),('2010-12-25',1046),('2008-10-09',1049),('2003-02-09',1050),('2019-07-09',1051),('2012-08-19',1053),('2004-11-18',1054),('2006-10-17',1056),('2014-07-17',1057),('2016-09-02',1058),('2006-02-23',1060),('2004-01-13',1061),('2017-07-01',1062),('2016-09-06',1063),('2007-04-08',1064),('2007-11-01',1065),('2012-07-16',1066),('2015-11-04',1067),('2010-06-01',1068),('2014-09-29',1069),('2007-12-31',1070),('2011-03-03',1072),('2008-08-14',1073),('2020-12-19',1076),('2020-06-09',1077),('2023-11-06',1078),('2017-08-30',1079),('2023-03-26',1083),('2008-11-30',1085),('2023-11-27',1086),('2014-10-05',1087),('2012-07-09',1088),('2006-05-15',1090),('2006-07-09',1092),('2019-05-07',1095),('2003-12-11',1096),('2000-01-08',1097),('2007-09-21',1098),('2007-12-19',1100),('2017-09-26',1101),('2012-04-03',1104),('2016-08-13',1105),('2007-08-12',1106),('2005-09-15',1109),('2013-09-07',1111),('2022-12-11',1112),('2016-04-10',1114),('2016-01-12',1115),('2000-06-27',1117),('2015-09-12',1119),('2004-07-19',1121),('2000-07-16',1123),('2016-04-04',1126),('2023-12-07',1128),('2003-09-02',1130),('2006-02-13',1133),('2006-04-26',1134),('2011-08-29',1135),('2012-09-28',1136),('2010-07-22',1137),('2012-05-19',1138),('2013-03-02',1139),('2014-04-18',1140),('2013-04-05',1141),('2010-06-18',1144),('2016-01-06',1145),('2019-03-13',1146),('2008-06-03',1147),('2022-06-25',1150),('2001-08-28',1151),('2021-03-03',1152),('2005-02-17',1153),('2013-04-11',1154),('2001-03-17',1155),('2021-08-15',1156),('2010-02-20',1157),('2010-01-09',1158),('2003-04-07',1160),('2004-06-22',1163),('2008-09-18',1164),('2001-08-08',1165),('2011-01-17',1166),('2020-10-05',1167),('2021-07-17',1169),('2013-11-20',1171),('2021-05-09',1172),('2009-04-19',1173),('2012-10-22',1174),('2019-07-15',1175),('2001-02-13',1176),('2013-08-17',1177),('2008-12-30',1178),('2009-10-06',1184),('2022-06-26',1185),('2000-06-17',1186),('2002-06-10',1187),('2001-07-30',1188),('2010-03-21',1191),('2014-05-03',1192),('2010-05-12',1193),('2000-11-06',1195),('2013-05-25',1197),('2011-11-04',1200);
/*!40000 ALTER TABLE `worker` ENABLE KEYS */;
UNLOCK TABLES;

--
-- Table structure for table `worksin`
--

DROP TABLE IF EXISTS `worksin`;
/*!40101 SET @saved_cs_client     = @@character_set_client */;
/*!50503 SET character_set_client = utf8mb4 */;
CREATE TABLE `worksin` (
  `ID` int NOT NULL,
  `BuildingID` int NOT NULL,
  PRIMARY KEY (`ID`,`BuildingID`),
  KEY `BuildingID` (`BuildingID`),
  CONSTRAINT `worksin_ibfk_1` FOREIGN KEY (`ID`) REFERENCES `worker` (`ID`),
  CONSTRAINT `worksin_ibfk_2` FOREIGN KEY (`BuildingID`) REFERENCES `building` (`BuildingID`)
) ENGINE=InnoDB DEFAULT CHARSET=utf8mb4 COLLATE=utf8mb4_0900_ai_ci;
/*!40101 SET character_set_client = @saved_cs_client */;

--
-- Dumping data for table `worksin`
--

LOCK TABLES `worksin` WRITE;
/*!40000 ALTER TABLE `worksin` DISABLE KEYS */;
INSERT INTO `worksin` VALUES (340,1),(1068,1),(538,2),(683,2),(815,2),(962,3),(64,4),(219,4),(313,5),(376,5),(11,6),(669,6),(851,6),(59,7),(217,8),(946,8),(960,8),(199,9),(1128,12),(1173,12),(870,13),(837,14),(131,15),(255,15),(81,16),(88,16),(741,16),(852,16),(963,16),(358,17),(558,17),(1038,18),(1044,18),(218,20),(534,20),(579,20),(624,20),(1184,21),(876,22),(788,23),(1062,23),(1095,23),(1104,23),(1135,23),(658,24),(393,25),(504,25),(718,25),(978,25),(999,25),(106,26),(202,26),(1126,26),(56,27),(433,28),(460,28),(628,28),(933,28),(108,29),(315,29),(1166,29),(608,30),(742,30),(848,30),(744,31),(791,31),(883,31),(277,32),(735,33),(129,34),(542,34),(570,34),(564,35),(914,35),(1019,35),(1112,35),(1119,35),(165,36),(524,36),(959,37),(1026,37),(80,38),(320,38),(798,38),(1130,38),(939,40),(176,41),(212,41),(245,41),(604,41),(1014,42),(1046,43),(7,44),(749,44),(929,44),(1029,44),(1169,44),(1016,46),(249,47),(399,47),(559,47),(43,48),(74,48),(550,48),(822,50),(846,50),(857,50),(1037,50),(1049,50),(1114,50),(223,51),(254,51),(194,52),(890,52),(214,53),(709,55),(1066,55),(205,56),(242,56),(1185,56),(652,57),(412,58),(1088,58),(130,59),(521,59),(1141,59),(387,60),(1197,61),(790,62),(976,62),(1086,62),(729,63),(1133,63),(67,64),(417,64),(143,65),(384,65),(1053,65),(748,66),(794,67),(869,67),(294,68),(803,68),(503,69),(696,69),(1111,69),(58,70),(536,71),(575,72),(816,72),(332,73),(769,73),(951,73),(956,73),(1163,74),(1054,75),(537,76),(633,76),(49,77),(172,77),(574,77),(647,77),(997,77),(54,78),(206,78),(378,78),(756,78),(993,78),(1056,78),(329,79),(1085,79),(532,80),(860,81),(91,82),(145,82),(323,82),(836,82),(487,83),(768,83),(844,83),(989,83),(1067,83),(310,84),(397,84),(581,84),(1022,84),(641,85),(682,85),(915,85),(990,85),(596,86),(954,86),(1076,86),(1177,86),(1050,87),(694,88),(881,88),(1137,88),(2,89),(105,89),(322,89),(586,89),(1072,89),(324,90),(711,90),(834,90),(110,91),(228,91),(336,91),(884,91),(980,91),(339,92),(611,92),(824,92),(512,93),(670,94),(419,95),(152,97),(153,98),(629,98),(1024,98),(292,99),(518,99),(540,99),(986,99),(1156,100),(587,101),(808,101),(1147,101),(782,103),(65,104),(389,105),(703,105),(124,106),(134,106),(721,106),(818,106),(680,107),(888,107),(911,107),(722,108),(1144,108),(246,109),(265,109),(621,110),(634,111),(970,111),(1158,112),(215,113),(726,113),(1200,113),(949,114),(77,115),(112,115),(273,116),(454,116),(819,116),(981,118),(346,119),(450,119),(85,120),(953,120),(291,121),(416,121),(501,121),(842,121),(127,122),(1032,122),(1123,122),(272,123),(555,123),(1010,123),(752,124),(900,124),(984,124),(1115,124),(1164,124),(896,125),(958,125),(1077,125),(461,127),(779,127),(975,127),(120,128),(125,128),(840,128),(348,129),(406,130),(1174,130),(513,131),(716,131),(867,131),(236,132),(247,132),(535,132),(1117,132),(142,133),(248,133),(444,133),(689,133),(567,134),(618,134),(967,134),(289,135),(1139,135),(195,136),(497,136),(274,137),(166,138),(771,138),(903,138),(92,139),(858,139),(971,139),(155,141),(693,141),(307,142),(308,142),(543,142),(827,142),(350,143),(777,143),(1152,143),(713,144),(773,144),(29,145),(84,145),(1154,145),(70,146),(126,146),(1101,146),(418,147),(1105,147),(30,148),(720,148),(1,149),(602,149),(1096,149),(299,150),(434,150),(1100,150),(800,151),(1058,151),(10,152),(188,152),(385,152),(240,153),(598,154),(1157,154),(359,155),(530,155),(453,157),(770,157),(55,158),(107,158),(479,158),(539,158),(549,158),(927,158),(209,159),(868,159),(935,159),(191,160),(632,160),(1145,160),(300,161),(316,161),(977,161),(499,162),(871,162),(66,163),(872,165),(895,166),(1051,166),(493,168),(476,169),(667,169),(1188,169),(306,170),(630,170),(1064,170),(448,171),(220,174),(382,175),(459,175),(910,175),(36,176),(83,176),(674,176),(796,176),(225,177),(717,177),(398,178),(502,178),(671,179),(732,179),(368,180),(275,183),(95,184),(582,184),(747,184),(338,185),(515,185),(820,185),(61,186),(22,187),(156,187),(615,187),(1063,187),(622,188),(708,188),(813,189),(1041,189),(1155,189),(431,191),(1060,191),(1023,192),(1138,195),(702,196),(878,197),(1027,197),(8,199),(362,199),(889,199),(196,201),(655,201),(664,201),(192,202),(404,202),(519,202),(620,202),(653,202),(90,204),(251,206),(168,207),(305,207),(561,207),(1069,207),(140,208),(31,209),(636,209),(1001,209),(1006,209),(53,210),(697,210),(395,211),(533,212),(187,213),(425,213),(588,213),(961,214),(1004,214),(1172,215),(591,216),(1030,216),(318,218),(1005,218),(1178,218),(457,219),(1153,219),(210,220),(998,220),(226,221),(141,223),(928,223),(992,223),(589,224),(804,224),(1008,224),(401,225),(1140,225),(663,226),(789,226),(841,226),(944,226),(250,227),(660,227),(123,228),(314,228),(345,228),(811,228),(974,228),(449,229),(541,230),(648,230),(707,230),(89,231),(261,231),(405,232),(891,232),(3,233),(285,233),(1090,233),(609,234),(950,234),(1160,234),(211,235),(213,235),(302,235),(948,235),(121,236),(421,237),(757,237),(762,237),(86,238),(642,238),(480,239),(494,239),(810,239),(1136,239),(520,240),(643,242),(945,242),(151,243),(238,243),(528,243),(5,244),(381,244),(424,244),(500,244),(601,244),(865,244),(823,245),(271,247),(354,247),(917,247),(23,248),(33,248),(38,251),(288,251),(684,251),(216,252),(985,252),(1097,252),(132,253),(994,253),(995,253),(766,254),(14,255),(901,255),(235,256),(1167,256),(597,257),(832,257),(904,257),(763,258),(835,258),(862,258),(767,259),(259,260),(1092,260),(349,261),(979,261),(282,262),(1165,262),(577,263),(983,263),(1171,263),(1121,264),(69,265),(96,265),(728,267),(514,268),(786,268),(71,269),(262,269),(1034,269),(102,270),(390,271),(505,271),(343,273),(1045,273),(360,274),(897,274),(244,275),(330,275),(98,276),(312,276),(15,277),(675,277),(1017,277),(1193,277),(394,279),(843,281),(162,282),(278,282),(118,283),(668,285),(681,285),(926,285),(1083,287),(1061,290),(298,291),(656,291),(725,291),(1087,291),(13,292),(906,292),(119,293),(486,293),(94,294),(580,295),(640,295),(755,295),(1191,296),(468,297),(1175,297),(845,298),(284,301),(35,302),(830,302),(1033,302),(1039,302),(50,304),(1192,304),(87,305),(26,307),(99,308),(351,308),(821,308),(207,309),(855,309),(295,310),(578,310),(1043,310),(40,311),(607,311),(724,312),(743,312),(828,312),(1195,313),(473,314),(164,315),(659,316),(509,318),(42,319),(303,320),(319,320),(396,320),(544,320),(627,320),(420,322),(573,322),(590,322),(25,323),(301,323),(432,323),(1176,324),(361,325),(571,325),(75,326),(231,326),(331,326),(1073,326),(9,327),(113,327),(370,327),(972,327),(686,328),(898,328),(47,329),(163,329),(12,330),(957,330),(252,331),(612,331),(733,331),(1109,331),(342,332),(727,332),(79,333),(365,333),(1098,333),(874,334),(552,335),(731,335),(1079,335),(1106,335),(557,336),(522,337),(1057,337),(1151,337),(185,338),(383,338),(409,338),(908,339),(931,339),(965,340),(193,341),(560,341),(603,341),(379,342),(699,342),(325,343),(462,343),(923,343),(407,344),(893,344),(780,345),(1146,345),(1013,346),(485,347),(916,347),(1000,347),(1021,347),(1134,347),(516,348),(554,348),(287,350),(710,350),(46,351),(1187,351),(625,353),(293,354),(184,355),(280,355),(304,355),(938,355),(136,356),(472,357),(759,357),(429,359),(334,360),(569,360),(1078,360),(239,361),(600,361),(39,362),(392,365),(452,365),(546,365),(78,366),(266,366),(427,366),(909,366),(426,367),(973,367),(637,368),(28,369),(753,369),(375,370),(482,370),(547,370),(866,370),(414,371),(863,371),(969,371),(327,372),(451,372),(783,372),(799,373),(41,374),(856,374),(525,375),(764,375),(1070,376),(1186,376),(402,378),(37,379),(111,379),(148,379),(439,379),(847,379),(772,380),(691,381),(968,381),(137,384),(781,384),(1065,384),(679,385),(761,386),(838,386),(873,387),(583,388),(817,389),(877,389),(966,391),(1150,391),(276,392),(281,392),(875,392),(635,393),(45,394),(464,394),(690,394),(947,394),(257,395),(492,395),(631,395),(922,395),(907,396),(374,397),(737,397),(6,398),(63,398),(82,398),(517,399),(982,399),(380,400),(1003,400);
/*!40000 ALTER TABLE `worksin` ENABLE KEYS */;
UNLOCK TABLES;
/*!40103 SET TIME_ZONE=@OLD_TIME_ZONE */;

/*!40101 SET SQL_MODE=@OLD_SQL_MODE */;
/*!40014 SET FOREIGN_KEY_CHECKS=@OLD_FOREIGN_KEY_CHECKS */;
/*!40014 SET UNIQUE_CHECKS=@OLD_UNIQUE_CHECKS */;
/*!40101 SET CHARACTER_SET_CLIENT=@OLD_CHARACTER_SET_CLIENT */;
/*!40101 SET CHARACTER_SET_RESULTS=@OLD_CHARACTER_SET_RESULTS */;
/*!40101 SET COLLATION_CONNECTION=@OLD_COLLATION_CONNECTION */;
/*!40111 SET SQL_NOTES=@OLD_SQL_NOTES */;

-- Dump completed on 2024-06-30 22:55:34
